sample_id,Nc,PR,T2,TIT,EGT,Wf,eta_c,eta_t,W_net,SFC,P_setting,T_amb,mode,degradation,fault_channel,fault_magnitude
0,84.0,20.0,1247.6564082163336,2448.0,1182.38317516307,15.66417760303565,0.8803047170797544,0.8989600158937595,213.14515295458597,73.4906582950688,0.6,491.66999999999996,normal,0.0,none,0.0
1,84.0,20.0,1247.2738152435381,2448.0,1179.5948243265295,15.669170343711375,0.8807504511958064,0.9009405647163913,216.16090517610905,72.48845636978389,0.6,491.66999999999996,normal,0.0,none,0.0
2,84.0,20.0,1249.5985755937372,2448.0,1182.7523116146972,15.638832814307897,0.8780489648113462,0.8986978204931377,211.69027675768098,73.87600911027887,0.6,491.66999999999996,normal,0.0,none,0.0
3,84.0,20.0,1247.8083365582083,2448.0,1181.3642428183311,15.662194976938965,0.8801278404031673,0.8996837574076565,214.0835817408538,73.15925326724918,0.6,491.66999999999996,normal,0.0,none,0.0
4,84.0,20.0,1247.932621918687,2448.0,1182.1199881122825,15.660573084696344,0.8799831988424958,0.8991469560724265,213.255158450387,73.4358465159459,0.6,491.66999999999996,normal,0.0,none,0.0
5,84.0,20.0,1247.163206823768,2448.0,1179.8239868772207,15.670613755367446,0.8808793979748628,0.900777791935429,215.99213331819834,72.5517800793309,0.6,491.66999999999996,normal,0.0,none,0.0
6,84.0,20.0,1247.861442446119,2448.0,1179.3320085137032,15.661501958651789,0.8800660306975612,0.9011272412069681,216.09724664064464,72.47432441698724,0.6,491.66999999999996,normal,0.0,none,0.0
7,84.0,20.0,1247.5166316357042,2448.0,1182.1287852236985,15.66600165174863,0.880467509342252,0.8991407075371168,213.47858700526376,73.3844170111654,0.6,491.66999999999996,normal,0.0,none,0.0
8,84.0,20.0,1247.6014214734525,2448.0,1182.2689949682297,15.664895166000285,0.8803687507840825,0.899041117399171,213.29047755287303,73.44394998654865,0.6,491.66999999999996,normal,0.0,none,0.0
9,84.0,20.0,1247.1640196043884,2448.0,1180.9893041484224,15.67060314878773,0.8808784503013073,0.8999500740890137,214.82006208266984,72.94757759988526,0.6,491.66999999999996,normal,0.0,none,0.0
10,84.0,20.0,1248.0770822750578,2448.0,1181.8776738210074,15.658687913905013,0.8798151376364547,0.8993190704555961,213.41781974624848,73.3710424580432,0.6,491.66999999999996,normal,0.0,none,0.0
11,84.0,20.0,1246.8690217931262,2448.0,1181.1365721438387,15.674452794955503,0.8812225413386741,0.8998454705179312,214.83678166983378,72.95981941790754,0.6,491.66999999999996,normal,0.0,none,0.0
12,84.0,20.0,1248.286455772424,2448.0,1181.4147725412158,15.655955643186392,0.8795716721778369,0.8996478664495118,213.76586833126527,73.23879983929389,0.6,491.66999999999996,normal,0.0,none,0.0
13,84.0,20.0,1247.4610076196643,2448.0,1180.4045181512242,15.666727530965389,0.8805323091855534,0.9003654440643641,215.2420567197422,72.78655375126985,0.6,491.66999999999996,normal,0.0,none,0.0
14,84.0,20.0,1247.5636582242857,2448.0,1180.3124760669925,15.665387966766556,0.880412732611596,0.9004308210030079,215.27728668034013,72.76841978237908,0.6,491.66999999999996,normal,0.0,none,0.0
15,84.0,20.0,1246.0821774671356,2448.0,1181.491193667073,15.68472091264499,0.8821416476008704,0.8995935849836154,214.9198195196655,72.97940668152204,0.6,491.66999999999996,normal,0.0,none,0.0
16,84.0,20.0,1248.3586471121287,2448.0,1182.0646994568147,15.655013564622992,0.8794877572709284,0.8991862272717521,213.07280802899834,73.47260173382804,0.6,491.66999999999996,normal,0.0,none,0.0
17,84.0,20.0,1247.3891974160974,2448.0,1179.32957137388,15.667664635799438,0.8806159794225755,0.9011289722927209,216.36336917804078,72.41366547082585,0.6,491.66999999999996,normal,0.0,none,0.0
18,84.0,20.0,1248.0161192254684,2448.0,1182.1018442860452,15.659483466147327,0.8798860525423451,0.8991598435230375,213.22675651350266,73.44051807661242,0.6,491.66999999999996,normal,0.0,none,0.0
19,84.0,20.0,1248.6273844836417,2448.0,1180.0030664563635,15.651506610493554,0.8791755187843088,0.9006505927878248,214.99451632911462,72.79956195038089,0.6,491.66999999999996,normal,0.0,none,0.0
20,84.0,20.0,1247.2799896867973,2448.0,1180.1543256842888,15.669089768802262,0.8807432541712035,0.9005431542683052,215.59469541768567,72.6784568537065,0.6,491.66999999999996,normal,0.0,none,0.0
21,84.0,20.0,1248.490537062625,2448.0,1180.5921626257993,15.653292434420964,0.8793344902927113,0.9002321613230667,214.47859080712118,72.9830067211596,0.6,491.66999999999996,normal,0.0,none,0.0
22,84.0,20.0,1247.8179198513196,2448.0,1180.6111304428634,15.662069917409056,0.8801166858091407,0.900218688596729,214.83506798595226,72.90276240391617,0.6,491.66999999999996,normal,0.0,none,0.0
23,84.0,20.0,1247.1700417305842,2448.0,1180.6042221032733,15.670524561577432,0.8808714287779482,0.9002235955487747,215.20374452394327,72.81715565053261,0.6,491.66999999999996,normal,0.0,none,0.0
24,84.0,20.0,1247.3351930140236,2448.0,1180.8238726746504,15.668369379467185,0.8806789135630719,0.9000675790694889,214.89075052398113,72.91318654368348,0.6,491.66999999999996,normal,0.0,none,0.0
25,84.0,20.0,1247.6698034005117,2448.0,1180.030244726825,15.664002799299931,0.88028911939869,0.9006312882258386,215.5018321534344,72.68616996326682,0.6,491.66999999999996,normal,0.0,none,0.0
26,84.0,20.0,1249.1725004296313,2448.0,1181.369069867545,15.644392986485665,0.8785428441801444,0.8996803287836427,213.31707410870234,73.33868164024028,0.6,491.66999999999996,normal,0.0,none,0.0
27,84.0,20.0,1248.3226248915535,2448.0,1181.818470593686,15.655483645410365,0.8795296273457072,0.8993611221517567,213.34018073575118,73.38272420797124,0.6,491.66999999999996,normal,0.0,none,0.0
28,84.0,20.0,1248.1547069389828,2448.0,1178.814335391177,15.65767493184686,0.8797248577487733,0.9014949413112344,216.4545266872562,72.33701771675034,0.6,491.66999999999996,normal,0.0,none,0.0
29,84.0,20.0,1248.6629878229976,2448.0,1179.5558071887665,15.651041995999215,0.8791341688843067,0.9009682783545915,215.42453762601895,72.6520858230631,0.6,491.66999999999996,normal,0.0,none,0.0
30,84.0,20.0,1249.3671668854656,2448.0,1181.3904889052749,15.641852638906508,0.8783171302283842,0.8996651149700142,213.18686703242338,73.37155827956117,0.6,491.66999999999996,normal,0.0,none,0.0
31,84.0,20.0,1247.7783434665553,2448.0,1180.0936915467846,15.662586379132248,0.880162753065105,0.9005862223313593,215.37742343282906,72.72157930711352,0.6,491.66999999999996,normal,0.0,none,0.0
32,84.0,20.0,1247.3074678967769,2448.0,1179.8020870721596,15.668731185173142,0.8807112265797928,0.9007933472352,215.9336160674544,72.56272307447705,0.6,491.66999999999996,normal,0.0,none,0.0
33,84.0,20.0,1248.2179868777303,2448.0,1181.569945251054,15.656849144792192,0.8796512749277515,0.8995376482073355,213.64821878954177,73.28331232293245,0.6,491.66999999999996,normal,0.0,none,0.0
34,84.0,20.0,1247.181580099186,2448.0,1181.1883462594521,15.670373988811214,0.8808579758812571,0.8998086956751185,214.6102469598511,73.01782748399148,0.6,491.66999999999996,normal,0.0,none,0.0
35,84.0,20.0,1249.0160650206817,2448.0,1182.514533600494,15.646434428657694,0.878724313676662,0.8988667127859965,212.25415540083196,73.71556236018154,0.6,491.66999999999996,normal,0.0,none,0.0
36,84.0,20.0,1248.7091620331175,2448.0,1180.2190784842987,15.650439434338578,0.8790805477139984,0.9004971607440538,214.73162668246562,72.8837185100901,0.6,491.66999999999996,normal,0.0,none,0.0
37,84.0,20.0,1247.795806166493,2448.0,1179.946902998445,15.662358495353697,0.8801424257360706,0.9006904853540678,215.51530055149948,72.67399787984438,0.6,491.66999999999996,normal,0.0,none,0.0
38,84.0,20.0,1248.2855308964251,2448.0,1180.695812147993,15.655967712582198,0.8795727473536634,0.9001585396910767,214.4888622031931,72.9919845336805,0.6,491.66999999999996,normal,0.0,none,0.0
39,84.0,20.0,1247.3809496480721,2448.0,1181.3545340881644,15.667772267067736,0.8806255903939674,0.8996906534602798,214.33195998169498,73.10049452450228,0.6,491.66999999999996,normal,0.0,none,0.0
40,84.0,20.0,1247.5258465535803,2448.0,1181.8509192605254,15.665881399421547,0.8804567752375574,0.8993380740589334,213.75246129783255,73.2898292927418,0.6,491.66999999999996,normal,0.0,none,0.0
41,84.0,20.0,1248.2303106044803,2448.0,1181.4564515420304,15.656688323302522,0.8796369461534349,0.8996182621060017,213.7553457319728,73.24583284543628,0.6,491.66999999999996,normal,0.0,none,0.0
42,84.0,20.0,1248.947253822549,2448.0,1180.2334222116947,15.64733239723603,0.878804160354411,0.9004869724807856,214.58426877248894,72.9192894089826,0.6,491.66999999999996,normal,0.0,none,0.0
43,84.0,20.0,1248.3217901386693,2448.0,1180.9014250009452,15.655494538722516,0.8795305976597972,0.9000124941187277,214.2619569076213,73.06707529733035,0.6,491.66999999999996,normal,0.0,none,0.0
44,84.0,20.0,1247.5052680922731,2448.0,1180.2903582208744,15.666149943090975,0.880480746658906,0.90044653117603,215.332127107266,72.75342585218138,0.6,491.66999999999996,normal,0.0,none,0.0
45,84.0,20.0,1247.3468012616631,2448.0,1181.057669606475,15.668217894797353,0.8806653851089727,0.8999015145154906,214.6493073703174,72.99449547147255,0.6,491.66999999999996,normal,0.0,none,0.0
46,84.0,20.0,1248.2821293616478,2448.0,1181.0312477670068,15.656012101743135,0.8795767016879559,0.8999202817890937,214.1536338342628,73.10645082893897,0.6,491.66999999999996,normal,0.0,none,0.0
47,84.0,20.0,1249.3710184318916,2448.0,1182.9563580644217,15.641802377208379,0.8783126655660419,0.8985528875275769,211.61257604006283,73.91716820387389,0.6,491.66999999999996,normal,0.0,none,0.0
48,84.0,20.0,1249.0565865288904,2448.0,1182.3230067262796,15.645905633314701,0.8786773003876456,0.8990027531723985,212.42378757022408,73.65420705598896,0.6,491.66999999999996,normal,0.0,none,0.0
49,84.0,20.0,1247.5747840346648,2448.0,1182.1938098382388,15.665242777779879,0.8803997742267234,0.8990945209446399,213.38083291565073,73.41447947188553,0.6,491.66999999999996,normal,0.0,none,0.0
50,84.0,20.0,1248.2433055620097,2448.0,1179.0898734332263,15.65651874242245,0.8796218374459606,0.9012992282977861,216.12771352962716,72.44105111155136,0.6,491.66999999999996,normal,0.0,none,0.0
51,84.0,20.0,1248.2244707967154,2448.0,1179.8806906757977,15.656764531303818,0.8796437360289385,0.9007375155684672,215.34255897500492,72.70631781208246,0.6,491.66999999999996,normal,0.0,none,0.0
52,84.0,20.0,1248.721361064073,2448.0,1181.208243982532,15.650280240097212,0.8790663823199901,0.8997945624421324,213.7305431170555,73.22435067937809,0.6,491.66999999999996,normal,0.0,none,0.0
53,84.0,20.0,1248.7354887640417,2448.0,1181.3963288053894,15.650095877217328,0.8790499779450894,0.8996609669240995,213.53368708132132,73.29099258824304,0.6,491.66999999999996,normal,0.0,none,0.0
54,84.0,20.0,1247.1967340208578,2448.0,1183.3508538046954,15.670176233999946,0.8808403081374574,0.8982726795768077,212.43078248489053,73.76603357902948,0.6,491.66999999999996,normal,0.0,none,0.0
55,84.0,20.0,1247.5450354705054,2448.0,1180.5843147777305,15.665630988951763,0.8804344236435458,0.9002377356023323,215.0143850089852,72.85852520191668,0.6,491.66999999999996,normal,0.0,none,0.0
56,84.0,20.0,1248.4291245469797,2448.0,1182.9548733016904,15.65409385208063,0.8794058500443032,0.8985539421456116,212.1399565806002,73.79135031609678,0.6,491.66999999999996,normal,0.0,none,0.0
57,84.0,20.0,1247.8562021165005,2448.0,1181.6644707826988,15.661570343616232,0.8800721295077139,0.8994705072909362,213.75526946825948,73.26869827619299,0.6,491.66999999999996,normal,0.0,none,0.0
58,84.0,20.0,1247.718280399471,2448.0,1180.8882501367125,15.6633701868325,0.8802326762113547,0.9000218521455234,214.61215750321065,109.50766757615611,0.6,491.66999999999996,normal,0.0,SFC,36.5231248127846
59,84.0,20.0,1246.5441587589949,2448.0,1181.255996139246,15.67869217466155,0.881601778891321,0.899760644372527,214.89816867880057,72.95870537685151,0.6,491.66999999999996,normal,0.0,none,0.0
60,84.0,20.0,1248.7987734115884,2448.0,1180.66661868111,15.649270028714032,0.8789765025073781,0.9001792756349564,214.23164673939436,73.0483580129076,0.6,491.66999999999996,normal,0.0,none,0.0
61,84.0,20.0,1247.7291712391593,2448.0,1179.0054586995232,15.663228064153389,0.8802199966839718,0.9013591875752405,216.49973396254313,72.3475626388682,0.6,491.66999999999996,normal,0.0,none,0.0
62,84.0,20.0,1247.2011915980413,2448.0,1180.4165878088813,15.67011806375506,0.8808351112459146,0.9003568710591495,215.37498579159933,72.75737247833297,0.6,491.66999999999996,normal,0.0,none,0.0
63,84.0,20.0,1246.6627478752314,2448.0,1182.592636247596,15.677144616952885,0.8814633028912195,0.8988112369456772,213.4896989050731,73.43279182722362,0.6,491.66999999999996,normal,0.0,none,0.0
64,84.0,20.0,1248.468368314922,2448.0,1182.2235114639607,15.653581730922097,0.8793602484672502,0.8990734240585945,212.85209527370523,73.54206079481271,0.6,491.66999999999996,normal,0.0,none,0.0
65,84.0,20.0,1248.253323633495,2448.0,1182.8572071121132,15.656388009145696,0.8796101901968443,0.8986233138524438,212.33611268610747,73.7339862310197,0.6,491.66999999999996,normal,0.0,none,0.0
66,84.0,20.0,1247.3727453259264,2448.0,1181.23187523892,15.667879331378389,0.8806351509468144,0.8997777773029012,214.45977646745058,73.05742638296728,0.6,491.66999999999996,normal,0.0,none,0.0
67,84.0,20.0,1249.1842704069422,2448.0,1182.3488161151188,15.644239391284888,0.8785291937054973,0.8989844209187925,212.3265879745037,73.68007718921879,0.6,491.66999999999996,normal,0.0,none,0.0
68,84.0,20.0,1247.6488538204171,2448.0,1179.7390436932985,15.664276185974844,0.8803135138474502,0.9008381265678944,215.80642494911592,72.58484630227417,0.6,491.66999999999996,normal,0.0,none,0.0
69,84.0,20.0,1246.2061313620804,2448.0,1176.8166820419208,15.68310334594301,0.8819967308916918,0.9029138624660074,219.555040388107,71.43130632856354,0.6,491.66999999999996,normal,0.0,none,0.0
70,84.0,20.0,1247.5622185626216,2448.0,1182.3121538854132,15.665406753983941,0.880414409433276,0.8990104618799681,213.26903808419928,73.45373193740006,0.6,491.66999999999996,normal,0.0,none,0.0
71,84.0,20.0,1249.7548559074264,2448.0,1180.542112730811,15.636793396089445,0.8778679537192687,0.9002677114623439,213.822993565278,73.12961592839963,0.6,491.66999999999996,normal,0.0,none,0.0
72,84.0,20.0,1248.6174487376004,2448.0,1181.5037831638235,15.65163626944427,0.8791870589046897,0.8995846427398203,213.4916463924372,73.31264025513046,0.6,491.66999999999996,normal,0.0,none,0.0
73,84.0,20.0,1248.4445687410857,2448.0,1181.1172300179378,15.653892309288157,0.8793879032009402,0.8998592091135836,213.9765369378178,73.15705045659854,0.6,491.66999999999996,normal,0.0,none,0.0
74,84.0,20.0,1247.003216959186,2448.0,1180.697911452881,15.672701582278552,0.8810659802307876,0.9001570485674454,215.20271064683436,72.82762161857137,0.6,491.66999999999996,normal,0.0,none,0.0
75,84.0,20.0,1248.054534248123,2448.0,1182.3770785981037,15.658982159903346,0.8798413651629613,0.8989643462471743,212.92898590266583,73.54086665805747,0.6,491.66999999999996,normal,0.0,none,0.0
76,84.0,20.0,1249.3601044275858,2448.0,1181.6036722950255,15.641944802179838,0.8783253170552956,0.8995136920909267,212.976658675828,73.4444088823295,0.6,491.66999999999996,normal,0.0,none,0.0
77,84.0,20.0,1247.9644052764825,2448.0,1178.4300035388046,15.66015831998669,0.8799462174491817,0.9017679299135799,216.9477321246024,72.18401486212537,0.6,491.66999999999996,normal,0.0,none,0.0
78,84.0,20.0,1247.8062453562354,2448.0,1179.5354477928392,15.662222266591138,0.8801302745214729,0.900982739511023,215.92336887406412,72.53602214647746,0.6,491.66999999999996,normal,0.0,none,0.0
79,84.0,20.0,1248.3475078979843,2448.0,1182.587259195283,15.655158928525388,0.8795007044014609,0.898815056233583,212.5544380369641,73.65246791884388,0.6,491.66999999999996,normal,0.0,none,0.0
80,84.0,20.0,1248.7484890239791,2448.0,1181.940037463627,15.649926227142181,0.8790348832377677,0.8992747739354643,212.98032447918513,73.48061970236913,0.6,491.66999999999996,normal,0.0,none,0.0
81,84.0,20.0,1246.0934474178987,2448.0,1182.0754188929286,15.684573842663083,0.8821284697324352,0.8991786133207756,214.32678127810823,73.18065315557061,0.6,491.66999999999996,normal,0.0,none,0.0
82,84.0,20.0,1247.1982941854856,2448.0,1182.1902171324962,15.670155874249629,0.8808384892037363,0.899097072821913,213.59464678984915,73.3639916063399,0.6,491.66999999999996,normal,0.0,none,0.0
83,117.98130873235434,20.0,1247.118461138642,2448.0,1180.3770550131444,15.671197675141398,0.8809315730128743,0.9003849509661059,215.46092379832947,72.73336342792986,0.6,491.66999999999996,normal,0.0,Nc,33.98130873235434
84,84.0,20.0,1248.052817517477,2448.0,1180.9764033143088,15.659004562800249,0.8798433621023419,0.8999592374738646,214.33678126625375,73.05794399958025,0.6,491.66999999999996,normal,0.0,none,0.0
85,84.0,20.0,1248.4813090158232,2448.0,1180.2910043963436,15.653412858077173,0.8793452123045706,0.9004460722014821,214.78652119656937,72.87893472491884,0.6,491.66999999999996,normal,0.0,none,0.0
86,84.0,20.0,1248.309385934312,2448.0,1182.644505910452,15.655656410424427,0.8795450165196592,0.8987743942362327,212.5182668990601,73.66734464223916,0.6,491.66999999999996,normal,0.0,none,0.0
87,84.0,20.0,1249.0180053111844,2448.0,1180.6760341025993,15.646409108361699,0.8787220624256804,0.9001725879177221,214.0997779137967,73.07998756851319,0.6,491.66999999999996,normal,0.0,none,0.0
88,84.0,20.0,1246.5635856141541,2448.0,1180.6937680331184,15.67843865915852,0.8815790912564104,0.9001599916135734,215.45233635144888,72.76987070394831,0.6,491.66999999999996,normal,0.0,none,0.0
89,84.0,20.0,1248.0201514965293,2448.0,1180.5166096606968,15.659430846038823,0.8798813616738901,0.9002858261396026,214.8171753287674,72.89654945919857,0.6,491.66999999999996,normal,0.0,none,0.0
90,84.0,20.0,1246.797503824788,2448.0,1180.610153516899,15.675386086194381,0.8813060017417068,0.9002193825013639,215.405782316973,72.77142664224215,0.6,491.66999999999996,normal,0.0,none,0.0
91,84.0,20.0,1248.2714879037367,2448.0,1179.3615068586132,15.656150970053687,0.8795890727691663,0.9011062887100599,215.8386219708051,72.53637382919995,0.6,491.66999999999996,normal,0.0,none,0.0
92,84.0,20.0,1247.5499009395317,2448.0,1178.756873717956,15.665567495822403,0.8804287564384616,0.901535755991996,216.850056251694,72.24147305564753,0.6,491.66999999999996,normal,0.0,none,0.0
93,84.0,20.0,1247.7607492478317,2448.0,1182.6429055420504,15.662815979197397,0.8801832344372219,0.8987755309682796,212.82619523001773,73.59439923393536,0.6,491.66999999999996,normal,0.0,none,0.0
94,84.0,20.0,1249.095773000108,2448.0,1178.594726856323,15.645394259863808,0.8786318408007543,0.9016509279322312,216.15019044400873,72.38205170083609,0.6,491.66999999999996,normal,0.0,none,0.0
95,84.0,20.0,1246.439807224119,2448.0,1181.1717543807715,15.680053935566207,0.8817236657207833,0.8998204807867174,215.04107488460255,72.91655300728287,0.6,491.66999999999996,normal,0.0,none,0.0
96,84.0,20.0,1248.247627449219,2448.0,1178.8614947643073,15.656462342897106,0.879616812678864,0.9014614442922422,216.35517305549052,72.36463136881666,0.6,491.66999999999996,normal,0.0,none,0.0
97,84.0,20.0,1248.8707466113583,2448.0,1182.1786723928199,15.648330796821117,0.8788929543179566,0.8991052729810441,212.6724517281021,73.57949123014404,0.6,491.66999999999996,normal,0.0,none,0.0
98,84.0,20.0,1247.3657294200584,2448.0,1181.474566898718,15.667970887159848,0.880643326794689,0.8996053948771404,214.21987214538706,73.13967061154013,0.6,491.66999999999996,normal,0.0,none,0.0
99,84.0,20.0,1247.9225848022334,2448.0,1181.1491210555075,15.660704066505076,0.8799948781332799,0.8998365571014755,214.23593289472103,73.1002677977508,0.6,491.66999999999996,normal,0.0,none,0.0
100,84.0,20.0,1247.6281919948246,2448.0,1178.9374667311183,15.664545817526927,0.8803375745487989,0.9014074818613137,216.62455099768647,72.31195977271396,0.6,491.66999999999996,normal,0.0,none,0.0
101,84.0,20.0,1247.8403449780883,2448.0,1180.0124344007697,15.661777275226537,0.8800905849069017,0.9006439387932769,215.424525164623,72.7019231596687,0.6,491.66999999999996,normal,0.0,none,0.0
102,84.0,20.0,1249.6841598679166,2448.0,1180.9876041353511,15.63771596136683,0.877949827898969,0.8999512815980699,213.4146921883726,73.2738491479492,0.6,491.66999999999996,normal,0.0,none,0.0
103,84.0,20.0,1248.6435274922856,2448.0,1182.634942682404,15.651295948349668,0.8791567697297071,0.8987811869395764,212.3413025214811,73.708203550114,0.6,491.66999999999996,normal,0.0,none,0.0
104,84.0,20.0,1248.6735973884538,2448.0,1181.3894166882733,15.650903543877055,0.8791218476330712,0.8996658765592992,213.57518717916986,73.2805329616656,0.6,491.66999999999996,normal,0.0,none,0.0
105,84.0,20.0,1247.1318996891373,2448.0,1182.7864006136824,15.671022305486305,0.880915902542356,0.8986736072822604,213.03329472344842,73.56137605546505,0.6,491.66999999999996,normal,0.0,none,0.0
106,84.0,20.0,1247.891860223532,2448.0,1181.6006616039735,15.661105014417702,0.8800306314925944,0.8995158305666664,213.79945246958937,73.25138036377957,0.6,491.66999999999996,normal,0.0,none,0.0
107,84.0,20.0,1248.199881463927,2448.0,1179.5072646535318,15.657085415822694,0.879672326905638,0.9010027578253046,215.73194401190432,72.57657407916706,0.6,491.66999999999996,normal,0.0,none,0.0
108,84.0,20.0,1247.4560239482507,2448.0,1179.0361353887656,15.666792566605737,0.8805381154370039,0.9013373981074427,216.62136494064913,72.3233951133961,0.6,491.66999999999996,normal,0.0,none,0.0
109,84.0,20.0,1248.0509844986375,2448.0,1181.8988102344067,15.659028483228408,0.8798454943207501,0.8993040573883293,213.41116515797808,73.37492615082616,0.6,491.66999999999996,normal,0.0,none,0.0
110,84.0,20.0,1248.1106103421484,2448.0,1180.577611653319,15.658250381184224,0.8797761411831195,0.9002424967912712,214.70534414299163,72.92902020527251,0.6,491.66999999999996,normal,0.0,none,0.0
111,84.0,20.0,1247.7664712588341,2448.0,1182.4456900752532,15.662741308413795,0.8801765733584537,0.8989156119277667,213.02094775187044,73.52676567122384,0.6,491.66999999999996,normal,0.0,none,0.0
112,84.0,20.0,1247.8404267093556,1790.1594895161359,1180.5976997597465,15.66177620865435,0.8800904897816278,0.9002282283301389,214.83600284475432,72.90107803752021,0.6,491.66999999999996,normal,0.0,TIT,-657.8405104838641
113,84.0,20.0,1245.7609055957291,2448.0,1178.2766660472075,15.688913428593773,0.8825174740375339,0.9018768446112817,218.33243566707046,71.8579141970339,0.6,491.66999999999996,normal,0.0,none,0.0
114,84.0,20.0,1248.6521490752382,2448.0,1181.3236128376877,15.65118343889195,0.8791467566494412,0.8997126166384508,213.65327252276052,73.25506066013861,0.6,491.66999999999996,normal,0.0,none,0.0
115,84.0,20.0,1249.1779205780879,2448.0,1181.7506524290811,15.644322254931266,0.878536557998163,0.8994092929860366,212.93075134112553,73.47140869224799,0.6,491.66999999999996,normal,0.0,none,0.0
116,84.0,20.0,1247.6470580214866,2448.0,1179.221332630528,15.664299620692685,0.8803156050035903,0.9012058536208882,216.32831804499858,72.40984334484745,0.6,491.66999999999996,normal,0.0,none,0.0
117,84.0,20.0,1248.5452576347145,2448.0,1181.839966751872,15.652578344917249,0.8792709161622564,0.8993458535599322,213.19428933408153,73.41931340566637,0.6,491.66999999999996,normal,0.0,none,0.0
118,84.0,20.0,1249.7680190463457,2448.0,1181.148027173259,15.636621620485146,0.8778527109702613,0.8998373340794551,213.20666459424672,73.34021030835586,0.6,491.66999999999996,normal,0.0,none,0.0
119,84.0,20.0,1248.8322969743654,2448.0,1181.6643957691142,15.648832554773389,0.8789375855881404,0.899470560572634,213.21035851692,73.39621143937772,0.6,491.66999999999996,normal,0.0,none,0.0
120,84.0,20.0,1317.2431873136677,2448.0,1181.0517242791095,14.756087891002348,0.8791231392218324,0.8999057374457474,190.70479957212837,77.3765942132007,0.6,518.67,normal,0.0,none,0.0
121,84.0,20.0,1318.0441476866833,2448.0,1182.984420772871,14.745635562500917,0.8782422716086433,0.898532954754609,188.31692151084246,78.30223351252016,0.6,518.67,normal,0.0,none,0.0
122,84.0,20.0,1314.5218206124255,2448.0,1182.7315358149094,14.791601032092142,0.8821292471120283,0.898712577418726,190.53731459544463,77.63099350643299,0.6,518.67,normal,0.0,none,0.0
123,84.0,20.0,1317.443011419272,2448.0,1178.3328837315707,14.75348023740968,0.8789032144215454,0.9018369135283213,193.32831124126437,76.31308701082094,0.6,518.67,normal,0.0,none,0.0
124,84.0,20.0,1313.8224953644922,2448.0,1182.5684259545328,14.800727048143628,0.8829050671692404,0.8988284333711747,191.09147266254496,77.45362386881985,0.6,518.67,normal,0.0,none,0.0
125,84.0,20.0,1316.7814443595023,2448.0,1180.4381500191325,14.762113518739694,0.879631751043212,0.9003415555509405,191.5793329035257,77.05483308146555,0.6,518.67,normal,0.0,none,0.0
126,84.0,20.0,1314.8833581510182,2448.0,1182.3083793333735,14.786883059460438,0.8817286976444056,0.8990131429215718,190.76019107364078,77.51556011889363,0.6,518.67,normal,0.0,none,0.0
127,84.0,20.0,1316.669885252833,2448.0,1179.8246265551254,14.76356933661723,0.8797547221540579,0.9007773375760618,192.25859443025615,76.79016576797493,0.6,518.67,normal,0.0,none,0.0
128,84.0,20.0,1316.0535136698788,2448.0,1181.4485930737071,14.771612828506509,0.8804347660744666,0.8996238439287699,190.9702851224206,77.3503208577043,0.6,518.67,normal,0.0,none,0.0
129,84.0,20.0,1316.5688005823338,2448.0,1182.8546865512915,14.764888465775316,0.879866177035484,0.89862510419163,189.2708340142941,78.0093168747819,0.6,518.67,normal,0.0,none,0.0
130,84.0,20.0,1316.663441380883,2448.0,1181.2940534270313,14.763653427502014,0.8797618262560254,0.8997336125099911,190.78499905371524,77.38372251869409,0.6,518.67,normal,0.0,none,0.0
131,84.0,20.0,1316.2370412245969,2448.0,1181.7008423561053,14.769217840744808,0.8802321698896263,0.899444672781181,190.6144362315714,77.48215787183169,0.6,518.67,normal,0.0,none,0.0
132,84.0,20.0,1316.0202113510961,2448.0,1179.493245116905,14.772047415269478,0.8804715385225451,0.9010127158178198,192.95469856881533,76.5570754422504,0.6,518.67,normal,0.0,none,0.0
133,84.0,20.0,1316.3065809228174,2448.0,1180.4237885607813,14.768310365426204,0.8801554293276684,0.9003517564083993,191.85890381395973,76.97485012082957,0.6,518.67,normal,0.0,none,0.0
134,84.0,20.0,1316.3992769915733,2448.0,1180.9188962535918,14.767100705380502,0.8800531553475779,0.9000000843930914,191.3094680164728,77.18959682700581,0.6,518.67,normal,0.0,none,0.0
135,84.0,20.0,1317.1021391520683,2448.0,1180.4734330003416,14.757928533522538,0.8792784419664571,0.9003164942616734,191.36480595153398,77.11934522202691,0.6,518.67,normal,0.0,none,0.0
136,84.0,20.0,1316.5356692801488,2448.0,1177.9721108873396,14.76532082081532,0.8799027134015865,0.9020931683089306,194.198278953025,76.03219194536184,0.6,518.67,normal,0.0,none,0.0
137,84.0,20.0,1315.0236595400393,2448.0,1180.3757941458534,14.785052162131853,0.8815733549024752,0.9003858465525565,192.62345573847267,76.75623981227763,0.6,518.67,normal,0.0,none,0.0
138,84.0,20.0,1317.1398244157047,2448.0,1182.4851433163162,14.757436750447544,0.8792369427903053,0.8988875885280166,189.32289012324776,77.94850765715951,0.6,518.67,normal,0.0,none,0.0
139,84.0,20.0,1315.369073684346,2448.0,1180.549098904583,14.780544595681665,0.8811911429530889,0.9002627492251472,192.25636546606825,76.87935096375425,0.6,518.67,normal,0.0,none,0.0
140,84.0,20.0,1316.0124188942038,2448.0,1183.37516143532,14.772149104843663,0.8804801434033916,0.8982554140130258,189.05930971504336,78.1349996840079,0.6,518.67,normal,0.0,none,0.0
141,84.0,20.0,1315.6075645055162,2448.0,1180.2792513237735,14.777432351316744,0.8809274384815582,0.9004544203382144,192.39451296190833,76.80797193131224,0.6,518.67,normal,0.0,none,0.0
142,84.0,20.0,1317.4554126841854,2448.0,1181.5828596428416,14.753318404066762,0.8788895693155855,0.8995284751925501,190.05268381760766,77.62751942101185,0.6,518.67,normal,0.0,none,0.0
143,84.0,20.0,1316.2084576331388,2448.0,1180.845148753974,14.769590849320185,0.8802637172043565,0.9000524667983563,191.4901272258793,77.12977720202862,0.6,518.67,normal,0.0,none,0.0
144,84.0,20.0,1316.7124231030177,2448.0,1181.06471286416,14.763014228525925,0.8797078288141964,0.8998965117319341,190.98809082918007,77.29808787779328,0.6,518.67,normal,0.0,none,0.0
145,84.0,20.0,1316.6759622497013,2448.0,1180.7042272255728,14.763490033358654,0.8797480226217931,0.9001525625121025,191.37074608295785,77.14601283395105,0.6,518.67,normal,0.0,none,0.0
146,84.0,20.0,1315.1156862447067,2448.0,1184.5325307404817,14.783851237116718,0.8814714919729931,0.8974333415590687,188.39961520959054,78.47070823722224,0.6,518.67,normal,0.0,none,0.0
147,84.0,20.0,1316.6622409124009,2448.0,1180.670508920432,14.763669093309401,0.8797631497354903,0.9001765124213724,191.41230025479962,77.13020048166526,0.6,518.67,normal,0.0,none,0.0
148,84.0,20.0,1316.1792152217618,2448.0,1181.4426216168056,14.769972455327403,0.880295993989687,0.8996280854186788,190.90610057602368,77.36773424611239,0.6,518.67,normal,0.0,none,0.0
149,84.0,20.0,1318.0432314745885,2448.0,1180.457240800618,14.745647518834982,0.8782432782175215,0.9003279954837141,190.85564172545207,77.26073688744688,0.6,518.67,normal,0.0,none,0.0
150,84.0,20.0,1314.8845749012496,2448.0,1183.0784890897826,14.786867181180371,0.8817273502141642,0.8984661385950838,189.98663526959615,77.83109143544443,0.6,518.67,normal,0.0,none,0.0
151,84.0,20.0,1315.6651143443464,2448.0,1181.3815351382261,14.776681340603947,0.8808638280136982,0.8996714747768771,191.2545082539205,77.2618720233542,0.6,518.67,normal,0.0,none,0.0
152,84.0,20.0,1316.5030612728851,2448.0,1182.4013569367671,14.765746346990122,0.8799386756541712,0.898947101489296,189.76252022799002,77.81171081228173,0.6,518.67,normal,0.0,none,0.0
153,84.0,20.0,1316.7507845159043,2448.0,1179.0887241951189,14.762513621875735,0.8796655438276442,0.901300044594699,192.95386109917786,76.5079980145504,0.6,518.67,normal,0.0,none,0.0
154,84.0,20.0,1315.9195973551186,2448.0,1178.48014940658,14.77336040224515,0.8805826552419878,0.90173231160541,194.03058861677113,76.13933714041316,0.6,518.67,normal,0.0,none,0.0
155,84.0,20.0,1315.3814883535267,2448.0,1180.3008390883392,14.780382587416481,0.8811774118889777,0.9004390866789296,192.49903234045644,76.78159421225398,0.6,518.67,normal,0.0,none,0.0
156,84.0,20.0,1314.869599271234,2448.0,1180.3009707524016,14.78706260933102,0.8817439345261678,0.9004389931587383,192.78470469113756,76.70246782814814,0.6,518.67,normal,0.0,none,0.0
157,84.0,20.0,1315.6975431219198,2448.0,1181.3365477522457,14.776258153330872,0.8808279881767971,0.8997034290464653,191.28159880821363,77.24871731204068,0.6,518.67,normal,0.0,none,0.0
158,84.0,20.0,1316.387139308768,2448.0,1181.9008955845072,14.76725909904416,0.8800665458158592,0.8993025761766997,190.32971790112902,77.58777379534257,0.6,518.67,normal,0.0,none,0.0
159,84.0,20.0,1315.5513481246517,2448.0,1182.5779107515993,14.778165960743314,0.8809895839345948,0.8988216963768851,190.11667676122772,77.73208648762349,0.6,518.67,normal,0.0,none,0.0
160,84.0,20.0,1315.7388411917489,2448.0,1181.1874265453735,14.775719224056877,0.8807823503424177,0.8998093489424949,191.40836696634904,77.1947405342764,0.6,518.67,normal,0.0,none,0.0
161,84.0,20.0,1315.3870622569225,2448.0,1179.8618908259084,14.780309849399359,0.8811712470934673,0.9007508689887312,192.93735488181323,76.60678181502625,0.6,518.67,normal,0.0,none,0.0
162,84.0,20.0,1314.8003360140067,2448.0,1179.8901809396693,14.787966477165194,0.8818206461576468,0.9007307746911387,193.23648873341818,76.52781611844603,0.6,518.67,normal,0.0,none,0.0
163,84.0,20.0,1317.875170488762,2448.0,1181.013276281527,14.747840671818967,0.8784279597443467,0.8999330468271018,190.39057907615245,77.46097912712438,0.6,518.67,normal,0.0,none,0.0
164,84.0,20.0,1317.5113808792146,2448.0,1181.6486845491665,14.752588033402015,0.8788279928074052,0.8994817201576337,189.9553172553974,77.66346447447411,0.6,518.67,normal,0.0,none,0.0
165,84.0,20.0,1315.079784339707,2448.0,1180.0214517689715,14.784319747816532,0.8815112284332767,0.9006375338108977,192.94843594751677,76.62316450099634,0.6,518.67,normal,0.0,none,0.0
166,84.0,20.0,1317.0815925979234,2448.0,1182.346195066918,14.75819666081164,0.8793010695714213,0.8989862826335596,189.4948809349376,77.88176961824533,0.6,518.67,normal,0.0,none,0.0
167,84.0,20.0,1316.4177448737635,2448.0,1182.6317708815789,14.766859704230036,0.8800327820928763,0.8987834398506189,189.57888116379564,77.89295734619041,0.6,518.67,normal,0.0,none,0.0
168,112.99126520816037,20.0,1317.0563597415028,2448.0,1180.4797469917698,14.758525943149724,0.8793288597226034,0.9003120094715512,191.3840183453762,77.11472499504183,0.6,518.67,normal,0.0,Nc,28.99126520816037
169,84.0,20.0,1315.4014703095254,2448.0,1180.061959416999,14.780121827989129,0.8811553120361068,0.9006087614722245,192.72808957425968,76.68898633633904,0.6,518.67,normal,0.0,none,0.0
170,84.0,20.0,1318.5300890454002,2448.0,1180.490506962571,14.73929415175844,0.8777087104914019,0.9003043667290302,190.55036867707213,77.35117100055203,0.6,518.67,normal,0.0,none,0.0
171,84.0,20.0,1316.3821650817204,2448.0,1180.3363122785224,14.76732401143795,0.8800720335732326,0.9004138902853727,191.90465371713458,76.95135957049186,0.6,518.67,normal,0.0,none,0.0
172,84.0,20.0,1314.9849493168708,2448.0,1183.8237817211525,14.785557320667222,0.8816162096816512,0.8979367617231953,189.1830706243179,78.15475915405013,0.6,518.67,normal,0.0,none,0.0
173,84.0,20.0,1316.9836969206851,2448.0,1180.0870971062518,14.75947417442135,0.8794088965748089,0.9005909063227934,191.81939950107403,76.94463757477621,0.6,518.67,normal,0.0,none,0.0
174,84.0,20.0,1317.8838630674652,2448.0,1178.8410739862186,14.747727235884813,0.8784184056005461,0.9014759490480535,192.57049787493588,76.5835234297554,0.6,518.67,normal,0.0,none,0.0
175,84.0,20.0,1316.1136632760818,2448.0,1179.7271367672263,14.770827891492836,0.8803683566127006,0.9008465839858434,192.66721733041805,76.66497755122163,0.6,518.67,normal,0.0,none,0.0
176,84.0,20.0,1316.9653966207939,2448.0,1179.7733434036998,14.759712988665576,0.8794290563384782,0.9008137636899662,192.14518570847787,76.8154192062817,0.6,518.67,normal,0.0,none,0.0
177,84.0,20.0,1315.4799983077914,2448.0,1180.5911536110996,14.779097057648313,0.881068471555989,0.9002328780201372,192.1521559336643,76.91351151298258,0.6,518.67,normal,0.0,none,0.0
178,84.0,20.0,1316.2350197465482,2448.0,1180.5384075369059,14.769244220517564,0.8802344008926987,0.9002703432392818,191.78362692140132,77.00993279562098,0.6,518.67,normal,0.0,none,0.0
179,84.0,20.0,1317.230910352426,2448.0,1181.126715940643,14.756248102214064,0.8791366547352606,0.8998524713197597,190.6362977128628,77.40523855766433,0.6,518.67,normal,0.0,none,0.0
180,84.0,20.0,1316.5857584792534,2448.0,1180.3792472065022,14.764667169547351,0.8798474774675477,0.9003833938643535,191.74781202172892,77.00044664850839,0.6,518.67,normal,0.0,none,0.0
181,84.0,20.0,1315.5420855644802,2448.0,1182.4092938916147,14.778286834790196,0.8809998242469103,0.8989414639180217,190.29109771564578,77.66147240830762,0.6,518.67,normal,0.0,none,0.0
182,84.0,20.0,1316.5608078247308,2448.0,1178.833321562948,14.764992769222669,0.8798749909696805,0.901481455547659,193.31700770512055,76.37710175891357,0.6,518.67,normal,0.0,none,0.0
183,84.0,20.0,1317.1221442560397,2448.0,1182.0766343587584,14.75766747202005,0.8792564117711874,0.8991777499827097,189.74287178241667,77.77719043349923,0.6,518.67,normal,0.0,none,0.0
184,84.0,20.0,1316.2641012549138,2448.0,1179.7302323803242,14.768864714253587,0.8802023061918312,0.9008443851904854,192.5801087784297,76.68946085831583,0.6,518.67,normal,0.0,none,0.0
185,84.0,20.0,1316.4371045435396,2448.0,1179.0480142969413,14.766607065479107,0.8800114260555607,0.901328960590437,193.16997228789774,76.44359467770265,0.6,518.67,normal,0.0,none,0.0
186,84.0,20.0,1315.6714787028714,2448.0,1179.733843735137,14.776598287349074,0.8808567939825666,0.9008418200668901,192.9073568917703,76.59945439841059,0.6,518.67,normal,0.0,none,0.0
187,84.0,20.0,1315.9454361980436,2448.0,1177.6419873090526,14.773023211937804,0.8805541165013241,0.9023276531003461,194.8604147947509,75.81336223418403,0.6,518.67,normal,0.0,none,0.0
188,84.0,20.0,1316.6334987143473,2448.0,1183.739709511421,14.76404417166038,0.8797948383111339,0.8979964777079336,188.3469322198098,78.38749480894141,0.6,518.67,normal,0.0,none,0.0
189,84.0,20.0,1314.9957480398803,2448.0,1181.563395340993,14.78541640008726,0.8816042543615171,0.8995423005690432,191.4455481022946,77.23040074134818,0.6,518.67,normal,0.0,none,0.0
190,84.0,20.0,1316.3496741953186,2448.0,1179.075340877247,14.767748009215392,0.8801078804443431,0.9013095506848605,193.1912840957819,76.44106760993276,0.6,518.67,normal,0.0,none,0.0
191,84.0,20.0,1317.9026653331046,2448.0,1182.6811688288344,14.747481871115655,0.878397740458941,0.8987483527858939,188.70022371144887,78.1529644271476,0.6,518.67,normal,0.0,none,0.0
192,84.0,20.0,1317.901772196635,2448.0,1182.0370539484998,14.747493526318697,0.8783987220628812,0.8992058637099746,189.3473221072726,77.88593660682284,0.6,518.67,normal,0.0,none,0.0
193,84.0,20.0,1316.0491025990914,2448.0,1180.1810279032816,14.771670391854792,0.880439636606017,0.9005241878428127,192.24675573217536,76.83703340322498,0.6,518.67,normal,0.0,none,0.0
194,84.0,20.0,1316.19708089751,2448.0,1182.9080026097276,14.769739312817348,0.8802762741793285,0.8985872341161076,189.42487784974236,77.97148653585597,0.6,518.67,normal,0.0,none,0.0
195,84.0,20.0,1318.5472346343054,2448.0,1180.8424924073365,14.739070406197953,0.8776898965633674,0.9000543535853904,190.18697985369346,77.4977888472512,0.6,518.67,normal,0.0,none,0.0
196,84.0,20.0,1316.8753880699867,2448.0,1180.272260650026,14.760887577287772,0.8795282239663617,0.9004593857717166,191.69367399889552,77.00247623911062,0.6,518.67,normal,0.0,none,0.0
197,84.0,20.0,1315.8116032847029,2448.0,1180.7243894124697,14.774769697309202,0.8807019536262213,0.9001382414320587,191.83308023360655,77.01888370513097,0.6,518.67,normal,0.0,none,0.0
198,84.0,20.0,1315.7589473280962,2448.0,1180.596315763825,14.775456844107662,0.8807601330853758,0.900229211374115,191.99122010200335,76.95902362752621,0.6,518.67,normal,0.0,none,0.0
199,84.0,20.0,1315.9672138825256,2448.0,1181.911101836763,14.77273901871193,0.8805300647056015,0.8992953267371301,190.55392697043504,77.52524051107044,0.6,518.67,normal,0.0,none,0.0
200,84.0,20.0,1316.6103255904643,2448.0,1180.6419803452789,14.764346575014391,0.8798203885861685,0.9001967760966569,191.46996347348568,77.1105102187943,0.6,518.67,normal,0.0,none,0.0
201,84.0,20.0,1315.7042931774315,2448.0,1181.473350570472,14.776170066828735,0.8808205284754175,0.8996062588277755,191.14039592202863,77.30532311367786,0.6,518.67,normal,0.0,none,0.0
202,84.0,20.0,1315.9752703748113,2448.0,1181.2932809326746,14.772633883543227,0.8805211672557322,0.8997341612080847,191.17000399271274,77.27485261812491,0.6,518.67,normal,0.0,none,0.0
203,84.0,20.0,1316.5540367596968,2448.0,1179.7511619514737,14.765081129893714,0.8798824578326718,0.9008295190420241,192.3971743418827,76.74271298629732,0.6,518.67,normal,0.0,none,0.0
204,84.0,20.0,1318.2584037388892,2448.0,1182.7442766616755,14.742839575687432,0.8780069396289458,0.8987035276719253,188.43826951306573,78.23697178807518,0.6,518.67,normal,0.0,none,0.0
205,84.0,20.0,1317.7934277328593,2448.0,1184.2044379696722,14.748907393926691,0.8785178146025572,0.8976663838801517,187.23337845593477,78.77285297929843,0.6,518.67,normal,0.0,none,0.0
206,84.0,20.0,1317.0628281752297,2448.0,1179.8639112414505,14.758441531740019,0.8793217355598448,0.9007494338997277,191.99968670069876,76.86700840687521,0.6,518.67,normal,0.0,none,0.0
207,84.0,20.0,1316.7058125192789,2448.0,1180.6405527880856,14.763100494957015,0.8797151159336174,0.9001977900819419,191.41808494769987,77.1248991389223,0.6,518.67,normal,0.0,none,0.0
208,84.0,20.0,1315.461236787774,2448.0,1179.0498085655104,14.77934189069751,0.8810892174967108,0.9013276861322678,193.71302588352654,76.29503397249007,0.6,518.67,normal,0.0,none,0.0
209,84.0,20.0,1316.5101458517065,2448.0,1179.0133451321872,14.765653895044146,0.8799308620652738,0.9013535858895694,193.164085327335,76.44098989738355,0.6,518.67,normal,0.0,none,0.0
210,84.0,20.0,1316.3639527855146,2448.0,1182.0979610303796,14.767561677256538,0.8800921266584341,0.8991626017761726,190.14478181056222,77.66482748902986,0.6,518.67,normal,0.0,none,0.0
211,84.0,20.0,1316.9866898308835,2448.0,1183.0034146929806,14.759435117706905,0.8794055996478013,0.898519463487435,188.8882778495444,78.13843868841492,0.6,518.67,normal,0.0,none,0.0
212,84.0,20.0,1317.2534276212236,2448.0,1181.4230552209572,14.755954257601575,0.8791118661462664,0.8996419833119256,190.32598823996585,77.52989696287324,0.6,518.67,normal,0.0,none,0.0
213,84.0,20.0,1315.7196252171027,2448.0,1178.496398698443,14.775969987623021,0.8808035850193786,0.901720769831166,194.12587786068593,76.11540589259805,0.6,518.67,normal,0.0,none,0.0
214,84.0,20.0,1317.702471866336,2448.0,1180.365965939692,14.750094344777274,0.878617818484623,0.90039282746826,191.13766714305694,77.17000298919402,0.6,518.67,normal,0.0,none,0.0
215,84.0,20.0,1317.3919006390433,2448.0,1180.2507043407998,14.754147220050656,0.8789594560608425,0.9004746970884632,191.4269631475314,77.07455092770678,0.6,518.67,normal,0.0,none,0.0
216,84.0,20.0,1316.5663191882436,2448.0,1183.4966883536076,14.764920847335059,0.8798689133493123,0.8981690941741525,188.628156770822,78.27527501779085,0.6,518.67,normal,0.0,none,0.0
217,84.0,20.0,1315.6067878488018,2448.0,1181.7707760668713,14.777442486488699,0.8809282969915685,0.8993949992871912,190.89608962694155,77.41092295482582,0.6,518.67,normal,0.0,none,0.0
218,84.0,20.0,1316.9317721363682,2448.0,1182.4250850000494,14.760151779607986,0.8794660997616265,0.8989302475887103,189.4993380801841,77.89025507499359,0.6,518.67,normal,0.0,none,0.0
219,84.0,20.0,1317.0410547264487,2448.0,1180.3166019111948,14.758725669691078,0.8793457167233124,0.9004278904406949,191.55659184841807,77.04629492139797,0.6,518.67,normal,0.0,none,0.0
220,84.0,20.0,1316.6190621294768,2448.0,1180.4563024306137,14.764232565409422,0.8798107556590636,0.9003286620022825,191.65174634903207,113.19684469226439,0.6,518.67,normal,0.0,SFC,36.16006915189901
221,84.0,20.0,1316.1194919670781,2448.0,1179.0596980998503,14.770751828562533,0.8803619218539288,0.9013206616555282,193.33554646980286,76.39956592705305,0.6,518.67,normal,0.0,none,0.0
222,84.0,20.0,1316.7583420004319,2448.0,1182.998235575875,14.762414998630959,0.8796572138491356,0.8985231421831543,189.0209685157517,78.09935117013625,0.6,518.67,normal,0.0,none,0.0
223,84.0,20.0,1315.4811279909206,2448.0,1181.3857065785646,14.779082315571717,0.881067222416572,0.8996685118279028,191.35304320758337,77.23463430649018,0.6,518.67,normal,0.0,none,0.0
224,84.0,20.0,1315.438290242265,2448.0,1180.3792707899358,14.779641337261546,0.8811145924445773,0.9003833771131825,192.3884580759335,76.82187115106558,0.6,518.67,normal,0.0,none,0.0
225,84.0,20.0,1316.5663653275947,2448.0,1180.4279847308505,14.764920245228302,0.8798688624697967,0.9003487758940463,191.70963872912284,77.01709910418471,0.6,518.67,normal,0.0,none,0.0
226,84.0,20.0,1314.6826552739965,2448.0,1177.9949011407507,14.789502180795886,0.8819510125601263,0.9020769805290538,195.20992117181385,75.76204166272326,0.6,518.67,normal,0.0,none,0.0
227,84.0,20.0,1316.3845693036883,2448.0,1180.693487895952,14.767292636954709,0.8800693811351328,0.9001601905933171,191.54423537939078,77.09599094801888,0.6,518.67,normal,0.0,none,0.0
228,84.0,20.0,1315.4729726963315,2448.0,1182.1095939727018,14.779188740085269,0.8810762401574664,0.8991543389672326,190.63056551822558,77.52790692252486,0.6,518.67,normal,0.0,none,0.0
229,84.0,20.0,1316.1456270742187,2448.0,1180.9554265377471,14.770410772082768,0.8803330703726182,0.8999741371520462,191.41437681053225,77.16458407250657,0.6,518.67,normal,0.0,none,0.0
230,84.0,20.0,1316.1629860598546,2448.0,1182.0922881428535,14.770184241749394,0.8803139082114576,0.8991666311940506,190.26268419242854,77.6304838988347,0.6,518.67,normal,0.0,none,0.0
231,84.0,20.0,1317.8911173154847,2448.0,1183.8375016165976,14.747632569799094,0.878410432506691,0.8979270165640088,187.54670334809856,78.63445374684382,0.6,518.67,normal,0.0,none,0.0
232,84.0,20.0,1317.4617324101803,2448.0,1181.5647692143546,14.753235933255016,0.8788826158870104,0.8995413247150607,190.06732678908077,77.62110501836436,0.6,518.67,normal,0.0,none,0.0
233,84.0,20.0,1316.7133487786577,2448.0,1178.1916497686464,14.76300214869501,0.8797068084133512,0.9019372311624295,193.87794396090078,76.14585675445502,0.6,518.67,normal,0.0,none,0.0
234,84.0,20.0,1315.4460662307092,2448.0,1182.2735121337807,14.779539862596407,0.8811059933699072,0.8990379088836584,190.48101599021652,77.59061860188478,0.6,518.67,normal,0.0,none,0.0
235,84.0,20.0,1316.1323669591736,2448.0,1181.4921273930813,14.770583813200762,0.8803477084524509,0.8995929217636497,190.88252574940452,77.38049229604161,0.6,518.67,normal,0.0,none,0.0
236,84.0,20.0,1316.7053405930892,2448.0,1180.6581010607997,14.763106653473377,0.8797156361619599,0.9001853256494154,191.40070867205924,77.13193308373839,0.6,518.67,normal,0.0,none,0.0
237,84.0,20.0,1315.8865384942787,2448.0,1181.3966461500227,14.773791811944086,0.8806191711169754,0.899660741516116,191.11569883743192,77.30286889990688,0.6,518.67,normal,0.0,none,0.0
238,84.0,20.0,1315.4841765301928,2448.0,1182.5267130815846,14.779042532912054,0.8810638515327344,0.8988580617738576,190.20556823487004,77.70036739756517,0.6,518.67,normal,0.0,none,0.0
239,84.0,20.0,1316.4417161419506,2448.0,1177.2618339745409,14.766546885296504,0.8800063390623623,0.9025976737265958,194.96642467242822,75.73892227908696,0.6,518.67,normal,0.0,none,0.0
240,84.0,20.0,1384.7640324742385,2448.0,1178.901238569405,13.874958089717191,0.8802230797426253,0.9014332145066062,170.24350682574317,81.50065954597163,0.6,545.67,normal,0.0,none,0.0
241,84.0,20.0,1384.8894635719323,2448.0,1180.1013577190415,13.873321245896252,0.8800915201781732,0.9005807770953298,168.96600520912483,82.10717433205339,0.6,545.67,normal,0.0,none,0.0
242,84.0,20.0,1385.0309034675909,2448.0,1181.1589264076617,13.871475491346539,0.8799432168056073,0.8998295924188359,167.82393575536418,82.6549289820428,0.6,545.67,normal,0.0,none,0.0
243,84.0,20.0,1385.72083897667,2448.0,1180.3132076570982,13.862472008991299,0.8792205176032746,0.9004303013589576,168.2887918271258,82.37311503924447,0.6,545.67,normal,0.0,none,0.0
244,84.0,20.0,1385.7896893374666,2448.0,1179.9819590714774,13.861573529350187,0.8791484628108143,0.9006655852363135,168.5834578853072,82.22380596072875,0.6,545.67,normal,0.0,none,0.0
245,84.0,20.0,1383.9429167674843,2448.0,1180.402987316248,13.885673440181245,0.8810852870044459,0.9003665314072372,169.1911965603249,82.0708980282572,0.6,545.67,normal,0.0,none,0.0
246,84.0,20.0,1385.2498433238673,2448.0,1180.2798915641758,13.868618382085018,0.8797137512664444,0.9004539655793087,168.58526352200607,82.2647133702448,0.6,545.67,normal,0.0,none,0.0
247,84.0,20.0,1385.271245158996,2448.0,1179.6018884310324,13.868339093597301,0.8796913269444536,0.9009355471254652,169.25523331533344,81.93743154611762,0.6,545.67,normal,0.0,none,0.0
248,84.0,20.0,1386.7271029017722,2448.0,1181.3915058618447,13.84934052151869,0.8781685939157848,0.8996643926318814,166.64321442933897,83.10773750341433,0.6,545.67,normal,0.0,none,0.0
249,84.0,20.0,1386.8798000209435,2448.0,1183.0238630115684,13.84734786307444,0.878009188004876,0.8985049391697728,164.9191080722427,123.09232774924338,0.6,545.67,normal,0.0,SFC,39.12784343364413
250,84.0,20.0,1383.677961421893,2448.0,1179.6587129916231,13.889131039837395,0.8813638622298139,0.9008951849819717,170.0876499680998,81.6586685890617,0.6,545.67,normal,0.0,none,0.0
251,84.0,20.0,1385.663513849358,2448.0,1183.034341244509,13.86322008727611,0.8792805197667152,0.8984974965439592,165.58768809739632,83.72132159440478,0.6,545.67,normal,0.0,none,0.0
252,84.0,20.0,1387.8137418938468,2448.0,1181.6841848717906,13.835160159929933,0.8770354711621584,0.8994565044920674,165.74250891012088,83.47381882237879,0.6,545.67,normal,0.0,none,0.0
253,84.0,20.0,1382.6745852212991,2448.0,1180.3067555223295,13.902224843241976,0.8824204150122474,0.9004348842714637,169.99610435276492,81.77966722339106,0.6,545.67,normal,0.0,none,0.0
254,84.0,20.0,1385.510778502815,2448.0,1180.2642436346532,13.865213244577811,0.8794404277139505,0.9004650802095003,168.4553089124136,82.30796247440838,0.6,545.67,normal,0.0,none,0.0
255,84.0,20.0,1386.4681640630788,2448.0,1181.3376070448492,13.852719607294947,0.8784390416470056,0.8997026766373024,166.84193787825194,83.02900208102093,0.6,545.67,normal,0.0,none,0.0
256,84.0,20.0,1384.8818758879486,2448.0,1181.0402333998072,13.873420263236229,0.8800994774730158,0.899913899348179,168.02641229468998,82.56690167796114,0.6,545.67,normal,0.0,none,0.0
257,84.0,20.0,1384.2231823501904,2448.0,1180.433800164892,13.882016045837176,0.8807908061216901,0.900344645226236,169.00373579545754,82.14029104444386,0.6,545.67,normal,0.0,none,0.0
258,84.0,20.0,1384.3398052348784,2448.0,1181.8881522116476,13.880494146948532,0.880668326018108,0.8993116277177693,167.477276655433,82.87986540112064,0.6,545.67,normal,0.0,none,0.0
259,84.0,20.0,1384.1213169847067,2448.0,1178.6256872545846,13.883345362865619,0.8808978154084105,0.901628936947624,170.8797564892144,81.24628480344252,0.6,545.67,normal,0.0,none,0.0
260,84.0,20.0,1385.9030513059688,2448.0,1182.1687731631964,13.860094184585735,0.8790298504803485,0.8991123043442855,166.3226871478082,83.33255325696187,0.6,545.67,normal,0.0,none,0.0
261,84.0,20.0,1383.7046589629508,2448.0,1181.1884020980403,13.888782643738516,0.8813357843363202,0.899808656013305,168.53480515506396,82.40898745490496,0.6,545.67,normal,0.0,none,0.0
262,84.0,20.0,1383.639969646402,2448.0,1181.5420468297843,13.889626822813884,0.8814038213920665,0.8995574642881078,168.21563556198828,82.57036735265606,0.6,545.67,normal,0.0,none,0.0
263,84.0,20.0,1383.5912725196476,2448.0,1180.7339004253909,13.890262307892876,0.8814550455762707,0.9001314858168055,169.05487157710638,82.16422383047086,0.6,545.67,normal,0.0,none,0.0
264,84.0,20.0,1384.730527097186,2448.0,1178.716099010084,13.875395326338772,0.8802582288233227,0.9015647180216699,170.4485891467633,81.40516384322478,0.6,545.67,normal,0.0,none,0.0
265,84.0,20.0,1385.3219258366246,2448.0,1182.2439905259557,13.86767772368551,0.8796382295225559,0.899058877904075,166.57163222230918,83.25353806449759,0.6,545.67,normal,0.0,none,0.0
266,84.0,20.0,1385.404782301943,2448.0,1180.282188681572,13.866596467954075,0.8795514357919717,0.9004523339506432,168.49644616054945,82.2960767655686,0.6,545.67,normal,0.0,none,0.0
267,84.0,20.0,1386.4727590978462,2448.0,1180.0215403354637,13.85265964326366,0.8784342409278195,0.9006374709026511,168.16226930184905,82.37674063733239,0.6,545.67,normal,0.0,none,0.0
268,84.0,20.0,1385.4909146350838,2448.0,1179.3030466271491,13.865472462983401,0.8794612286823823,0.9011478126607336,169.43326815296024,81.83441548483849,0.6,545.67,normal,0.0,none,0.0
269,84.0,20.0,1387.26651658014,2448.0,1182.0263956646074,13.84230131064832,0.8776057396950996,0.8992134342248959,165.70437532856636,83.53612439744673,0.6,545.67,normal,0.0,none,0.0
270,84.0,20.0,1386.5883129667507,2448.0,1182.082236896816,13.851151694758228,0.8783135318487659,0.8991737705336361,166.02696885810377,83.4271190398966,0.6,545.67,normal,0.0,none,0.0
271,84.0,20.0,1384.7405957760636,2448.0,1181.1713424557945,13.875263932648462,0.8802476659011089,0.8998207733745502,167.97354851186049,82.6038626651311,0.6,545.67,normal,0.0,none,0.0
272,84.0,20.0,1385.2184729650303,2448.0,1181.143126316365,13.869027757263638,0.879746622431052,0.8998408151286199,167.73508563680872,82.68411885688477,0.6,545.67,normal,0.0,none,0.0
273,84.0,20.0,1384.7828042968015,2448.0,1182.3389004471985,13.87471312222241,0.8802033882406199,0.898991463958057,166.77736059292238,83.19302495791638,0.6,545.67,normal,0.0,none,0.0
274,84.0,20.0,1384.3031203842536,2448.0,1179.9860690118633,13.88097287488898,0.8807068496408991,0.9006626659703855,169.40932534613643,81.93747803745417,0.6,545.67,normal,0.0,none,0.0
275,84.0,20.0,1384.6096702928016,2448.0,1180.1354895759166,13.87697247679917,0.8803850379376561,0.9005565334427513,169.08789893347284,82.06957780141927,0.6,545.67,normal,0.0,none,0.0
276,84.0,20.0,1384.694126822534,2448.0,1178.0539009736449,13.875870340635391,0.8802964180008087,0.9020350733027311,171.13575260096553,81.08107236358455,0.6,545.67,normal,0.0,none,0.0
277,84.0,20.0,1385.0598175209996,2448.0,1181.351347630953,13.871098170327027,0.8799129058289475,0.8996929167816654,167.61446004544808,82.75597562743648,0.6,545.67,normal,0.0,none,0.0
278,84.0,20.0,1385.696041191351,2448.0,1182.3723044027317,13.862795613762511,0.8792464724196426,0.8989677373294221,166.23393708015658,83.3932941567641,0.6,545.67,normal,0.0,none,0.0
279,84.0,20.0,1386.1653479616832,2448.0,1182.170324151297,13.85667128015411,0.8787555282123989,0.8991112026867691,166.1746809770463,83.38617651426772,0.6,545.67,normal,0.0,none,0.0
280,84.0,20.0,1385.0441599364838,2448.0,1180.4483717338212,13.8713024978099,0.879929319618348,0.9003342951284977,168.53070669261865,82.30727070473642,0.6,545.67,normal,0.0,none,0.0
281,84.0,20.0,1384.927968270431,2448.0,1181.9967875049335,13.872818769405383,0.8800511420585522,0.8992344647225703,167.03979534383217,83.05098040170478,0.6,545.67,normal,0.0,none,0.0
282,84.0,20.0,1384.119061994101,2448.0,1179.8780198044708,13.883374789917658,0.88090018456402,0.900739412672301,169.62076531793082,81.8494997584475,0.6,545.67,normal,0.0,none,0.0
283,84.0,20.0,1385.1290359913398,2448.0,1181.8382346586377,13.8701948869503,0.879840351692578,0.8993470838553353,167.08675257462528,83.01193645352292,0.6,545.67,normal,0.0,none,0.0
284,84.0,20.0,1384.4540010141266,2448.0,1180.6543731141564,13.879003921166591,0.8805484279208298,0.9001879735874861,168.6531206336885,82.29319368072373,0.6,545.67,normal,0.0,none,0.0
285,84.0,20.0,1386.3601816214334,2448.0,1181.0147222786918,13.854128750606513,0.878551872740585,0.8999320197440156,167.22666140886514,82.84641117562889,0.6,545.67,normal,0.0,none,0.0
286,84.0,20.0,1384.7268982981939,2448.0,1182.1856663525725,13.875442681239727,0.8802620358120744,0.8991003052135123,166.96241178054777,83.10518836705202,0.6,545.67,normal,0.0,none,0.0
287,84.0,20.0,1384.7957170284035,2448.0,1182.9672127429285,13.874544614369707,0.8801898433928375,0.8985451775147423,166.13956129237135,83.5113834805027,0.6,545.67,normal,0.0,none,0.0
288,84.0,20.0,1383.7042769385837,2448.0,1179.1620665165542,13.888787629059033,0.8813361861000122,0.9012479499850594,170.5726811244636,81.42445517945897,0.6,545.67,normal,0.0,none,0.0
289,84.0,20.0,1385.217652037779,2448.0,1180.4073194230523,13.869038470154802,0.879747482665697,0.900363454337839,168.47511383474534,82.32099183359941,0.6,545.67,normal,0.0,none,0.0
290,84.0,20.0,1387.281535892216,2448.0,1182.5469996593408,13.842105312457932,0.8775900780342001,0.8988436523397347,165.1733472790272,83.80350426073568,0.6,545.67,normal,0.0,none,0.0
291,84.0,20.0,1385.25703003317,2448.0,1182.4284365843132,13.868524597362317,0.8797062210798479,0.8989278669785732,166.4227047537309,83.33312824043264,0.6,545.67,normal,0.0,none,0.0
292,84.0,20.0,1384.2959341369801,2448.0,1178.1070856730362,13.881066653582314,0.8807143964826306,0.901997296530748,171.30450648713412,81.03153231771434,0.6,545.67,normal,0.0,none,0.0
293,84.0,20.0,1386.1004503371091,2448.0,1182.0980527955633,13.857518177596058,0.8788233852805707,0.8991625365959148,166.28347853939152,83.33671089466232,0.6,545.67,normal,0.0,none,0.0
294,84.0,20.0,1384.7522419470324,2448.0,1178.650776583148,13.87511195308886,0.8802354483683099,0.9016111161484996,170.50222988937065,81.37789143339441,0.6,545.67,normal,0.0,none,0.0
295,84.0,20.0,1386.1442131211413,2448.0,1180.568405139975,13.856947084430587,0.8787776256874601,0.900249036122307,167.7958376639262,82.5821860503137,0.6,545.67,normal,0.0,none,0.0
296,84.0,20.0,1383.243252563372,2448.0,1183.2444735216218,13.89480387952438,0.8818212988508131,0.8983482408518207,166.7281877804877,83.33806097513701,0.6,545.67,normal,0.0,none,0.0
297,84.0,20.0,1386.2003534219555,2448.0,1181.5153971525024,13.856214467829258,0.8787189307931542,0.8995763933935392,166.8128579919587,83.06442701495591,0.6,545.67,normal,0.0,none,0.0
298,84.0,20.0,1385.4735516547719,2448.0,1179.7749799123,13.865699045446277,0.8794794115871446,0.9008126012877536,168.96815297065893,82.06102038562283,0.6,545.67,normal,0.0,none,0.0
299,84.0,20.0,1384.746321033504,2448.0,1183.4179269287358,13.875189219499672,0.8802416597198208,0.8982250379403579,165.71498573737597,83.72923642216028,0.6,545.67,normal,0.0,none,0.0
300,84.0,20.0,1384.4854536899852,2448.0,1181.732113448157,13.878593471771842,0.8805154104029008,0.8994224611126443,167.55266493704562,82.83123086694224,0.6,545.67,normal,0.0,none,0.0
301,84.0,20.0,1383.7629865725653,2448.0,1181.8025753276816,13.888021483315438,0.8812744472169413,0.8993724124635631,167.88527563315495,82.72328487974171,0.6,545.67,normal,0.0,none,0.0
302,84.0,20.0,1385.5843588357552,2448.0,1180.1571733185756,13.864253040007089,0.8793633847168978,0.9005411316108045,168.52189237978814,82.26974456684843,0.6,545.67,normal,0.0,none,0.0
303,84.0,20.0,1384.249725883756,2448.0,1180.288150419678,13.881669659496774,0.8807629264823369,0.9004480993639362,169.13535811669175,82.07432091118038,0.6,545.67,normal,0.0,none,0.0
304,84.0,20.0,1386.587479210491,2448.0,1180.1615337256023,13.851162575064683,0.8783144026826152,0.9005380344399283,167.95743200087003,82.46829217413215,0.6,545.67,normal,0.0,none,0.0
305,84.0,20.0,1385.964382618013,2448.0,1180.5877774154576,13.85929382661235,0.8789656919483256,0.9002352761115883,167.87676865290126,82.55635331692353,0.6,545.67,normal,0.0,none,0.0
306,84.0,20.0,1386.336840668057,2448.0,1180.2906525053422,13.85443334409259,0.8785762655646009,0.900446322147543,167.96753651652608,82.4828037096887,0.6,545.67,normal,0.0,none,0.0
307,84.0,20.0,1385.7467482304426,2448.0,1182.7247950411936,13.862133899840353,0.8791934010956927,0.8987173653497394,165.8518281469722,83.58143563878117,0.6,545.67,normal,0.0,none,0.0
308,84.0,20.0,1384.29648294048,2448.0,1180.5788115362047,13.881059491836671,0.8807138201364824,0.9002416445216768,168.81702573561324,82.22547122454341,0.6,545.67,normal,0.0,none,0.0
309,84.0,20.0,1385.5627364931795,2448.0,1178.875947150871,13.86453520606072,0.8793860231986071,0.901451178849021,169.82302235476755,81.64108148480078,0.6,545.67,normal,0.0,none,0.0
310,84.0,20.0,1385.3972287442466,2448.0,1180.873811708839,13.866695039954712,0.8795593475784302,0.9000321076739709,167.90592239905197,82.58609846410639,0.6,545.67,normal,0.0,none,0.0
311,84.0,20.0,1384.720342656492,2448.0,1181.7914227591762,13.875528230691252,0.8802689134476787,0.8993803340658714,167.36195238451603,82.90730379872758,0.6,545.67,normal,0.0,none,0.0
312,84.0,20.0,1384.5276331615396,2448.0,1181.6700454295267,13.878043040430219,0.8804711362933999,0.8994665476528353,167.59145458981237,82.80877491276244,0.6,545.67,normal,0.0,none,0.0
313,84.0,20.0,1385.3695295041177,2448.0,1179.0005944255126,13.867056507970881,0.8795883616777838,0.9013626426398034,169.80542991883652,81.66438796803521,0.6,545.67,normal,0.0,none,0.0
314,84.0,20.0,1385.9703844524033,2448.0,1184.3158907102809,13.859215504204935,0.8789594139474876,0.8975872196690705,164.1311963075924,84.43986162284392,0.6,545.67,normal,0.0,none,0.0
315,84.0,20.0,1383.4431065538174,2448.0,1177.329898431122,13.89219583594216,0.8816109369950119,0.902549327952607,172.5637146472098,80.50473336380965,0.6,545.67,normal,0.0,none,0.0
316,84.0,20.0,1385.363449324481,2448.0,1183.6458269036411,13.867135852763774,0.8795947307345506,0.8980631619593799,165.14185527165938,83.97105524793972,0.6,545.67,normal,0.0,none,0.0
317,84.0,20.0,1385.2729735543046,2448.0,1181.3219791314536,13.868316538479528,0.8796895160238041,0.8997137770501593,167.5249535401636,82.78358683534654,0.6,545.67,normal,0.0,none,0.0
318,84.0,20.0,1385.1579229874526,2448.0,1182.4865181976488,13.869817919021592,0.8798100761589778,0.8988866119580782,166.41973837356636,83.34238507146118,0.6,545.67,normal,0.0,none,0.0
319,84.0,20.0,1384.4243454902312,2448.0,1180.1805780438137,13.87939091818677,0.8805795611424765,0.9005245073752861,169.1460308234566,82.0556701840267,0.6,545.67,normal,0.0,none,0.0
320,84.0,20.0,1386.404467922468,2448.0,1179.9346385307297,13.853550825677736,0.8785055943801807,0.900699196731695,168.28779971053945,82.32058919010349,0.6,545.67,normal,0.0,none,0.0
321,84.0,20.0,1383.0235345830852,2448.0,1180.6769176596893,13.897671143105702,0.8820526849819459,0.9001719603324371,169.42913592547097,82.02645352107004,0.6,545.67,normal,0.0,none,0.0
322,84.0,20.0,1385.2985923967503,2448.0,1181.118936815432,13.8679822191223,0.8796626748379315,0.8998579967855925,167.71465866808177,82.68795541937655,0.6,545.67,normal,0.0,none,0.0
323,84.0,20.0,1384.3903466923139,2448.0,1183.355571826238,13.879834593824736,0.8806152567669686,0.8982693283944928,165.97628290748588,83.6254093096016,0.6,545.67,normal,0.0,none,0.0
324,84.0,20.0,1384.8199829574214,2448.0,1181.4687366741998,13.87422795018752,0.8801643907029774,0.8996095360505372,167.630437407103,82.76675861969461,0.6,545.67,normal,0.0,none,0.0
325,84.0,20.0,1383.2180581893838,2448.0,1181.1642272446798,13.895132659676538,0.881847825012956,0.8998258272661951,168.83078138099143,82.30212847454715,0.6,545.67,normal,0.0,none,0.0
326,84.0,20.0,1383.3889912851919,2448.0,1182.4729360128545,13.892902026390116,0.8816678876111195,0.8988962593022181,167.42102518970262,82.9818238817272,0.6,545.67,normal,0.0,none,0.0
327,84.0,20.0,1384.4170131659346,2448.0,1180.4693417336464,13.879486603147983,0.8805872591668028,0.9003194002637912,168.85978113605523,82.19533692256108,0.6,545.67,normal,0.0,none,0.0
328,84.0,20.0,1385.80642239073,2448.0,1180.6692647971743,13.861355167274567,0.8791309527521353,0.900177396114637,167.8830495191106,82.56554313838986,0.6,545.67,normal,0.0,none,0.0
329,84.0,20.0,1383.8218846702775,2448.0,1181.3748709696604,13.887252878168244,0.8812125188368316,0.8996762082957134,168.2820065508589,82.5236943794771,0.6,545.67,normal,0.0,none,0.0
330,84.0,20.0,1386.593573562963,2448.0,1180.9437412050947,13.851083045319907,0.8783080373508303,0.8999824371735226,167.16768349697634,82.85742049880376,0.6,545.67,normal,0.0,none,0.0
331,84.0,20.0,1385.83831903721,2448.0,1181.400985838732,13.860938924176486,0.8790975769052075,0.8996576590613361,167.12992829865271,82.93510961967081,0.6,545.67,normal,0.0,none,0.0
332,84.0,20.0,1385.0545647416795,2448.0,1183.3203478343717,13.871166717756896,0.8799184122303149,0.8982943477839845,165.6407603605004,83.74247188655559,0.6,545.67,normal,0.0,none,0.0
333,84.0,20.0,1386.5205234300395,2448.0,1180.2403287115035,13.852036330915693,0.8783843416606794,0.9004820668355256,167.91558180592517,82.49404958097165,0.6,545.67,normal,0.0,none,0.0
334,84.0,20.0,1385.4755858397716,2448.0,1184.5298359420522,13.865672499851058,0.8794772813038303,0.8974352556581795,164.1930384874139,84.4473835650098,0.6,545.67,normal,0.0,none,0.0
335,84.0,20.0,1384.2288585666383,2448.0,1180.5355544703725,13.88194197266083,0.8807848440366082,0.9002723697552742,168.898268443238,82.19114441262707,0.6,545.67,normal,0.0,none,0.0
336,84.0,20.0,1385.6581589287282,2448.0,1182.7729378688111,13.863289967624011,0.8792861251759635,0.8986831697889418,165.85297683829413,83.58782719432679,0.6,545.67,normal,0.0,none,0.0
337,84.0,20.0,1384.1803407888185,2448.0,1180.4271755891036,13.882575117281982,0.8808358078963143,0.9003493506225605,169.034315932788,82.1287384202035,0.6,545.67,normal,0.0,none,0.0
338,84.0,20.0,1382.7104533673191,2448.0,1180.3274450862045,13.901756773088232,0.8823826022826841,0.900420188598725,169.9552750820199,81.79655951472695,0.6,545.67,normal,0.0,none,0.0
339,84.0,20.0,1384.6071305651037,2448.0,1181.1540275191205,13.877005619597607,0.880387703141262,0.8998330720698915,168.06546475288536,82.56904914999419,0.6,545.67,normal,0.0,none,0.0
340,84.0,20.0,1384.1984586921726,2448.0,1180.0389777651667,13.882338683266026,0.8808167758672008,0.9006250852012482,169.41455011938098,81.94301300262339,0.6,545.67,normal,0.0,none,0.0
341,84.0,20.0,1383.784595975349,2448.0,1181.6529687981429,13.887739486122788,0.8812517250085652,0.8994786770813628,168.02346897660482,82.65356959185554,0.6,545.67,normal,0.0,none,0.0
342,84.0,20.0,1385.392221350575,2448.0,1181.5935289764413,13.866760385164477,0.879564592527056,0.8995208968290881,167.18558196153919,82.94232207388856,0.6,545.67,normal,0.0,none,0.0
343,84.0,20.0,1384.2231865396786,2448.0,1178.8095019994507,13.882015991165424,0.880790801721179,0.9014983744402968,170.63782454677875,81.3536859605228,0.6,545.67,normal,0.0,none,0.0
344,84.0,20.0,1385.4145935017439,2448.0,1181.5170403049992,13.866468434300021,0.8795411595068507,0.899575226272207,167.24992335747777,82.90866839240347,0.6,545.67,normal,0.0,none,0.0
345,84.0,20.0,1384.6772958816316,2448.0,1181.2650147606762,13.876089980119724,0.8803140772238698,0.8997542384999871,167.91477251354831,82.63769632895237,0.6,545.67,normal,0.0,none,0.0
346,84.0,20.0,1384.0696954151379,2448.0,1184.0892197203993,13.884019011177157,0.8809520536531399,0.8977482227093809,165.41962836128943,83.93211343005422,0.6,545.67,normal,0.0,none,0.0
347,84.0,20.0,1385.7659602595156,2448.0,1182.0205538001965,13.861883187762931,0.8791732949530832,0.8992175836660385,166.5480518970873,83.2305333497891,0.6,545.67,normal,0.0,none,0.0
348,84.0,20.0,1387.1956506376898,2448.0,1182.2756905670258,13.843226093115728,0.8776796439876139,0.8990363615556313,165.4936443798237,83.64808295202083,0.6,545.67,normal,0.0,none,0.0
349,84.0,20.0,1385.85048837555,2448.0,1181.2021438275956,13.86078011741618,0.8790848438841541,0.8997988953454812,167.32290963920843,82.83850757379021,0.6,545.67,normal,0.0,none,0.0
350,84.0,20.0,1383.916583638344,2448.0,1181.264028058214,13.886017080797583,0.8811129658916602,0.8997549393488093,168.34049488162674,82.48768123535527,0.6,545.67,normal,0.0,none,0.0
351,84.0,20.0,1385.9610420378253,2448.0,1180.9991995303235,13.859337420331443,0.8789691862797289,0.8999430454587865,167.465113622363,82.75954985815441,0.6,545.67,normal,0.0,none,0.0
352,84.0,20.0,1383.97727679166,2448.0,1182.2930360212108,13.885225050632771,0.8810491736214413,0.8990240411838851,167.2731563798515,83.00928464039723,0.6,545.67,normal,0.0,none,0.0
353,84.0,20.0,1385.8461099112374,2448.0,1180.1326519951824,13.860837255258284,0.8790894251160786,0.9005585489592742,168.40040701512686,82.3088108926792,0.6,545.67,normal,0.0,none,0.0
354,84.0,20.0,1385.1880875390134,2448.0,1180.0074422460902,13.869424279320263,0.8797784638842692,0.9006474846907095,168.89372294979313,82.11924065078021,0.6,545.67,normal,0.0,none,0.0
355,84.0,20.0,1384.989758500144,2448.0,1179.9311654386684,13.872012422673514,0.8799863532082047,0.9007016636480896,169.081172311994,82.04350746442915,0.6,545.67,normal,0.0,none,0.0
356,84.0,20.0,1385.9651188010669,2448.0,1180.9360286581525,13.859284219611336,0.8789649218859593,0.8999879153492117,167.52632172104484,82.72899492587807,0.6,545.67,normal,0.0,none,0.0
357,84.0,20.0,1385.1777379039656,2448.0,1182.6308287008865,13.869559339416908,0.8797893099856369,0.8987841090758959,166.2638306672688,83.41898104809702,0.6,545.67,normal,0.0,none,0.0
358,84.0,20.0,1386.470575700905,2448.0,1179.9535711089802,13.852688136036647,0.8784365220521313,0.9006857490352747,168.2318476532721,82.34284012969535,0.6,545.67,normal,0.0,none,0.0
359,84.0,20.0,1385.311599633788,2448.0,1182.358250519178,13.86781247799778,0.8796490476177821,0.8989777197183527,166.46269164794558,83.30883239186726,0.6,545.67,normal,0.0,none,0.0
360,88.0,22.5,1293.0103321690385,2556.0,1198.9746017026691,16.481692911198316,0.8799038210630766,0.9011280188573493,235.3449127335718,70.0320764097282,0.7,491.66999999999996,normal,0.0,none,0.0
361,88.0,22.5,1295.00479125957,2556.0,1202.9271221869071,16.455665728956564,0.877719262154628,0.8985033613100967,230.2598701337693,71.46562585741343,0.7,491.66999999999996,normal,0.0,none,0.0
362,88.0,22.5,1293.7639339366463,2556.0,1198.4728898648916,16.47185860041383,0.8790771135581047,0.9014611788667204,235.42909743601513,69.96526249220554,0.7,491.66999999999996,normal,0.0,none,0.0
363,88.0,22.5,1292.665533336812,2556.0,1199.5177889580655,16.486192447982855,0.8802825869829193,0.9007673172404612,234.99094740654442,70.15671297099388,0.7,491.66999999999996,normal,0.0,none,0.0
364,88.0,22.5,1293.9622301067936,2556.0,1202.3592360636067,16.46927088598902,0.8788598390808737,0.8988804641247296,231.41186282149863,71.16865438610951,0.7,491.66999999999996,normal,0.0,none,0.0
365,88.0,22.5,1292.5152167891388,2556.0,1200.5855498273027,16.488154040576465,0.8804478137167228,0.9000582743309354,234.0012822820529,70.46181063530459,0.7,491.66999999999996,normal,0.0,none,0.0
366,88.0,22.5,1292.4234269974547,2556.0,1200.955923449449,16.48935187393762,0.8805487388188641,0.8998123290090716,233.68033285033903,70.56371271303458,0.7,491.66999999999996,normal,0.0,none,0.0
367,88.0,22.5,1292.6695764095691,2556.0,1200.435191760315,16.486139686914974,0.8802781437264546,0.9001581190849052,234.06622618417867,70.43365442198653,0.7,491.66999999999996,normal,0.0,none,0.0
368,88.0,22.5,1292.2152071498663,2556.0,1199.458017482481,16.492069089820994,0.880777767389085,0.9008070082819445,235.30250239958377,70.08879600359985,0.7,491.66999999999996,normal,0.0,none,0.0
369,88.0,22.5,1294.400387182655,2556.0,1204.0575096244334,16.463553047945563,0.8783801280056083,0.8977527314446592,229.4636526053584,71.74797777781521,0.7,491.66999999999996,normal,0.0,none,0.0
370,88.0,22.5,1292.0116836923912,2556.0,1198.8846889745387,16.494725019011682,0.8810017453976515,0.901187725093262,235.99297001143236,69.89498466082534,0.7,491.66999999999996,normal,0.0,none,0.0
371,88.0,22.5,1293.8531213716237,2556.0,1203.4740668593045,16.470694727143705,0.8789793769804867,0.8981401645934544,230.35423141692087,71.50159398345583,0.7,491.66999999999996,normal,0.0,none,0.0
372,88.0,22.5,1292.8325877886507,2556.0,1199.271539672323,16.484012430010594,0.8800990348210072,0.9009308382263506,235.14538934778267,70.10136356801175,0.7,491.66999999999996,normal,0.0,none,0.0
373,88.0,22.5,1291.289351002384,2556.0,1199.895804132722,16.50415127631185,0.8817975945224343,0.9005162975721015,235.3791397082884,70.11730647314745,0.7,491.66999999999996,normal,0.0,none,0.0
374,88.0,22.5,1293.261346744222,2556.0,1202.018288192572,16.478417235038975,0.8796282833034144,0.8991068693784151,232.14545883964166,70.98315563614672,0.7,491.66999999999996,normal,0.0,none,0.0
375,88.0,22.5,1292.9123238499349,2556.0,1201.1239744917025,16.48297189475563,0.8800114512916707,0.8997007352961147,233.2385198320183,70.67002443089976,0.7,491.66999999999996,normal,0.0,none,0.0
376,88.0,22.5,1293.8480516390805,2556.0,1197.5880470869001,16.470760885859843,0.8789849320942712,0.9020487556508633,236.2731327489875,69.71068057644155,0.7,491.66999999999996,normal,0.0,none,0.0
377,88.0,22.5,1291.3006192416958,2556.0,1198.9625094384426,16.504004228663934,0.8817851684020721,0.9011360486835555,236.31167046276977,69.83998799697069,0.7,491.66999999999996,normal,0.0,none,0.0
378,88.0,22.5,1293.7620761987946,2556.0,1199.385716763262,16.47188284341879,0.8790791496021909,0.9008550193242973,234.51156316264724,70.23910728015825,0.7,491.66999999999996,normal,0.0,none,0.0
379,88.0,22.5,1292.340784168891,2556.0,1200.0068685590593,16.490430341763915,0.8806396264094979,0.9004425456242041,234.68041031638842,70.26760486540849,0.7,491.66999999999996,normal,0.0,none,0.0
380,88.0,22.5,1291.786525472751,2556.0,1199.7164890338618,16.49766327632848,0.8812496652670437,0.9006353711428613,235.2818776056588,70.11871651236642,0.7,491.66999999999996,normal,0.0,none,0.0
381,88.0,22.5,1292.2495227311108,2556.0,1199.7141772372918,16.491621280241436,0.8807400142363043,0.9006369062833722,235.02569580082348,70.16943923534872,0.7,491.66999999999996,normal,0.0,none,0.0
382,88.0,22.5,1292.612574885986,2556.0,1203.359279306967,16.486883542253697,0.8803407914080021,0.8982163888702859,231.1619978540445,71.32177302198046,0.7,491.66999999999996,normal,0.0,none,0.0
383,88.0,22.5,1292.8466193129418,2556.0,1201.5108860106038,16.483829322198762,0.8800836210774106,0.8994438080411509,232.88654358921383,70.7805142716808,0.7,491.66999999999996,normal,0.0,none,0.0
384,88.0,22.5,1294.0897612763558,2556.0,1198.1406273807504,16.467606636766032,0.87872015904236,0.9016818166193008,235.58168403511974,69.90189710296448,0.7,491.66999999999996,normal,0.0,none,0.0
385,88.0,22.5,1291.3515619916095,2556.0,1198.626430709488,16.50333943877569,0.8817289953408857,0.9013592206002956,236.62145477220304,69.74574412393652,0.7,491.66999999999996,normal,0.0,none,0.0
386,88.0,22.5,1292.6904421403203,2556.0,1198.639374801265,16.4858673944526,0.8802552134168559,0.9013506251209527,235.8608849592291,69.89657228371014,0.7,491.66999999999996,normal,0.0,none,0.0
387,88.0,22.5,1292.9117758359796,2556.0,1200.3679100422737,16.48297904619792,0.8800120531806018,0.9002027972768978,233.99862985577994,70.44049384544196,0.7,491.66999999999996,normal,0.0,none,0.0
388,88.0,22.5,1293.9196104869588,2556.0,1200.075469654074,16.469827061153396,0.878906528629538,0.9003969913044989,233.72992269880058,70.46520561416294,0.7,491.66999999999996,normal,0.0,none,0.0
389,88.0,22.5,1292.867771791126,2556.0,1202.6349942083352,16.48355328775555,0.8800603859284244,0.8986973478831656,231.74617137771486,71.12761859133194,0.7,491.66999999999996,normal,0.0,none,0.0
390,88.0,22.5,1292.9693687055342,2556.0,1200.7933724522552,16.482227473945148,0.8799488028881834,0.8999202704361432,233.5388548801979,70.57595397733836,0.7,491.66999999999996,normal,0.0,none,0.0
391,88.0,22.5,1291.2893812496152,2556.0,1199.326693785318,16.504150881593194,0.8817975611666447,0.9008942133285134,235.9515269138535,69.94720948603523,0.7,491.66999999999996,normal,0.0,none,0.0
392,88.0,22.5,1292.9123291786543,2556.0,1200.2986527986723,16.4829718252172,0.8800114454390915,0.9002487873098011,234.06794189809585,70.41960420360876,0.7,491.66999999999996,normal,0.0,none,0.0
393,88.0,22.5,1292.8824962928,2556.0,1200.9788781566501,16.483361136765687,0.8800442123781042,0.8997970860152045,233.40095468558553,70.62250948789145,0.7,491.66999999999996,normal,0.0,none,0.0
394,88.0,22.5,1293.9095296968817,2556.0,1200.900778047463,16.46995861289177,0.8789175728026117,0.8998489481223931,232.90600287637494,70.71504559559988,0.7,491.66999999999996,normal,0.0,none,0.0
395,88.0,22.5,1293.6026600080418,2556.0,1202.5561795848864,16.4739631840328,0.8792539017433475,0.8987496844610768,231.41495514359178,71.187979937644,0.7,491.66999999999996,normal,0.0,none,0.0
396,88.0,22.5,1292.4575456651478,2556.0,1200.084093514347,16.488906634029664,0.8805112218145476,0.9003912646599332,234.53757144929403,70.30390283372782,0.7,491.66999999999996,normal,0.0,none,0.0
397,88.0,22.5,1294.5528830971255,2556.0,1200.8580592944052,16.46156301517132,0.8782132924886319,0.8998773153625049,232.58972304575593,70.77510906160259,0.7,491.66999999999996,normal,0.0,none,0.0
398,88.0,22.5,1292.0171743826797,2556.0,1199.0782015476034,16.494653366904377,0.8809957013858999,0.9010592237388964,235.79518146958344,69.95330975002183,0.7,491.66999999999996,normal,0.0,none,0.0
399,88.0,22.5,1291.9897985364348,2556.0,1200.6147061031081,16.49501061471288,0.8810258368428853,0.9000389132069014,234.26533716718671,70.41165720108641,0.7,491.66999999999996,normal,0.0,none,0.0
400,88.0,22.5,1293.6929158698545,2556.0,1202.3052683884268,16.472785368065082,0.8791549546720309,0.898916301172642,231.61640106291657,71.12097974266682,0.7,491.66999999999996,normal,0.0,none,0.0
401,88.0,22.5,1292.6091053447542,2556.0,1200.1021413842882,16.486928818881513,0.8803446049047504,0.9003792800343652,234.4348047543204,70.32628468353599,0.7,491.66999999999996,normal,0.0,none,0.0
402,88.0,22.5,1291.752328833794,2556.0,1199.0168264645904,16.498109533741538,0.8812873311116051,0.901099979650342,236.00480951719118,69.90581915467182,0.7,491.66999999999996,normal,0.0,none,0.0
403,88.0,22.5,1293.0431644822859,2556.0,1202.5469789344727,16.481264457887665,0.8798677713434688,0.8987557941211392,231.73657398470698,71.12068748792029,0.7,491.66999999999996,normal,0.0,none,0.0
404,88.0,22.5,1293.2134068595583,2556.0,1200.3461737375596,16.479042838301897,0.8796808934029892,0.9002172311948106,233.85206928469563,70.46780851120039,0.7,491.66999999999996,normal,0.0,none,0.0
405,88.0,22.5,1293.1067922675545,2556.0,1201.5435676796724,16.480434131524646,0.8797979167546106,0.8994221058919224,232.7084559727772,70.82009144288494,0.7,491.66999999999996,normal,0.0,none,0.0
406,88.0,22.5,1292.6925611424217,2556.0,1201.4322255336897,16.485839742015845,0.8802528848149699,0.8994960422585894,233.05156661991964,70.73902132956847,0.7,491.66999999999996,normal,0.0,none,0.0
407,88.0,22.5,1293.495021987369,2556.0,1200.2042836229637,16.47536783273855,0.8793719339162747,0.9003114528343035,233.83747562023262,70.45649029967987,0.7,491.66999999999996,normal,0.0,none,0.0
408,88.0,22.5,1293.2889376278517,2556.0,1200.3057048960009,16.478057181047472,0.8795980074198708,0.9002441043889784,233.85057954875657,70.46404252169872,0.7,491.66999999999996,normal,0.0,none,0.0
409,88.0,22.5,1292.674071264661,2556.0,1202.389193490771,16.486081030202897,0.8802732040228521,0.8988605709989085,232.10101541135555,71.02976693567844,0.7,491.66999999999996,normal,0.0,none,0.0
410,88.0,22.5,1293.361167051951,2556.0,1198.5081312605396,16.477114605492435,0.8795187588761346,0.9014377769399164,235.6185009695298,69.93132770852853,0.7,491.66999999999996,normal,0.0,none,0.0
411,88.0,22.5,1293.9822396181457,2556.0,1203.8608154189362,16.469009766971336,0.8788379204872657,0.8978833455510294,229.89431675531193,71.63730708706528,0.7,491.66999999999996,normal,0.0,none,0.0
412,88.0,22.5,1294.621581543041,2556.0,1200.6294690146683,16.460666517980652,0.8781381548467575,0.9000291099465767,232.78108770169086,70.7130750204029,0.7,491.66999999999996,normal,0.0,none,0.0
413,88.0,22.5,1292.8946006406222,2556.0,1200.8504185918744,16.48320317811505,0.8800309172780327,0.8998823891445749,233.52327529823248,70.5848406633744,0.7,491.66999999999996,normal,0.0,none,0.0
414,88.0,22.5,1291.8187361255207,2556.0,1204.698377173424,16.497242935528437,0.8812141898289285,0.8973271655668971,230.26276305886444,71.6452921713229,0.7,491.66999999999996,normal,0.0,none,0.0
415,88.0,22.5,1292.5624088784575,2556.0,1198.3219074725155,16.487538195852,0.8803959338744308,0.9015614382018036,236.25194103326737,69.78794808517716,0.7,491.66999999999996,normal,0.0,none,0.0
416,88.0,22.5,1293.950928689668,2556.0,1201.2452638941672,16.46941836659893,0.8788722192351083,0.8996201934882101,232.53678226700276,70.82500327921653,0.7,491.66999999999996,normal,0.0,none,0.0
417,88.0,22.5,1293.6088562846594,2556.0,1202.0201185228598,16.47388232420393,0.8792471080827714,0.8991056539539225,231.94959502430873,71.02354424234902,0.7,491.66999999999996,normal,0.0,none,0.0
418,88.0,22.5,1293.2199267428605,2556.0,1198.5236296565554,16.47895775548836,0.879673737994977,0.9014274852836845,235.6817594602186,69.92037819655657,0.7,491.66999999999996,normal,0.0,none,0.0
419,88.0,22.5,1291.253268867423,2556.0,1201.179203333372,16.504622138966663,0.8818373866754875,0.8996640607749599,234.10934013192332,70.49963119654312,0.7,491.66999999999996,normal,0.0,none,0.0
420,88.0,22.5,1291.191912343198,2556.0,1200.6197309465815,16.50542282595258,0.8819050602140645,0.9000355764769846,234.7057734484029,70.3238892825152,0.7,491.66999999999996,normal,0.0,none,0.0
421,88.0,22.5,1291.3291649380917,2556.0,1200.8138063902443,16.503631714609448,0.8817536910267011,0.8999067013503466,234.43410118341086,70.39774346522113,0.7,491.66999999999996,normal,0.0,none,0.0
422,88.0,22.5,1292.803438000835,2556.0,1200.1229314357606,16.484392827303967,0.8801310578260462,0.9003654744726428,234.3053997080002,70.35430189764047,0.7,491.66999999999996,normal,0.0,none,0.0
423,88.0,22.5,1290.0387758260965,2556.0,1199.3913394858187,16.52047096327598,0.8831788536793675,0.9008512855748448,236.5847496778734,69.82897665961035,0.7,491.66999999999996,normal,0.0,none,0.0
424,88.0,22.5,1293.5672428682258,2556.0,1199.214074356726,16.474425368670655,0.8792927354700485,0.9009689978702758,234.79302052639162,70.16573717453781,0.7,491.66999999999996,normal,0.0,none,0.0
425,88.0,22.5,1293.2523395671585,2556.0,1201.4108301077993,16.47853477640146,0.8796381674629157,0.8995102498170988,232.76051419851223,70.79609199671887,0.7,491.66999999999996,normal,0.0,none,0.0
426,88.0,22.5,1292.0963088803976,2556.0,1200.626493859948,16.493620681900463,0.8809086013598921,0.9000310855877712,234.19402173548667,70.4271635957018,0.7,491.66999999999996,normal,0.0,none,0.0
427,88.0,22.5,1292.6691831449139,2556.0,1200.6522456181544,16.486144818918383,0.8802785759145119,0.9000139852218653,233.84828577276977,70.4993186691048,0.7,491.66999999999996,normal,0.0,none,0.0
428,88.0,22.5,1292.616403639445,2556.0,1200.033342195679,16.48683357799797,0.8803365831266055,0.9004249658974361,234.499903951073,70.30635535542842,0.7,491.66999999999996,normal,0.0,none,0.0
429,88.0,22.5,1294.690277239542,2556.0,1199.6695020774919,16.45977005666914,0.8780630330672946,0.9006665726686096,233.7078722493797,70.4288216663306,0.7,491.66999999999996,normal,0.0,none,0.0
430,88.0,22.5,1293.817892108089,2556.0,1202.8452912440955,16.47115446004403,0.8790179805801697,0.8985577008644406,231.0046613139089,71.3022601637532,0.7,491.66999999999996,normal,0.0,none,0.0
431,88.0,22.5,1292.9759380955086,2556.0,1200.5468376725435,16.482141745082174,0.8799415887561414,0.9000839810033144,233.78295500961053,70.5018967033102,0.7,491.66999999999996,normal,0.0,none,0.0
432,88.0,22.5,1293.5546957127785,2556.0,1199.4218399341944,16.474589105847812,0.8793064938354277,0.900831031857668,234.5910128083069,70.2268552773154,0.7,491.66999999999996,normal,0.0,none,0.0
433,88.0,22.5,1294.1466869640078,2556.0,1201.286130362698,16.466863771066862,0.8786578248336291,0.8995930562512274,232.38643104765794,70.85983332516444,0.7,491.66999999999996,normal,0.0,none,0.0
434,88.0,22.5,1293.4556408301983,2556.0,1200.7434628577025,16.47588174679146,0.879415125865067,0.8999534127296607,233.31750856648358,70.61571095979997,0.7,491.66999999999996,normal,0.0,none,0.0
435,88.0,22.5,1292.6689207459717,2556.0,1202.1911109110506,16.48614824315763,0.8802788642846472,0.8989921070503765,232.3027266247948,70.9683802798636,0.7,491.66999999999996,normal,0.0,none,0.0
436,88.0,22.5,1292.2638227386408,2556.0,1200.5784297880846,16.491434668791836,0.8807242826774563,0.9000630023683347,234.14880008177977,70.4314293433576,0.7,491.66999999999996,normal,0.0,none,0.0
437,88.0,22.5,1294.6491063172464,2556.0,1203.622785402471,16.460307326700264,0.8781080537466881,0.898041408559603,229.76066141430567,71.6411035090944,0.7,491.66999999999996,normal,0.0,none,0.0
438,88.0,22.5,1292.9339673329764,2556.0,1201.0060650056657,16.482689452824307,0.8799876807070707,0.8997790326822137,233.3449003391246,70.6365959953258,0.7,491.66999999999996,normal,0.0,none,0.0
439,88.0,22.5,1293.016926861001,2556.0,1200.7154455234936,16.481606852150858,0.8798965798864253,0.8999720175434698,233.59061345367041,70.55765901064241,0.7,491.66999999999996,normal,0.0,none,0.0
440,88.0,22.5,1292.7174274071886,2556.0,1199.2462230980852,16.485515243605306,0.8802255598395102,0.9009476496098483,235.23515693713085,70.08100089397453,0.7,491.66999999999996,normal,0.0,none,0.0
441,88.0,22.5,1293.9357063700884,2556.0,1202.4381999833975,16.469617013985445,0.8788888950990824,0.8988280284070992,231.3474141968493,71.18997664686128,0.7,491.66999999999996,normal,0.0,none,0.0
442,88.0,22.5,1293.9194758402339,2556.0,1200.2382212550672,16.469828818258797,0.8789066761421126,0.9002889166671687,233.56637018934407,70.5145556909896,0.7,491.66999999999996,normal,0.0,none,0.0
443,88.0,22.5,1291.7908090269245,2556.0,1201.3228682839733,16.49760737703947,0.8812449473786464,0.8995686605617605,233.66489181318423,70.60370622656208,0.7,491.66999999999996,normal,0.0,none,0.0
444,88.0,22.5,1295.2070782168678,2556.0,1203.2393806817247,16.4530259357777,0.8774983001558404,0.8982960071373897,229.83366480727148,71.58666659897057,0.7,491.66999999999996,normal,0.0,none,0.0
445,88.0,22.5,1293.6819609808074,2556.0,1201.51320049996,16.47292832657199,0.879166963277204,0.8994422711125049,232.417819868991,70.87635679509184,0.7,491.66999999999996,normal,0.0,none,0.0
446,88.0,22.5,1293.294766688106,2556.0,1200.6152061944435,16.47798111329845,0.8795916113727453,0.900038581122981,233.53622733574048,70.55856515832589,0.7,491.66999999999996,normal,0.0,none,0.0
447,88.0,22.5,1293.2067004237144,2556.0,1199.093086239827,16.479130355578498,0.8796882536691776,0.9010493396105435,235.11605279085245,70.08934592074627,0.7,491.66999999999996,normal,0.0,none,0.0
448,88.0,22.5,1293.5387470424748,2556.0,1201.9718868331686,16.474797231925947,0.8793239826943187,0.8991376820405245,232.0371648934974,71.00068318576339,0.7,491.66999999999996,normal,0.0,none,0.0
449,88.0,22.5,1292.4869643096044,2556.0,1202.985858100343,16.48852272822572,0.8804788755385204,0.898464357930074,231.60672669577428,71.19189914498524,0.7,491.66999999999996,normal,0.0,none,0.0
450,88.0,22.5,1292.5680873932138,2556.0,1200.5188694815722,16.48746409268331,0.88038969170532,0.9001025531837263,234.03878259648934,70.4475724483222,0.7,491.66999999999996,normal,0.0,none,0.0
451,88.0,22.5,1293.0570213014782,2556.0,1198.2814917730489,16.481083629932794,0.8798525575100818,0.9015882761071493,236.01647128304296,69.83022642588297,0.7,491.66999999999996,normal,0.0,none,0.0
452,88.0,22.5,1293.4896800252131,2556.0,1197.5706649924448,16.475437543981673,0.8793777925547053,0.9020602981705241,236.49073245003632,69.66631365760796,0.7,491.66999999999996,normal,0.0,none,0.0
453,88.0,22.5,1293.12806147703,2556.0,1202.5963889745683,16.480156573767868,0.8797745685507719,0.8987229835550298,231.63958562599242,71.14568319240949,0.7,491.66999999999996,normal,0.0,none,0.0
454,88.0,22.5,1292.8590925475496,2556.0,1202.2940438332141,16.4836665496697,0.8800699195809948,0.8989237547996812,232.0932195593963,71.02174971316329,0.7,491.66999999999996,normal,0.0,none,0.0
455,88.0,22.5,1293.6078201060677,2556.0,1200.0754064122466,16.473895846070167,0.8792482441521865,0.9003970333000155,233.90406924753842,70.4301378726165,0.7,491.66999999999996,normal,0.0,none,0.0
456,88.0,22.5,1292.4172039130242,2556.0,1201.610240103346,16.489433083601607,0.8805555820886501,0.8993778322997458,233.0265150244225,70.76204646442667,0.7,491.66999999999996,normal,0.0,none,0.0
457,88.0,22.5,1292.0247112360855,2556.0,1198.9301938201681,16.49455501289047,0.8809874051450464,0.9011575077580212,235.93990434464752,69.90998431870248,0.7,491.66999999999996,normal,0.0,none,0.0
458,88.0,22.5,1291.617107740326,2556.0,1199.8760527534782,16.499874134509398,0.8814363017565633,0.9005294134071258,235.21600386435824,70.14775297357897,0.7,491.66999999999996,normal,0.0,none,0.0
459,88.0,22.5,1291.6832491063765,2556.0,1203.505635462109,16.499011006558522,0.8813634287120857,0.898119201572026,231.53408291754113,71.25953465967471,0.7,491.66999999999996,normal,0.0,none,0.0
460,88.0,22.5,1293.2123134067351,2556.0,1201.9789455204348,16.47905710758224,0.8796820934513715,0.8991329947436766,232.21233650818596,70.96546787901305,0.7,491.66999999999996,normal,0.0,none,0.0
461,88.0,22.5,1292.814208112946,2556.0,1201.5338622019628,16.484252280088935,0.8801192258611273,0.8994285507808033,232.8815632360314,70.78384416108426,0.7,491.66999999999996,normal,0.0,none,0.0
462,88.0,22.5,1293.0740679749506,2556.0,1197.8389041592827,16.480861175193468,0.8798338421580503,0.9018821748802041,236.45261169691923,69.70048271794242,0.7,491.66999999999996,normal,0.0,none,0.0
463,88.0,22.5,1293.0773124243256,2556.0,1200.0501686974264,16.48081883595695,0.8798302802035797,0.9004137923171902,234.22564469862914,70.36299913770036,0.7,491.66999999999996,normal,0.0,none,0.0
464,88.0,22.5,1293.1342907059686,2556.0,1200.559288178455,16.480075283919618,0.8797677306700757,0.9000757132879569,233.68202760020887,70.5235034682012,0.7,491.66999999999996,normal,0.0,none,0.0
465,88.0,22.5,1292.9172720439838,2556.0,1199.9981666964168,16.482907322085833,0.8800060166804361,0.9004483240659732,234.36728761974325,70.32938551061382,0.7,491.66999999999996,normal,0.0,none,0.0
466,88.0,22.5,1291.863124056972,2556.0,1198.1924650452577,16.496663684348654,0.8811653075355472,0.9016473939976033,236.7726966067819,69.67299828385761,0.7,491.66999999999996,normal,0.0,none,0.0
467,88.0,22.5,1292.6409358644578,2556.0,1199.7854966321936,16.486513438720994,0.8803096200819092,0.9005895468860357,234.7354319721356,70.2344477789703,0.7,491.66999999999996,normal,0.0,none,0.0
468,88.0,22.5,1293.9720013027727,2556.0,1200.8056414395658,16.46914337437463,0.8788491354908144,0.8999121232575844,232.96672249596008,70.69311529959059,0.7,491.66999999999996,normal,0.0,none,0.0
469,88.0,22.5,1292.0675169256908,2556.0,1199.3692279880345,16.49399640956307,0.8809402894648836,0.9008659686384172,235.47427915305008,70.04585158467583,0.7,491.66999999999996,normal,0.0,none,0.0
470,88.0,22.5,1292.7301228737933,2556.0,1199.3384691180515,16.485349571005386,0.8802116097327951,0.9008863939595679,235.13526692424603,70.11006807548142,0.7,491.66999999999996,normal,0.0,none,0.0
471,88.0,22.5,1292.4761491467423,2556.0,1198.8657427648056,16.48866386334156,0.8804907667089938,0.9012003062582593,235.75270966818113,69.9405062471992,0.7,491.66999999999996,normal,0.0,none,0.0
472,88.0,22.5,1292.6593711799042,2556.0,1201.2089589143065,16.486272862558224,0.8802893591569572,0.899644301684429,233.2943734724915,70.66725449554048,0.7,491.66999999999996,normal,0.0,none,0.0
473,88.0,22.5,1292.6170786066773,2556.0,1205.0865426523076,16.486824769847807,0.880335841256933,0.8970694056241473,229.4281299411159,71.86052021641483,0.7,491.66999999999996,normal,0.0,none,0.0
474,88.0,22.5,1292.574278889654,2556.0,1206.1675187697583,16.487383295234544,0.880382885736385,0.8963515871747852,228.36961617864296,72.19604591504515,0.7,491.66999999999996,normal,0.0,none,0.0
475,88.0,22.5,1294.4950680395523,2556.0,1199.9929795073174,16.462317486921037,0.8782765365925946,0.900451768600941,233.49156725409335,70.50497660588398,0.7,491.66999999999996,normal,0.0,none,0.0
476,88.0,22.5,1292.4881887142776,2556.0,1202.4238292846546,16.488506750057148,0.8804775293372668,0.8988375712198601,232.17003537652505,71.01909909828234,0.7,491.66999999999996,normal,0.0,none,0.0
477,88.0,22.5,1293.5716546058218,2556.0,1198.6093831267412,16.474367796620687,0.879287897958121,0.9013705409886141,235.39906186577036,69.98484898811843,0.7,491.66999999999996,normal,0.0,none,0.0
478,88.0,22.5,1293.3637092716724,2556.0,1197.2956509215967,16.477081430173726,0.8795159698684273,0.902242920312403,236.83811601911037,69.57107119043371,0.7,491.66999999999996,normal,0.0,none,0.0
479,88.0,22.5,1292.9244983391882,2556.0,1200.0588369758862,16.482813020777215,0.8799980801468237,0.9004080361768813,234.30225029883565,70.34850497489705,0.7,491.66999999999996,normal,0.0,none,0.0
480,88.0,22.5,1362.3732661308202,2556.0,1200.4759900585173,15.5765243210695,0.8816168743984986,0.9001310271161934,210.18232388031117,74.10958273512853,0.7,518.67,normal,0.0,none,0.0
481,88.0,22.5,1364.8873150433503,2556.0,1200.8385468279694,15.54371662422491,0.8789976560193092,0.8998902725483058,208.41427270587747,74.58086446008822,0.7,518.67,normal,0.0,none,0.0
482,88.0,22.5,1363.9576565020443,2556.0,1202.7284959913213,15.555848430984971,0.8799643892638099,0.8986352583477984,207.03548904060892,75.13614454734267,0.7,518.67,normal,0.0,none,0.0
483,88.0,22.5,1364.1692525353994,2556.0,1201.7909870641734,15.553087156738776,0.8797441679286592,0.8992578079060026,207.85844153513477,74.8253813598896,0.7,518.67,normal,0.0,none,0.0
484,88.0,22.5,1363.0365223422975,2556.0,1200.6211835598292,15.567868996740694,0.8809243577571875,0.9000346118741853,209.66607293233272,74.25077781546966,0.7,518.67,normal,0.0,none,0.0
485,88.0,22.5,1364.1951674195475,2556.0,1200.8332075620233,15.552748974112873,0.8797172042508524,0.8998938180693774,208.80608711446467,74.48417423572076,0.7,518.67,normal,0.0,none,0.0
486,88.0,22.5,1363.7091926769954,2556.0,1199.74443427879,15.559090820505883,0.8802231220184061,0.9006168141996898,210.17195057458656,74.03029175857708,0.7,518.67,normal,0.0,none,0.0
487,88.0,22.5,1364.8847814444875,2556.0,1202.2418523591673,15.543749687043615,0.8790002877713307,0.8989584123673787,207.00626730919964,75.08830476048504,0.7,518.67,normal,0.0,none,0.0
488,88.0,22.5,1362.8637194890518,2556.0,1201.2942519673097,15.570124029884603,0.8811046792154026,0.8995876631277953,209.08626272361948,74.46746537559935,0.7,518.67,normal,0.0,none,0.0
489,88.0,22.5,1365.2865435923966,2556.0,1200.0049604319854,15.538506793523709,0.8785831579074032,0.9004438127093831,209.02927991694088,74.33650826189535,0.7,518.67,normal,0.0,none,0.0
490,88.0,22.5,1363.478610913505,2556.0,1202.9784387217585,15.562099853686096,0.8804633698060327,0.8984692847427433,207.05216778173036,75.16028458147467,0.7,518.67,normal,0.0,none,0.0
491,88.0,22.5,1363.7030872313373,2556.0,1199.5655780002135,15.559170495013905,0.8802294817154636,0.9007355830924284,210.35524506069873,73.96616371759237,0.7,518.67,normal,0.0,none,0.0
492,88.0,22.5,1363.5639994767346,2556.0,1199.721593584374,15.560985554722992,0.8803743864517063,0.9006319814837614,210.27598760149664,74.00267492364989,0.7,518.67,normal,0.0,none,0.0
493,88.0,22.5,1365.2744282306016,2556.0,1200.1747867134143,15.538664895903876,0.8785957309019092,0.9003310401549962,208.86529544314442,74.39562835432218,0.7,518.67,normal,0.0,none,0.0
494,88.0,22.5,1364.2142213578945,2556.0,1201.4003488782928,15.552500325079091,0.8796973802405296,0.8995172098412754,208.2256581430134,74.69060472075604,0.7,518.67,normal,0.0,none,0.0
495,88.0,22.5,1363.0880948827985,2556.0,1198.445639299012,15.56719598824598,0.8808705556094197,0.9014792745106742,211.82553913182443,73.49064731310852,0.7,518.67,normal,0.0,none,0.0
496,88.0,22.5,1362.2034378013789,2556.0,1198.6933126615681,15.57874053743672,0.8817943700546004,0.901314807871506,212.07017456187162,73.46030892661717,0.7,518.67,normal,0.0,none,0.0
497,88.0,22.5,1364.0288649651013,2556.0,1200.142138387187,15.554919178711037,0.8798902658183698,0.9003527201630264,209.5935589649339,74.2146812885288,0.7,518.67,normal,0.0,none,0.0
498,88.0,22.5,1363.1875466314527,2556.0,1200.4908221016315,15.565898168301326,0.8807668228717842,0.9001211779492995,209.71277564222828,74.22484453144084,0.7,518.67,normal,0.0,none,0.0
499,88.0,22.5,1363.7978681212523,2556.0,1199.4328011023747,15.557933628584022,0.8801307641879116,0.9008237531318762,210.43588211229417,73.93194293871373,0.7,518.67,normal,0.0,none,0.0
500,88.0,22.5,1363.9803961852924,2556.0,1201.7715529479347,15.555551683920648,0.8799407173539741,0.8992707130636264,207.9834016508317,74.79227457792878,0.7,518.67,normal,0.0,none,0.0
501,88.0,22.5,1364.3217457701785,2556.0,1199.7186888271629,15.551097158933821,0.8795855269341641,0.9006339103777338,209.85583392170668,74.10371619564147,0.7,518.67,normal,0.0,none,0.0
502,88.0,22.5,1363.9205753692606,2556.0,1200.1609777085694,15.55633233030648,0.8800029932911999,0.9003402099768684,209.63507984928623,74.20672313760873,0.7,518.67,normal,0.0,none,0.0
503,88.0,22.5,1363.2803188223475,2556.0,1201.2377869349452,15.564687514881136,0.8806700792422022,0.8996251585371025,208.9103839698945,74.50413530963651,0.7,518.67,normal,0.0,none,0.0
504,88.0,22.5,1363.1976862434115,2556.0,1200.1028001196046,15.565765848952404,0.8807562481636299,0.9003788426034585,210.0971847780777,74.08840754051165,0.7,518.67,normal,0.0,none,0.0
505,88.0,22.5,1365.111173914669,2556.0,1198.501312685327,15.540795323072176,0.8787651869130886,0.9014423047911863,210.63994410384777,73.77895673676402,0.7,518.67,normal,0.0,none,0.0
506,88.0,22.5,1364.4046972844733,2556.0,1203.1657450002397,15.5500146628375,0.8794992552562431,0.8983449046568148,206.34719325136575,75.35849854713048,0.7,518.67,normal,0.0,none,0.0
507,88.0,22.5,1364.928424374017,2556.0,1202.2109170696335,15.543180157948827,0.8789549562904136,0.8989789548393217,207.01295434664763,75.0831280438684,0.7,518.67,normal,0.0,none,0.0
508,88.0,22.5,1363.8733401623429,2556.0,1201.0857027790248,15.556948737704614,0.8800521733186575,0.8997261494944537,208.7320698822919,74.53070697989763,0.7,518.67,normal,0.0,none,0.0
509,88.0,22.5,1364.2471065984837,2556.0,1199.7400855387189,15.552071181080125,0.8796631680323594,0.9006197019654825,209.87598878784615,74.10124078939297,0.7,518.67,normal,0.0,none,0.0
510,88.0,22.5,1363.597121017751,2556.0,1200.1973638725065,15.560553327063744,0.8803398753611927,0.9003160478706443,209.77909376851164,74.17590117075537,0.7,518.67,normal,0.0,none,0.0
511,88.0,22.5,1363.5299872055036,2556.0,1199.7454575981628,15.561429406184264,0.8804098284573287,0.9006161346680023,210.27097782241725,74.0065489176854,0.7,518.67,normal,0.0,none,0.0
512,88.0,22.5,1365.9530335318445,2556.0,1201.2221205470876,15.52980926986997,0.8778920466582225,0.8996355617477355,207.4338565103601,74.86631898536943,0.7,518.67,normal,0.0,none,0.0
513,88.0,22.5,1366.0227766567027,2556.0,1200.6190029105405,15.528899139885652,0.8778197899355106,0.9000360599267978,208.00093924536986,74.65783181664804,0.7,518.67,normal,0.0,none,0.0
514,88.0,22.5,1363.927900525493,2556.0,1199.0988197773595,15.556236738886673,0.8799953670277757,0.9010455322747897,210.69928048931598,73.83146588236922,0.7,518.67,normal,0.0,none,0.0
515,88.0,22.5,1362.7842469261623,2556.0,1200.3679435168033,15.571161126552747,0.8811876343927211,0.9002027750482524,210.06146651427918,74.12668960632186,0.7,518.67,normal,0.0,none,0.0
516,88.0,22.5,1364.4043283474791,2556.0,1199.942693104706,15.550019477371137,0.8794996389226031,0.9004851611125457,209.58446105590235,74.19452472301126,0.7,518.67,normal,0.0,none,0.0
517,88.0,22.5,1364.4308278000135,2556.0,1200.6754034428086,15.549673666276945,0.8794720823626757,0.8999986073485566,208.83309373040936,74.45981567629609,0.7,518.67,normal,0.0,none,0.0
518,88.0,22.5,1362.9773117083037,2556.0,1201.513264438994,15.568641680406616,0.8809861363169608,0.8994422286540106,208.8028514938988,74.56144190090973,0.7,518.67,normal,0.0,none,0.0
519,88.0,22.5,1363.1502916747665,2556.0,1199.6531949371795,15.56638433598041,0.8808056786392425,0.9006774013686923,210.57576510236805,73.92296225737591,0.7,518.67,normal,0.0,none,0.0
520,88.0,22.5,1364.8415387126254,2556.0,1199.206700991073,15.544313993660959,0.8790452081828691,0.9009738941282174,210.0806235775728,73.99213563320932,0.7,518.67,normal,0.0,none,0.0
521,88.0,22.5,1363.252999030753,2556.0,1200.519814138787,15.565044031190748,0.8806985663453715,0.9001019258873727,209.6470907771801,74.24402586980706,0.7,518.67,normal,0.0,none,0.0
522,88.0,22.5,1364.65630865263,2556.0,1201.9672005036448,15.54673119868213,0.8792376765419724,0.8991407939814244,207.40956491790593,74.95667427312539,0.7,518.67,normal,0.0,none,0.0
523,88.0,22.5,1364.4401993078247,2556.0,1199.856203156507,15.549551370491166,0.879462337423097,0.900542594463292,209.6514051315271,74.16860078154966,0.7,518.67,normal,0.0,none,0.0
524,88.0,22.5,1364.8423408988413,2556.0,1200.0144484127136,15.54430352533552,0.8790443748325986,0.9004375122486199,209.26775299809714,74.2794974506983,0.7,518.67,normal,0.0,none,0.0
525,88.0,22.5,1365.1178610425172,2556.0,1200.9806168896694,15.54070805775999,0.8787582444711216,0.8997959314155611,208.1427956687382,74.66368464894272,0.7,518.67,normal,0.0,none,0.0
526,88.0,22.5,1363.8181452382391,2556.0,1196.991139383883,15.557669017381086,0.880109647754574,0.9024451301450589,212.8828870905582,73.08088137100006,0.7,518.67,normal,0.0,none,0.0
527,88.0,22.5,1365.2484570096865,2556.0,1198.4565721836211,15.539003813710218,0.8786226843444797,0.9014720145664902,210.60833138003915,73.78152474732991,0.7,518.67,normal,0.0,none,0.0
528,88.0,22.5,1363.7795490353944,2556.0,1200.0541148051475,15.558172687980319,0.8801498424139873,0.900411171918016,209.82126160159203,74.14964798716218,0.7,518.67,normal,0.0,none,0.0
529,88.0,22.5,1363.8097907673862,2556.0,1200.0035838585698,15.557778041094062,0.8801183479133882,0.9004447268181952,209.85518438344087,74.13578123791963,0.7,518.67,normal,0.0,none,0.0
530,88.0,22.5,1364.0710931378237,2556.0,1198.4836250842563,15.5543681118316,0.879846314895638,0.9014540501814575,211.23846051317304,73.63416715897536,0.7,518.67,normal,0.0,none,0.0
531,88.0,22.5,1364.362125520746,2556.0,1198.9682531795106,15.55057021349188,0.8795435288557752,0.9011322345721793,210.58821638965236,73.84349646952033,0.7,518.67,normal,0.0,none,0.0
532,88.0,22.5,1364.542828459772,2556.0,1200.7640405962534,15.548212086244261,0.879355632879787,0.8999397481535988,208.68148274022803,74.5069082415859,0.7,518.67,normal,0.0,none,0.0
533,88.0,22.5,1364.954342647689,2556.0,1199.9880775626248,15.5428419310905,0.8789280374477098,0.9004550237203476,209.23173453411698,74.28529886108701,0.7,518.67,normal,0.0,none,0.0
534,88.0,22.5,1362.53766061987,2556.0,1200.7897983292123,15.57437901493294,0.8814451259569266,0.8999226438201792,209.7751502415457,74.2432027673431,0.7,518.67,normal,0.0,none,0.0
535,88.0,22.5,1364.1126045045003,2556.0,1202.3518285824819,15.553826399088166,0.8798031143012961,0.8988853830369321,207.3270057278695,75.02074485898667,0.7,518.67,normal,0.0,none,0.0
536,88.0,22.5,1364.143746960236,2556.0,1203.0719246430513,15.553419997986872,0.8797707073464477,0.8984072057402785,206.58700984039842,75.28750239428352,0.7,518.67,normal,0.0,none,0.0
537,88.0,22.5,1364.8011942581506,2556.0,1200.3317849097593,15.544840478497894,0.8790871220132812,0.9002267860461092,208.9716856595495,74.38730481326111,0.7,518.67,normal,0.0,none,0.0
538,88.0,22.5,1362.6584142601232,2556.0,1196.4428634801989,15.572803210738135,0.8813190131977414,0.9028092108612296,214.08302929915652,72.7418855278665,0.7,518.67,normal,0.0,none,0.0
539,88.0,22.5,1364.487250215603,2556.0,1198.5118610944085,15.548937368149781,0.8794134149149291,0.9014353001566454,210.97768340363018,73.69944117929508,0.7,518.67,normal,0.0,none,0.0
540,88.0,22.5,1363.6893873118338,2556.0,1200.9010728598416,15.55934927546787,0.8802437524804017,0.8998487523532537,209.02028613801258,74.43942194775437,0.7,518.67,normal,0.0,none,0.0
541,88.0,22.5,1363.5081410382256,2556.0,1200.580065041928,15.561714493093154,0.8804325944517262,0.90006191648368,209.4440788203462,74.30009280157998,0.7,518.67,normal,0.0,none,0.0
542,88.0,22.5,1363.8174269802357,2556.0,1201.2882227070936,15.557678390464767,0.8801103957256122,0.8995916668371734,208.55983268490695,74.59575600048247,0.7,518.67,normal,0.0,none,0.0
543,88.0,22.5,1365.268493110508,2556.0,1202.9978800477954,15.538742347706743,0.8786018903402012,0.898456374797478,206.03331172690417,75.41859235026638,0.7,518.67,normal,0.0,none,0.0
544,88.0,36.7220157230176,1363.2964641932276,2556.0,1201.0899940212387,15.564476821910667,0.8806532448832812,0.8997232999099143,209.04984758571112,74.45342343781992,0.7,518.67,normal,0.0,PR,14.2220157230176
545,88.0,22.5,1364.4963910554575,2556.0,1200.660497442118,15.548818082521978,0.8794039111003439,0.9000085056267232,208.81146816934483,74.46342970929155,0.7,518.67,normal,0.0,none,0.0
546,88.0,22.5,1363.1605949941063,2556.0,1200.4016928158583,15.566249880291938,0.8807949322529156,0.9001803639430265,209.81741357783466,74.18950417343422,0.7,518.67,normal,0.0,none,0.0
547,88.0,22.5,1364.5540713942303,2556.0,1198.8266089151887,15.54806536881823,0.879343945063359,0.9012262929556489,210.62358561940954,73.81920369028906,0.7,518.67,normal,0.0,none,0.0
548,88.0,22.5,1362.4093357712648,2556.0,1199.9285441825634,15.576053621464933,0.8815791855029816,0.9004945566553229,210.7125593172978,73.92086011356355,0.7,518.67,normal,0.0,none,0.0
549,88.0,22.5,1362.9892653925235,2556.0,1198.803015627296,15.568485687877551,0.8809736635113441,0.9012419599968138,211.52101273879094,73.60254892076941,0.7,518.67,normal,0.0,none,0.0
550,88.0,22.5,1362.839364981549,2556.0,1199.748522881649,15.570441849993422,0.8811300993164045,0.9006140991771127,210.65349251540465,73.91494754759307,0.7,518.67,normal,0.0,none,0.0
551,88.0,22.5,1363.3491194877126,2556.0,1199.8907397267678,15.563789683752724,0.8805983470470748,0.9005196605733465,210.22586162793323,74.03365867182501,0.7,518.67,normal,0.0,none,0.0
552,88.0,22.5,1364.9787760344325,2556.0,1199.6180742237912,15.542523081627714,0.878902662325453,0.9007007231568596,209.59018467557667,74.15673165079696,0.7,518.67,normal,0.0,none,0.0
553,88.0,22.5,1365.2277400197074,2556.0,1201.8699082813807,15.53927416514347,0.8786441860288734,0.899205400544875,207.18820458415104,75.00076655585902,0.7,518.67,normal,0.0,none,0.0
554,88.0,22.5,1362.6732083029508,2556.0,1199.4080030952246,15.57261015225396,0.881303565067808,0.9008402201626943,211.08876221333037,73.77280528328639,0.7,518.67,normal,0.0,none,0.0
555,88.0,22.5,1362.4971923674325,2556.0,1201.082425716753,15.574907115301706,0.8814873982896859,0.8997283256163128,209.50371151722334,74.34191500717776,0.7,518.67,normal,0.0,none,0.0
556,88.0,22.5,1365.0316541378859,2556.0,1201.0353850580193,15.541833035869587,0.8788477511587233,0.8997595628029297,208.13589944046072,74.67156352004272,0.7,518.67,normal,0.0,none,0.0
557,88.0,22.5,1363.825459202484,2556.0,1200.5543556500984,15.557573572013865,0.8801020312972406,0.9000789887163401,209.29274947336853,74.3340302574289,0.7,518.67,normal,0.0,none,0.0
558,88.0,22.5,1362.8359340520362,2556.0,1201.2173500572562,15.570486622748152,0.8811336804787567,0.8996387295749966,209.17902946259142,74.43617394511674,0.7,518.67,normal,0.0,none,0.0
559,88.0,22.5,1363.5854511835032,2556.0,1202.1620981851916,15.560705615423101,0.8803520344718029,0.8990113728505654,207.81178924548755,74.87883951107932,0.7,518.67,normal,0.0,none,0.0
560,88.0,22.5,1363.491135059187,2556.0,1200.6686249997842,15.561936416780506,0.8804503172780438,0.9000031085501856,209.36456785243757,74.32936994261956,0.7,518.67,normal,0.0,none,0.0
561,88.0,22.5,1364.6442718169455,2556.0,1201.0284460339813,15.546888276316592,0.8792501866617155,0.8997641706378252,208.3591597769501,74.61581383299703,0.7,518.67,normal,0.0,none,0.0
562,88.0,22.5,1364.100391113032,2556.0,1201.0801378434473,15.553985780730562,0.8798158242534848,0.8997298448706629,208.61089083813846,74.55979751699026,0.7,518.67,normal,0.0,none,0.0
563,88.0,22.5,1362.2254679721577,2556.0,1200.8215578840832,15.57845304932909,0.8817713412422676,0.8999015539976921,209.91754256793774,74.2122495278701,0.7,518.67,normal,0.0,none,0.0
564,88.0,22.5,1364.1577813490135,2556.0,1203.8318965250978,15.553236852794223,0.8797561038898226,0.8979025490423899,205.8169680679943,75.5682925406617,0.7,518.67,normal,0.0,none,0.0
565,88.0,22.5,1364.7832239449056,2556.0,1201.069473372711,15.545074986500591,0.8791057926480206,0.8997369265755437,208.24035712508055,74.64967502511229,0.7,518.67,normal,0.0,none,0.0
566,88.0,22.5,1364.582736272776,2556.0,1198.5925671295026,15.547691299467102,0.8793141473238234,0.9013817075933778,210.84313385295337,73.74056254689518,0.7,518.67,normal,0.0,none,0.0
567,88.0,22.5,1364.0819054148078,2556.0,1198.73301412923,15.55422701437573,0.8798350622246038,0.9012884442493183,210.98140579732126,73.72321250583504,0.7,518.67,normal,0.0,none,0.0
568,88.0,22.5,1363.8641863728258,2556.0,1200.6172441337749,15.557068192322205,0.8800617046340504,0.9000372278364216,209.2079197964846,74.36175555617574,0.7,518.67,normal,0.0,none,0.0
569,88.0,22.5,1364.0087494137729,2556.0,1200.667589377436,15.555181681523354,0.8799112035522875,0.9000037962516215,209.07660730891297,74.39943608105523,0.7,518.67,normal,0.0,none,0.0
570,88.0,22.5,1362.2757398589144,2556.0,1204.1664510422092,15.577797014033875,0.8817187950030498,0.8976803892732488,206.53237235286844,75.42544946619127,0.7,518.67,normal,0.0,none,0.0
571,88.0,22.5,1365.8503484400574,2556.0,1201.4912772527362,15.531149284117514,0.8779984542555613,0.8994568291689439,207.22082292549555,74.9497519836682,0.7,518.67,normal,0.0,none,0.0
572,88.0,22.5,1363.909496439142,2556.0,1199.6340651694168,15.55647690751772,0.8800145278819376,0.900690104424764,210.1711157982316,74.01814872816416,0.7,518.67,normal,0.0,none,0.0
573,88.0,22.5,1363.4692871345594,2556.0,1201.2519492706144,15.562221526622357,0.8804730871980275,0.8996157540871195,208.79064951723012,74.53505012128481,0.7,518.67,normal,0.0,none,0.0
574,88.0,22.5,1362.9457755700078,2556.0,1199.1219158568356,15.569053218964877,0.8810190436932418,0.9010301954031528,211.2243952624343,73.70859412153227,0.7,518.67,normal,0.0,none,0.0
575,88.0,22.5,1363.7466970703836,2556.0,1199.2236223287705,15.558601397741478,0.8801840578312715,0.9009626575724868,210.6748859207217,73.85123921982937,0.7,518.67,normal,0.0,none,0.0
576,88.0,22.5,1363.661651630229,2556.0,1201.5188539279475,15.559711219036002,0.8802726452634322,0.8994385169732171,208.4151477607257,74.65729524084101,0.7,518.67,normal,0.0,none,0.0
577,88.0,22.5,1363.2537178020805,2556.0,1200.5067318701535,15.565034651408322,0.8806978168390001,0.9001106131225787,209.659838695607,74.23946688238321,0.7,518.67,normal,0.0,none,0.0
578,88.0,22.5,1363.9221635201025,2556.0,1198.4551581175208,15.556311605343215,0.8800013398467544,0.9014729535721896,211.35026870659942,73.60440892998717,0.7,518.67,normal,0.0,none,0.0
579,88.0,22.5,1366.2841252743754,2556.0,1202.8082231111257,15.525488607108578,0.8775491278714599,0.8985823158298405,205.65654207841544,75.49231573284361,0.7,518.67,normal,0.0,none,0.0
580,88.0,22.5,1365.0651898920507,2556.0,1201.220347170333,15.541395402834445,0.8788129295736257,0.8996367393524313,207.9313507323626,74.74291562140834,0.7,518.67,normal,0.0,none,0.0
581,88.0,22.5,1364.1680762770454,2556.0,1202.9432158749917,15.553102506610175,0.8797453918302339,0.898492674352227,206.7025555017036,75.24388108729497,0.7,518.67,normal,0.0,none,0.0
582,88.0,22.5,1364.8707703317025,2556.0,1201.9696636743,15.5439325284905,0.8790148419676892,0.8991391583214765,207.2873506927794,74.98736645791841,0.7,518.67,normal,0.0,none,0.0
583,88.0,22.5,1361.5696301678206,2556.0,1197.960029604191,15.587011565337544,0.882457424092076,0.9018017419477472,213.16227592979772,73.12274884168964,0.7,518.67,normal,0.0,none,0.0
584,88.0,22.5,1364.3191272065353,2556.0,1201.220833044017,15.551131330521235,0.8795882505823154,0.8996364167096932,208.34741429256775,74.6403855470165,0.7,518.67,normal,0.0,none,0.0
585,88.0,22.5,1365.028721854851,2556.0,1203.5467952056695,15.541871301415016,0.8788507960028117,0.8980918695867748,205.61658216352885,75.58666299128743,0.7,518.67,normal,0.0,none,0.0
586,88.0,22.5,1364.0357305798088,2556.0,1202.1759900335333,15.554829584190877,0.8798831198135915,0.899002148016756,207.5464373493258,74.946261582945,0.7,518.67,normal,0.0,none,0.0
587,88.0,22.5,1364.0049585530953,2556.0,1203.0830858928864,15.555231151287952,0.879915149468338,0.8983997941509565,206.65330287611295,75.27211486483327,0.7,518.67,normal,0.0,none,0.0
588,88.0,22.5,1364.655972851659,2556.0,1200.4494859235208,15.546735580799119,0.8792380255416897,0.9001486270953029,208.9344534218771,74.40963099277552,0.7,518.67,normal,0.0,none,0.0
589,88.0,22.5,1363.5718468642626,2556.0,1200.044627456961,15.560883148318023,0.8803662095977839,0.900417471958742,209.9467678214799,74.11823153929008,0.7,518.67,normal,0.0,none,0.0
590,88.0,22.5,1365.1937064036274,2556.0,1199.386219128898,15.539718295149575,0.878679511015843,0.9008546857301356,209.70339760793388,74.10332151223881,0.7,518.67,normal,0.0,none,0.0
591,88.0,22.5,1364.6927655894024,2556.0,1199.7202737509067,15.546255444959296,0.8791997883033982,0.9006328579146073,209.64708721996084,74.15440706146435,0.7,518.67,normal,0.0,none,0.0
592,88.0,22.5,1363.9336691964681,2556.0,1202.746033688147,15.556161459202336,0.8799893613233818,0.898623612500922,207.03128340838873,75.13918284762956,0.7,518.67,normal,0.0,none,0.0
593,88.0,22.5,1364.227272357579,2556.0,1200.1230981869933,15.552330012863191,0.8796838022954189,0.9003653637420638,209.50192453911944,74.23478350891793,0.7,518.67,normal,0.0,none,0.0
594,88.0,22.5,1363.3350976626089,2556.0,1200.8856225130633,15.563972664992637,0.8806129653804746,0.8998590121025556,209.23362293638849,74.38561951261732,0.7,518.67,normal,0.0,none,0.0
595,88.0,22.5,1362.454709998943,2556.0,1199.1560770651838,15.575461499371043,0.8815317788906011,0.9010075107709866,211.464202659357,73.65531046624099,0.7,518.67,normal,0.0,none,0.0
596,88.0,22.5,1364.1700425822764,2556.0,1199.5436838725311,15.553076846828613,0.8797433458836003,0.900750121812137,210.1165500829976,74.02118891008362,0.7,518.67,normal,0.0,none,0.0
597,88.0,22.5,1362.0700850184576,2556.0,1197.720976098524,15.580480757228653,0.8819337934851882,0.901960484600783,213.1236062282279,73.10537313517473,0.7,518.67,normal,0.0,none,0.0
598,88.0,22.5,1365.1046113726682,2556.0,1202.0685896211896,15.540880962570844,0.8787720001191776,0.8990734668888428,207.05746759152277,75.05588252064138,0.7,518.67,normal,0.0,none,0.0
599,88.0,22.5,1362.4995659440754,2556.0,1202.2669912872996,15.574876140732137,0.8814849187867339,0.8989417189491624,208.3127774810403,74.76678257122126,0.7,518.67,normal,0.0,none,0.0
600,88.0,22.5,1436.2626112795992,2556.0,1201.405474982828,14.612287219872005,0.8786774588667083,0.899513805869301,183.06849147497593,79.81869027346737,0.7,545.67,normal,0.0,none,0.0
601,88.0,22.5,1434.4997074788268,2556.0,1200.8275073229736,14.635292664664133,0.8804202267094746,0.899897603293389,184.633446991116,79.26674664405925,0.7,545.67,normal,0.0,none,0.0
602,88.0,22.5,1435.5820420051298,2556.0,1201.688615275004,14.621168475255406,0.8793494363795944,0.8993257875382755,183.16410343772418,79.82551275515951,0.7,545.67,normal,0.0,none,0.0
603,88.0,22.5,1435.6445618538835,2556.0,1201.9977760866736,14.620352607181216,0.8792876629355872,0.8991204903713411,182.8187581018487,79.97184073986648,0.7,545.67,normal,0.0,none,0.0
604,88.0,22.5,1432.6244864179162,2556.0,1200.2252787826435,14.659763821043127,0.882281632877276,0.9002975110711856,186.28575070590944,78.69503580113647,0.7,545.67,normal,0.0,none,0.0
605,88.0,22.5,1434.0289684157049,2556.0,1201.4098170541306,14.64143568932799,0.8808867590544047,0.8995109225318811,184.3112473233648,79.43864469453852,0.7,545.67,normal,0.0,none,0.0
606,88.0,22.5,1435.1121025711002,2556.0,1201.7478603991703,14.627301064963634,0.879814043322814,0.8992864460186296,183.36699084387408,79.77063373100722,0.7,545.67,normal,0.0,none,0.0
607,88.0,22.5,1437.6118433920574,2556.0,1202.7484759533725,14.594680085063331,0.8773482916650808,0.8986219907231522,180.96685209519,80.64836137717869,0.7,545.67,normal,0.0,none,0.0
608,88.0,22.5,1436.757582257453,2556.0,1204.061297344817,14.605827974903715,0.8781893813200196,0.8977502162220484,180.12708820669133,81.08623816837529,0.7,545.67,normal,0.0,none,0.0
609,88.0,22.5,1436.1337231447415,2556.0,1198.67803088946,14.613969177145869,0.8788046410257019,0.9013249556793816,185.8828126161108,78.61926001371063,0.7,545.67,normal,0.0,none,0.0
610,88.0,22.5,1434.9690563711738,2556.0,1198.7298223152848,14.629167781374184,0.8799555638322957,0.9012905637623212,186.48095888240522,78.44858729302936,0.7,545.67,normal,0.0,none,0.0
611,88.0,22.5,1434.5090400062645,2556.0,1199.4948363721207,14.635170877562285,0.8804109825769009,0.9007825588257152,185.9680767269366,78.69722123895282,0.7,545.67,normal,0.0,none,0.0
612,88.0,22.5,1435.8354544862443,2556.0,1199.8842787626713,14.617861507035489,0.8790991030046954,0.9005239509541927,184.83582162069825,79.0856522229377,0.7,545.67,normal,0.0,none,0.0
613,88.0,22.5,1434.1883824682764,2556.0,1201.541690076566,14.639355376616704,0.8807287142340744,0.8994233527077663,184.08978722482385,79.52290888759656,0.7,545.67,normal,0.0,none,0.0
614,88.0,22.5,1434.359085391389,2556.0,1199.8206735755166,14.63712774702523,0.8805595403706161,0.9005661877585749,185.72408962573257,78.81114278994005,0.7,545.67,normal,0.0,none,0.0
615,88.0,22.5,1435.4798294189648,2556.0,1202.3641040311534,14.622502323425142,0.8794504473788699,0.898877231567729,182.5429836592865,80.10443365337889,0.7,545.67,normal,0.0,none,0.0
616,88.0,22.5,1436.1223436510763,2556.0,1200.5430359230284,14.614117676634702,0.8788158716681017,0.9000865055419215,184.01336636123,79.41878335047822,0.7,545.67,normal,0.0,none,0.0
617,88.0,22.5,1434.5938246606345,2556.0,1201.8667855715316,14.634064459455704,0.8803270098687893,0.899207474169542,183.53694288252473,79.73361781896102,0.7,545.67,normal,0.0,none,0.0
618,88.0,22.5,1434.8972865382902,2556.0,1199.8141239177605,14.630104359381118,0.880026585341326,0.9005705370361385,185.43018054830435,78.89818321980219,0.7,545.67,normal,0.0,none,0.0
619,88.0,22.5,1434.2998975150078,2556.0,1198.3363011650083,14.637900133710115,0.8806181907146653,0.9015518801201226,187.25068586345634,78.17274508881697,0.7,545.67,normal,0.0,none,0.0
620,88.0,22.5,1433.6356107954407,2556.0,1202.1811695643514,14.646568905906562,0.8812769808321981,0.8989987085672435,183.75630458179137,79.70648375434247,0.7,545.67,normal,0.0,none,0.0
621,88.0,22.5,1433.2261083413973,2556.0,1201.4729135902708,14.651912808446568,0.881683586209538,0.8994690234954443,184.69613478141076,79.32982910436763,0.7,545.67,normal,0.0,none,0.0
622,88.0,22.5,1433.869542058061,2556.0,1200.5709239019382,14.643516162617331,0.8810448728124545,0.9000679866260511,185.24315075962778,79.05024343717201,0.7,545.67,normal,0.0,none,0.0
623,88.0,22.5,1435.3408293681591,2556.0,1203.395550454623,14.624316238622049,0.879587850621543,0.8981923031402251,181.58567599375175,80.53672823359295,0.7,545.67,normal,0.0,none,0.0
624,88.0,22.5,1435.0975531444917,2556.0,1203.0216103616542,14.627490931268563,0.8798284354897836,0.8984406167646944,182.0966120222467,80.32818825581184,0.7,545.67,normal,0.0,none,0.0
625,88.0,22.5,1433.9477524698232,2556.0,1198.3891400263396,14.642495536699359,0.8809672992358428,0.9015167926571392,187.3941065936569,78.13743880670683,0.7,545.67,normal,0.0,none,0.0
626,88.0,22.5,1435.7301719281472,2556.0,1200.2185628808616,14.619235417555634,0.8792030890107033,0.9003019707425193,184.55849469187206,79.21193463331528,0.7,545.67,normal,0.0,none,0.0
627,88.0,22.5,1435.657775172074,2556.0,1201.6197530358186,14.62018017675023,0.879274608477992,0.8993715152698633,183.19097555035108,79.80840831720879,0.7,545.67,normal,0.0,none,0.0
628,88.0,22.5,1434.1421994904408,2556.0,1200.7313417065104,14.639958052693792,0.8807744947038654,0.8999614617381566,184.92969449536383,79.16499344598665,0.7,545.67,normal,0.0,none,0.0
629,88.0,22.5,1433.1696766930124,2556.0,1201.3995090576038,14.65264922705936,0.8817396480419311,0.8995177675212971,184.80137248153244,79.28863855447625,0.7,545.67,normal,0.0,none,0.0
630,88.0,22.5,1433.9154506972586,2556.0,1200.5266095577085,14.642917066589472,0.8809993363324745,0.9000974134129578,185.26205844438329,79.03894186183491,0.7,545.67,normal,0.0,none,0.0
631,88.0,22.5,1434.1207306936333,2556.0,1201.3466892335082,14.640238215014328,0.8807957780097443,0.8995528423426701,184.32342384569392,79.4269003340041,0.7,545.67,normal,0.0,none,0.0
632,88.0,22.5,1434.9742334643915,2556.0,1200.8472381278514,14.629100221628638,0.8799504411624485,0.8998845011207011,184.34867625735745,79.35560221330736,0.7,545.67,normal,0.0,none,0.0
633,88.0,33.855662174100914,1435.7698032250385,2556.0,1199.6762653595285,14.618718239243194,0.8791639428851542,0.9006620815345818,185.0816681251452,78.98523061375572,0.7,545.67,normal,0.0,PR,11.35566217410091
634,88.0,22.5,1434.2675487411323,2556.0,1199.7794611984768,14.638322276955346,0.8806502490055784,0.9005935546949055,185.81664271367413,78.77831642621817,0.7,545.67,normal,0.0,none,0.0
635,88.0,22.5,1433.3737300235498,2556.0,1198.4907110036102,14.649986383160407,0.8815369656539177,0.9014493448012363,187.61235541630953,78.08646904225613,0.7,545.67,normal,0.0,none,0.0
636,88.0,22.5,1435.3031997827234,2556.0,1200.1115198172245,14.624807295110735,0.8796250553101509,0.9003730523184342,184.90450609525521,79.09383932253459,0.7,545.67,normal,0.0,none,0.0
637,88.0,22.5,1435.5547560361922,2556.0,1200.6381350194217,14.621524550187981,0.8793763993107417,0.9000233553161145,184.23468902105003,79.36358037610049,0.7,545.67,normal,0.0,none,0.0
638,88.0,22.5,1435.5306204335482,2556.0,1198.2336122945378,14.621839513644243,0.8794002505508811,0.901620070309136,186.66691641133139,78.33117830812704,0.7,545.67,normal,0.0,none,0.0
639,88.0,22.5,1434.5567796443222,2556.0,1201.0016403313243,14.63454788746648,0.880363698150343,0.8997819708718956,184.42660917848735,79.35160740987881,0.7,545.67,normal,0.0,none,0.0
640,88.0,22.5,1433.7196136965756,2556.0,1203.9420762307445,14.645472689480236,0.8811936185718564,0.8978293845902046,181.9428102950789,80.49492401336377,0.7,545.67,normal,0.0,none,0.0
641,88.0,22.5,1436.9641026472211,2556.0,1199.4748380305468,14.603132936511273,0.8779858974051347,0.9007958386552198,184.61744937632784,79.09941874857105,0.7,545.67,normal,0.0,none,0.0
642,88.0,22.5,1434.8630505008907,2556.0,1200.2961544941668,14.6305511309338,0.8800604684481174,0.9002504463002607,184.96463398558268,79.0991813714734,0.7,545.67,normal,0.0,none,0.0
643,88.0,22.5,1436.266518541417,2556.0,1200.7082942992913,14.612236231102226,0.8786736038966815,0.8999767662891497,183.76677820793367,79.51511352377499,0.7,545.67,normal,0.0,none,0.0
644,88.0,22.5,1432.904171083669,2556.0,1199.4321287279347,14.656114007517075,0.8820035094104014,0.9008241996197959,186.92720597991342,78.4054623332463,0.7,545.67,normal,0.0,none,0.0
645,88.0,22.5,1434.7526925142406,2556.0,1201.3344856502483,14.631991274501551,0.8801697065451428,0.8995609460898951,183.9828370586801,79.52910993450315,0.7,545.67,normal,0.0,none,0.0
646,88.0,22.5,1435.3230517118327,2556.0,1203.8797048182412,14.624548232501109,0.8796054271481306,0.8978708021108001,181.1100909359285,80.74949417188935,0.7,545.67,normal,0.0,none,0.0
647,88.0,22.5,1434.6638770544819,2556.0,1199.4000775275426,14.633150293589985,0.8802576404209211,0.9008454831084819,185.97694481533273,78.68260395459279,0.7,545.67,normal,0.0,none,0.0
648,88.0,22.5,1436.5191951979236,2556.0,1201.6693461896775,14.608938865205701,0.8784243806728294,0.8993385831076932,182.66021063303532,79.97876940235815,0.7,545.67,normal,0.0,none,0.0
649,88.0,22.5,1436.0953277148856,2556.0,1202.1270464933832,14.614470227708827,0.8788425353677666,0.8990346488051912,182.43729689201194,80.10681191115984,0.7,545.67,normal,0.0,none,0.0
650,88.0,22.5,1434.8701098820202,2556.0,1203.8122460911923,14.630459007811274,0.880053481626822,0.8979155978450115,181.43062077530493,80.63941436837473,0.7,545.67,normal,0.0,none,0.0
651,88.0,22.5,1434.3038534748994,2556.0,1199.5380618903678,14.637848509442899,0.880614270438357,0.9007538550699337,186.0391604809169,78.68154463610573,0.7,545.67,normal,0.0,none,0.0
652,88.0,22.5,1435.1779662693573,2556.0,1204.409051182125,14.626441560506613,0.879748897411963,0.8975192914900155,180.66046634470536,80.9609421277533,0.7,545.67,normal,0.0,none,0.0
653,88.0,22.5,1435.9321890816493,2556.0,1198.8166563319473,14.616599145247456,0.8790035813739976,0.9012329019341028,185.85581925549064,78.64482911430628,0.7,545.67,normal,0.0,none,0.0
654,88.0,22.5,1437.7402484235836,2556.0,1201.1966481756772,14.59300443216468,0.8772220057192714,0.8996524765878064,182.45325113683498,79.9821562029625,0.7,545.67,normal,0.0,none,0.0
655,88.0,22.5,1436.118161464019,2556.0,1199.4616888823257,14.614172253108705,0.8788199992215328,0.9008045703015849,185.10299318048624,78.95157178176494,0.7,545.67,normal,0.0,none,0.0
656,88.0,22.5,1435.606887925216,2556.0,1200.0649843705444,14.62084424233776,0.8793248860478565,0.9004039540207356,184.78173519468197,79.12494287887037,0.7,545.67,normal,0.0,none,0.0
657,88.0,22.5,1434.3531107276408,2556.0,1197.9080996716248,14.637205714862695,0.880565460419169,0.90183622583973,187.652127679471,78.00181056227905,0.7,545.67,normal,0.0,none,0.0
658,88.0,22.5,1435.1292740437716,2556.0,1200.1070140318413,14.627076981626601,0.8797970580563247,0.9003760443696226,185.00614483167163,79.06265489146367,0.7,545.67,normal,0.0,none,0.0
659,88.0,22.5,1436.4273598436746,2556.0,1198.8806403576502,14.610137293146702,0.8785149445208725,0.9011904135632938,185.51495839600148,78.75449731638247,0.7,545.67,normal,0.0,none,0.0
660,88.0,22.5,1435.6933217907228,2556.0,1201.5177563200955,14.619716302446646,0.8792394911519287,0.8994392458359123,441.2764042133277,79.76991166211734,0.7,545.67,normal,0.0,W_net,258.0028365507282
661,88.0,22.5,1434.9466329644536,2556.0,1203.0268827481957,14.629460401110515,0.8799777522051508,0.8984371156546602,182.17558623213318,80.30417633715888,0.7,545.67,normal,0.0,none,0.0
662,88.0,22.5,1434.6930349309148,2556.0,1199.2163808175856,14.63276979074222,0.880228770028929,0.900967466272925,186.14546613783148,78.60932685788532,0.7,545.67,normal,0.0,none,0.0
663,88.0,22.5,1434.6282348067878,2556.0,1203.066056536955,14.633615415828215,0.8802929338234973,0.8984111024358213,182.31405781500166,80.26597395290979,0.7,545.67,normal,0.0,none,0.0
664,88.0,22.5,1435.0492795291075,2556.0,1199.5558711345438,14.628120889632228,0.8798761907056704,0.9007420289029795,185.60505110260635,78.81316161781339,0.7,545.67,normal,0.0,none,0.0
665,88.0,22.5,1436.8259470703936,2556.0,1202.291816298825,14.604935831538237,0.8781220112340341,0.8989252339861823,181.86396178097544,80.30692660884309,0.7,545.67,normal,0.0,none,0.0
666,88.0,22.5,1434.0392706390721,2556.0,1200.266564498907,14.641301247941676,0.8808765436040815,0.9002700954341973,185.45432428691294,78.9482871550107,0.7,545.67,normal,0.0,none,0.0
667,88.0,22.5,1434.5080415345444,2556.0,1197.8730585012668,14.63518390736347,0.8804119715821268,0.9018594948076233,187.60091332732026,78.01232759367463,0.7,545.67,normal,0.0,none,0.0
668,88.0,22.5,1434.4509224930762,2556.0,1199.682580465328,14.635929296280606,0.8804685527785062,0.9006578880104332,185.81169186503672,78.76753690457397,0.7,545.67,normal,0.0,none,0.0
669,88.0,22.5,1432.1933107559296,2556.0,1200.9952784729805,14.665390553416833,0.8827107455272183,0.8997861954419095,185.75260477491918,78.95119732607375,0.7,545.67,normal,0.0,none,0.0
670,88.0,22.5,1435.7311557037808,2556.0,1200.0290796920062,14.619222579534627,0.8792021172363815,0.9004277963982471,184.74845322749752,79.13041935746358,0.7,545.67,normal,0.0,none,0.0
671,88.0,22.5,1434.4807643321117,2556.0,1201.4664967017545,14.635539867895389,0.8804389910293889,0.8994732846080539,184.00206370342858,79.54008543884977,0.7,545.67,normal,0.0,none,0.0
672,88.0,22.5,1435.968629791517,2556.0,1197.194868663468,14.616123603281594,0.8789676029804452,0.9023098444220901,187.46857774945022,77.96572512976489,0.7,545.67,normal,0.0,none,0.0
673,88.0,22.5,1434.5939926840279,2556.0,1201.7760683619201,14.634062266793292,0.880326843470388,0.899267714618598,183.62794263276135,79.69409261454311,0.7,545.67,normal,0.0,none,0.0
674,88.0,22.5,1433.9995506940154,2556.0,1200.8376699313985,14.641819583090056,0.8809159303022795,0.8998908548484387,184.90248897481655,79.18670897439488,0.7,545.67,normal,0.0,none,0.0
675,88.0,22.5,1435.1797648641789,2556.0,1199.8265690759545,14.626418089303108,0.8797471185536822,0.9005622728719145,185.2599482276491,78.95078363797249,0.7,545.67,normal,0.0,none,0.0
676,88.0,22.5,1436.231537754567,2556.0,1200.1422783760336,14.612692721445212,0.8787081177317683,0.9003526272039172,184.35525924689443,79.26376920918447,0.7,545.67,normal,0.0,none,0.0
677,88.0,22.5,1432.9952720675014,2556.0,1199.971280634703,14.654925162922636,0.8819129548077318,0.9004661776621974,186.33410515990545,78.64864647481623,0.7,545.67,normal,0.0,none,0.0
678,88.0,22.5,1435.3044816188099,2556.0,1201.4369654710786,14.624790567476868,0.8796237878962165,0.8994928947195718,183.5718167259364,79.66795136810653,0.7,545.67,normal,0.0,none,0.0
679,88.0,22.5,1435.3389992250598,2556.0,1201.0557533307028,14.624340121522534,0.8795896600266548,0.8997460373219522,183.93550060853175,79.50798009704165,0.7,545.67,normal,0.0,none,0.0
680,88.0,22.5,1435.3060941963515,2556.0,1199.2934158277221,14.6247695237514,0.8796221934672417,0.9009163114410745,185.72567350587576,78.74393048459572,0.7,545.67,normal,0.0,none,0.0
681,88.0,22.5,1436.6790426686584,2556.0,1199.3752043583231,14.606852896497971,0.878266790896791,0.9008620000504122,184.8768319285221,79.00856339936276,0.7,545.67,normal,0.0,none,0.0
682,88.0,22.5,1435.3079955952353,2556.0,1200.10565356082,14.624744710981114,0.8796203134748575,0.9003769477856954,184.90772647745098,79.09212335031638,0.7,545.67,normal,0.0,none,0.0
683,88.0,22.5,1436.0644503926444,2556.0,1198.6724960552988,14.614873168885671,0.8788730120897992,0.9013286310668495,185.92706061136266,78.60541182563344,0.7,545.67,normal,0.0,none,0.0
684,88.0,22.5,1433.6671956967389,2556.0,1199.228241051341,14.646156731003561,0.8812456349601718,0.9009595905257501,186.70629408108863,78.44490087004016,0.7,545.67,normal,0.0,none,0.0
685,88.0,22.5,1436.4574740285527,2556.0,1199.4247174231807,14.60974431071773,0.8784852452242065,0.900829121071066,184.9507337050366,78.99262694473903,0.7,545.67,normal,0.0,none,0.0
686,88.0,22.5,1434.5152261962255,2556.0,1203.0907139698252,14.635090149361709,0.8804048550876357,0.8983947287528674,182.35241754353285,80.25717644169913,0.7,545.67,normal,0.0,none,0.0
687,88.0,22.5,1434.9487042165683,2556.0,1200.1243469745134,14.629433371798902,0.8799757026162291,0.9003645344890333,185.08953621081196,79.03976459877437,0.7,545.67,normal,0.0,none,0.0
688,88.0,22.5,1434.36258249258,2556.0,1200.4063650427222,14.637082110746979,0.8805560752738232,0.9001772613669489,185.13327403693245,79.06240618759333,0.7,545.67,normal,0.0,none,0.0
689,88.0,22.5,1434.629953974668,2556.0,1198.4541674940854,14.633592981126025,0.8802912314168474,0.9014736113922531,186.94774957575902,78.27637943935711,0.7,545.67,normal,0.0,none,0.0
690,88.0,22.5,1433.6869473574875,2556.0,1204.990857458042,14.645898976870464,0.8812260339099107,0.8971329450462173,180.90997377384554,80.95683544335269,0.7,545.67,normal,0.0,none,0.0
691,88.0,22.5,1435.2450431599373,2556.0,1200.9212572595993,14.625566224199329,0.8796825614451623,0.8998353489724561,184.12309652779078,79.43363163019478,0.7,545.67,normal,0.0,none,0.0
692,88.0,22.5,1436.6982066064536,2556.0,1200.5314742088083,14.606602811999457,0.878247901427273,0.9000941830582323,183.70346356699946,79.51185311578084,0.7,545.67,normal,0.0,none,0.0
693,88.0,22.5,1433.664048970589,2556.0,1202.3095889172826,14.646197794976928,0.8812487577724105,0.8989134321404094,183.6115148521638,79.76731637321018,0.7,545.67,normal,0.0,none,0.0
694,88.0,22.5,1434.584341983598,2556.0,1202.0524617849094,14.634188205971508,0.8803364009386899,0.8990841765227036,183.35580988599753,79.81305972835217,0.7,545.67,normal,0.0,none,0.0
695,88.0,22.5,1435.6036473665536,2556.0,1198.4484717458274,14.62088653080147,0.8793280879763203,0.90147739363417,186.4098377101904,78.434092912695,0.7,545.67,normal,0.0,none,0.0
696,88.0,22.5,1435.472752279808,2556.0,1199.9772518625534,14.622594678285392,0.8794574421798882,0.9004622124890106,184.94484119551822,79.06462588392405,0.7,545.67,normal,0.0,none,0.0
697,88.0,22.5,1436.819075976936,2556.0,1197.8688076640037,14.605025497554688,0.8781287818839391,0.9018623175613949,186.3148666883912,78.38894317532575,0.7,545.67,normal,0.0,none,0.0
698,88.0,22.5,1434.3155774244208,2556.0,1200.948136121339,14.63769551489303,0.8806026524463065,0.8998175001573497,184.61504018389195,79.28766529700216,0.7,545.67,normal,0.0,none,0.0
699,88.0,22.5,1434.3429317729674,2556.0,1202.7963794514549,14.637338547624006,0.8805755465099999,0.8985901805710522,182.74392596387622,80.09753796422997,0.7,545.67,normal,0.0,none,0.0
700,88.0,22.5,1433.7307879344853,2556.0,1201.1612009060655,14.645326868526642,0.8811825307417527,0.8996760152245036,184.72747779245952,79.28071688923615,0.7,545.67,normal,0.0,none,0.0
701,88.0,22.5,1435.1304139999595,2556.0,1201.4136995332879,14.627062105489209,0.8797959304849515,0.8995083443850346,183.69237377322173,79.62803139311116,0.7,545.67,normal,0.0,none,0.0
702,88.0,22.5,1435.5112956376788,2556.0,1199.627188863921,14.622091697299581,0.8794193485972545,0.9006946706116284,185.27536058259767,78.92086487550459,0.7,545.67,normal,0.0,none,0.0
703,88.0,22.5,1434.665627833806,2556.0,1199.691826607987,14.63312744636652,0.8802559068501042,0.900651748141403,185.68251558218594,78.8072447235328,0.7,545.67,normal,0.0,none,0.0
704,88.0,22.5,1434.933037905584,2556.0,1199.9004691085077,14.629637813159958,0.8799912053105144,0.9005131998110772,185.32339020522983,78.94112986471316,0.7,545.67,normal,0.0,none,0.0
705,88.0,22.5,1435.3476055820693,2556.0,1197.315511684694,14.624227810759486,0.879581151256075,0.9022297318414095,187.69376424865027,77.91536319440965,0.7,545.67,normal,0.0,none,0.0
706,88.0,22.5,1436.511397600156,2556.0,1198.7744373189407,14.609040621866999,0.8784320695835695,0.901260937323563,185.57491672621228,78.72314254312953,0.7,545.67,normal,0.0,none,0.0
707,88.0,22.5,1433.5440035226188,2556.0,1201.9565879754593,14.647764357443133,0.881367907450721,0.8991478411940345,184.03292406592374,79.59317297048463,0.7,545.67,normal,0.0,none,0.0
708,88.0,22.5,1432.6771261204422,2556.0,1199.174178941089,14.65907688635627,0.882229273610556,0.9009954902829453,187.31347436214259,78.25959630653766,0.7,545.67,normal,0.0,none,0.0
709,88.0,22.5,1433.9438808524849,2556.0,1200.6311070919521,14.642546060317772,0.8809711390068229,0.9000280221870259,185.1411576006617,79.08855194640654,0.7,545.67,normal,0.0,none,0.0
710,88.0,22.5,1435.143715366648,2556.0,1200.988658860056,14.626888526047791,0.8797827738417813,0.8997905911729605,184.11194668074813,79.44562419629919,0.7,545.67,normal,0.0,none,0.0
711,88.0,22.5,1434.5296882505997,2556.0,1198.5632338214934,14.634901423242145,0.8803905305963196,0.901401186275034,186.89394455079582,78.30591546675035,0.7,545.67,normal,0.0,none,0.0
712,88.0,22.5,1434.7409674517473,2556.0,1202.045866081291,14.63214428357542,0.8801813142178614,0.8990885563768627,183.27498261932152,79.83710637674804,0.7,545.67,normal,0.0,none,0.0
713,88.0,22.5,1434.0918335934052,2556.0,1199.2861282280778,14.64061531479916,0.880824427062385,0.9009211507463948,186.4109671899647,78.5394525627853,0.7,545.67,normal,0.0,none,0.0
714,88.0,22.5,1434.2630984384305,2556.0,1199.5506455918407,14.638380352270099,0.8806546595284478,0.900745498906525,186.0492582219876,78.68013284312097,0.7,545.67,normal,0.0,none,0.0
715,88.0,22.5,1435.1980121882837,2556.0,1202.0722882414366,14.626179966379373,0.8797290718698422,0.8990710108328694,182.99327218789296,79.92741914228176,0.7,545.67,normal,0.0,none,0.0
716,88.0,22.5,1435.802340471617,2556.0,1203.1361806646412,14.618293636477278,0.8791318065693592,0.8983645367515422,181.58816697937897,80.50245717903701,0.7,545.67,normal,0.0,none,0.0
717,88.0,22.5,1434.6847747137638,2556.0,1200.7989732936906,14.632877584468432,0.880236948611546,0.8999165512167734,184.55879152357483,79.28572496422791,0.7,545.67,normal,0.0,none,0.0
718,88.0,22.5,1435.3689877044853,2556.0,1205.1242274334613,14.623948779517642,0.8795600122954703,0.897044381175655,179.83723133964634,81.31769306378159,0.7,545.67,normal,0.0,none,0.0
719,88.0,22.5,1436.1863740853069,2556.0,1198.985411496149,14.61328209580547,0.8787526825303058,0.9011208406514032,185.5440785816216,78.7590862910617,0.7,545.67,normal,0.0,none,0.0
720,92.0,25.0,1335.1213408184317,2664.0,1221.6185291643803,17.34152743663376,0.8793353739999369,0.9003605916776569,254.16008564247556,68.23072707422642,0.8,491.66999999999996,normal,0.0,none,0.0
721,92.0,25.0,1335.8183466315024,2664.0,1219.89138629548,17.332431688615426,0.8786093145700248,0.9014387054823593,255.50843774757527,67.83506580607985,0.8,491.66999999999996,normal,0.0,none,0.0
722,92.0,25.0,1334.6222825842297,2664.0,1221.7315526148166,17.348040019254526,0.8798559723399453,0.9002900403964835,254.32509686423577,68.21206492458464,0.8,491.66999999999996,normal,0.0,none,0.0
723,92.0,25.0,1332.262689476065,2664.0,1219.766855108738,17.37883210726182,0.8823257797918816,0.9015164401005894,257.6190389730514,67.45942449183563,0.8,491.66999999999996,normal,0.0,none,0.0
724,92.0,25.0,1334.7780320079187,2664.0,1223.1465397968861,17.34600752901512,0.879693434378713,0.8994067798151296,252.81631417385842,68.61110836813522,0.8,491.66999999999996,normal,0.0,none,0.0
725,92.0,25.0,1334.7962224603718,2664.0,1221.3793394072818,17.345770148251933,0.8796744549884805,0.9005098982484766,254.5821120167958,68.13428489079219,0.8,491.66999999999996,normal,0.0,none,0.0
726,92.0,25.0,1334.5851082293573,2664.0,1222.8293813448024,17.348525135100513,0.8798947758657492,0.8996047558549966,253.24259915716829,68.50555630387294,0.8,491.66999999999996,normal,0.0,none,0.0
727,92.0,25.0,1333.0814739665782,2664.0,1222.3791632840948,17.3681471785749,0.881467181250709,0.8998857901082222,254.53446937587796,68.23495152213309,0.8,491.66999999999996,normal,0.0,none,0.0
728,92.0,25.0,1332.2876421228223,2664.0,1222.050828584652,17.37850648158835,0.8822995890930373,0.9000907425637522,255.30766422621315,68.06887891226907,0.8,491.66999999999996,normal,0.0,none,0.0
729,92.0,25.0,1332.7779032025098,2664.0,1221.6237713306257,17.372108699589386,0.8817853183942247,0.9003573194227107,255.4632344997184,68.00238294018992,0.8,491.66999999999996,normal,0.0,none,0.0
730,92.0,25.0,1333.5630572821235,2664.0,1223.3570285202275,17.361862639183848,0.8809629605732494,0.8992753889484822,253.2832887707791,68.54720942484406,0.8,491.66999999999996,normal,0.0,none,0.0
731,92.0,25.0,1335.3027948959586,2664.0,1221.4597476734114,17.33915950722036,0.8791462407774125,0.900459705955015,254.21842190279233,68.2057554186631,0.8,491.66999999999996,normal,0.0,none,0.0
732,92.0,25.0,1333.538600334924,2664.0,1222.1317074688225,17.36218179610457,0.8809885532424653,0.9000402565020005,254.52792336362404,68.2132693602367,0.8,491.66999999999996,normal,0.0,none,0.0
733,92.0,25.0,1335.7181569920092,2664.0,1224.3753382033563,17.333739137847253,0.8787136066649163,0.8986397416337107,251.05780890006503,69.0428201129846,0.8,491.66999999999996,normal,0.0,none,0.0
734,92.0,25.0,1335.8533693703096,2664.0,1225.027936646124,17.331974650810107,0.8785728635978137,0.8982323778870607,250.3275935850766,69.23717198966978,0.8,491.66999999999996,normal,0.0,none,0.0
735,92.0,25.0,1334.3794725906907,2664.0,1220.393873440496,17.351208627716822,0.8801094853594471,0.901125043921708,255.80609023274627,67.8295368649345,0.8,491.66999999999996,normal,0.0,none,0.0
736,92.0,9.800138662178812,1334.4971675216111,2664.0,1225.8173925439214,17.349672738898377,0.8799865842130752,0.8977395852426622,250.29317858289733,69.31740144548985,0.8,491.66999999999996,normal,0.0,PR,-15.199861337821188
737,92.0,25.0,1334.6670576546624,2664.0,1222.4570032353042,17.34745571600982,0.8798092395396655,0.8998372010033674,253.570968038049,68.41262566543811,0.8,491.66999999999996,normal,0.0,none,0.0
738,92.0,25.0,1332.48165913931,2664.0,1224.5305396462606,17.37597460902696,0.8820959987502255,0.8985428620870805,252.70912022341867,68.75879506709123,0.8,491.66999999999996,normal,0.0,none,0.0
739,92.0,25.0,1334.8586535807312,2664.0,1219.4634153556037,17.34495543806065,0.8796093223974009,0.9017058526805446,256.4751285557261,67.6282161772735,0.8,491.66999999999996,normal,0.0,none,0.0
740,92.0,25.0,1334.0535748472007,2664.0,1221.2937686319533,17.355461510115997,0.8804499783413465,0.9005633130735164,255.0828068381898,68.03853903460191,0.8,491.66999999999996,normal,0.0,none,0.0
741,92.0,25.0,1334.374590225313,2664.0,1221.6676276125102,17.351272341339257,0.8801145844370238,0.9003299435386573,254.5276585200803,68.17047876928618,0.8,491.66999999999996,normal,0.0,none,0.0
742,92.0,25.0,1333.7402254509655,2664.0,1223.4929990570608,17.35955063978523,0.8807776095302785,0.8991905136811073,253.04783595088213,89.60857094701979,0.8,491.66999999999996,normal,0.0,SFC,21.00671717279976
743,92.0,25.0,1333.644201770727,2664.0,1224.3957551874425,17.36080372431173,0.8808780585789082,0.8986269969831144,252.1952793207069,68.8387339012586,0.8,491.66999999999996,normal,0.0,none,0.0
744,92.0,25.0,1334.1699434440732,2664.0,1221.909854776908,17.35394292961846,0.8803283679728315,0.9001787409632863,254.39841254311358,68.21561013741562,0.8,491.66999999999996,normal,0.0,none,0.0
745,92.0,25.0,1335.0749828304422,2664.0,1222.2325404619544,17.342132396548706,0.8793837069118079,0.8999773147246743,253.56877165629663,68.39222465475892,0.8,491.66999999999996,normal,0.0,none,0.0
746,92.0,25.0,1335.080974347789,2664.0,1223.9130686073781,17.342054208776077,0.8793774598473344,0.8989282986731383,251.87752246364062,68.85113859764704,0.8,491.66999999999996,normal,0.0,none,0.0
747,92.0,25.0,1334.8231268231889,2664.0,1223.964793011987,17.345419053181867,0.8796463852583863,0.8988960113646284,251.96956713765996,68.8393413943734,0.8,491.66999999999996,normal,0.0,none,0.0
748,92.0,25.0,1334.175274617264,2664.0,1224.0386403744592,17.353873359168578,0.8803227974640933,0.8988499145058476,252.2571609587484,68.79437354012899,0.8,491.66999999999996,normal,0.0,none,0.0
749,92.0,25.0,1333.8029782937222,2664.0,1224.08893301225,17.358731731198745,0.8807119770229911,0.8988185209320712,252.41454777554287,68.77072610979153,0.8,491.66999999999996,normal,0.0,none,0.0
750,92.0,25.0,1335.0270329876412,2664.0,1223.1968158532418,17.342758129762775,0.879433705084419,0.8993753965917849,252.62679537548956,68.64971747745729,0.8,491.66999999999996,normal,0.0,none,0.0
751,92.0,25.0,1333.2170759936098,2664.0,1221.6670726670982,17.36637760672123,0.8813251467288749,0.9003302899456166,255.17449522415677,68.05687061893009,0.8,491.66999999999996,normal,0.0,none,0.0
752,92.0,25.0,1334.6871539283354,2664.0,1221.397247903965,17.347193464765986,0.8797882661974556,0.9004987194410697,254.62500048960464,68.12839835605304,0.8,491.66999999999996,normal,0.0,none,0.0
753,92.0,25.0,1336.5073124418636,2664.0,1222.2652987478575,17.323440860581034,0.8778928076526703,0.8999568664103591,252.73613341641692,68.5435858593212,0.8,491.66999999999996,normal,0.0,none,0.0
754,92.0,25.0,1332.5755448650696,2664.0,1221.984178892798,17.3747494242609,0.8819975141778048,0.9001323465064027,255.2139097705283,68.07916323950816,0.8,491.66999999999996,normal,0.0,none,0.0
755,92.0,25.0,1334.419280062386,2664.0,1221.3180945756772,17.350689150368144,0.8800679131691693,0.9005481283796423,254.854158757354,68.08085547816268,0.8,491.66999999999996,normal,0.0,none,0.0
756,92.0,25.0,1333.6274303863893,2664.0,1225.3961486340286,17.36102258659809,0.8808956052433143,0.8980025333071102,251.2011305158037,69.11204002525723,0.8,491.66999999999996,normal,0.0,none,0.0
757,92.0,25.0,1336.098641926841,2664.0,1221.8593110185097,17.328773906529086,0.878317673518209,0.9002102912910862,253.37236334601863,68.39251794349805,0.8,491.66999999999996,normal,0.0,none,0.0
758,92.0,25.0,1335.1695435033473,2664.0,1220.0943285432188,17.340898403894613,0.8792851234381025,0.90131202526222,255.66641751810818,67.82626585154229,0.8,491.66999999999996,normal,0.0,none,0.0
759,92.0,25.0,1334.786282828826,2664.0,1225.2953249648008,17.345899857907494,0.8796848256101147,0.8980654692642869,250.65521101157242,69.20223117606223,0.8,491.66999999999996,normal,0.0,none,0.0
760,92.0,25.0,1335.7005030152136,2664.0,1226.60119115267,17.333969517739998,0.8787319860831561,0.8972503239803694,248.83579118422813,69.66027449365842,0.8,491.66999999999996,normal,0.0,none,0.0
761,92.0,25.0,1334.7086103374083,2664.0,1222.4979907226436,17.346913464102222,0.8797658744627171,0.8998116158727356,253.50658340212,68.427861838152,0.8,491.66999999999996,normal,0.0,none,0.0
762,92.0,25.0,1334.891041042443,2664.0,1220.467829777539,17.34453278994903,0.8795755372902181,0.9010788790390297,255.446047390101,67.89900633483501,0.8,491.66999999999996,normal,0.0,none,0.0
763,92.0,25.0,1333.3380050335566,2664.0,1222.4691615289717,17.36479951360518,0.8811985198365166,0.8998296115766439,254.3008055948336,68.28448487603991,0.8,491.66999999999996,normal,0.0,none,0.0
764,92.0,25.0,1336.5337790777292,2664.0,1221.2073108558243,17.323095477735993,0.8778653063325231,0.9006172815804923,253.7849731977911,68.25894874490848,0.8,491.66999999999996,normal,0.0,none,0.0
765,92.0,25.0,1333.9527612302024,2664.0,1221.700551952856,17.356777102095055,0.8805553602285086,0.900309391570157,254.7300789942281,68.13791747965634,0.8,491.66999999999996,normal,0.0,none,0.0
766,92.0,25.0,1333.54535978665,2664.0,1224.0622580856275,17.362093586984233,0.8809814797493081,0.898835171903539,252.58515813185318,68.73758424840214,0.8,491.66999999999996,normal,0.0,none,0.0
767,92.0,25.0,1332.564827517424,2664.0,1223.7332058680545,17.374889282913127,0.8820087553861852,0.8990405722468582,253.46292919080207,68.55002164767708,0.8,491.66999999999996,normal,0.0,none,0.0
768,92.0,25.0,1333.7673654275118,2664.0,1224.89933668858,17.35919647001611,0.8807492229272008,0.8983126523055867,251.62127400462873,68.98938310636157,0.8,491.66999999999996,normal,0.0,none,0.0
769,92.0,25.0,1335.376216282684,2664.0,1219.76696957813,17.338201376857185,0.8790697353127299,0.9015163686467254,255.8805379371168,67.75896876189186,0.8,491.66999999999996,normal,0.0,none,0.0
770,92.0,25.0,1334.7342676676553,2664.0,1220.8506389939528,17.34657864248901,0.8797391001769992,0.9008399226051328,255.14844581317914,67.98622106908797,0.8,491.66999999999996,normal,0.0,none,0.0
771,92.0,25.0,1820.655870089531,2664.0,1222.3643419643013,17.35280116050908,0.8802369553887193,0.8998950418439998,253.89278360565697,68.3469648647487,0.8,491.66999999999996,normal,0.0,T2,486.3984330490196
772,92.0,25.0,1333.1801208835486,2664.0,1222.575326991762,17.36685986147837,0.8813638503249327,0.8997633411753482,254.282285416501,68.29756085065999,0.8,491.66999999999996,normal,0.0,none,0.0
773,92.0,25.0,1336.1932670382532,2664.0,1223.4829925751183,17.327539072968918,0.8782192618924365,0.8991967599080484,251.6882685687732,68.84523927754786,0.8,491.66999999999996,normal,0.0,none,0.0
774,92.0,25.0,1333.9567485685432,2664.0,1221.5625912961088,17.356725068347085,0.8805511917287017,0.9003955091063626,254.86655748746483,68.1012261453751,0.8,491.66999999999996,normal,0.0,none,0.0
775,92.0,25.0,1335.987835749609,2664.0,1223.356598330654,17.330219898869576,0.8784329417497646,0.8992756574805918,251.9298861189315,68.78985326373027,0.8,491.66999999999996,normal,0.0,none,0.0
776,92.0,25.0,1335.0418268480878,2664.0,1222.7816823885153,17.342565073658626,0.8794182786507978,0.8996345304058858,253.03551512018032,68.5380669406099,0.8,491.66999999999996,normal,0.0,none,0.0
777,92.0,25.0,1335.8041544124803,2664.0,1223.2028517244025,17.3326168934525,0.8786240864113984,0.8993716288918805,252.186840751997,68.72926771979178,0.8,491.66999999999996,normal,0.0,none,0.0
778,92.0,25.0,1335.1827186825064,2664.0,1220.9601990141018,17.340726471168253,0.8792713895147405,0.9007715332597619,254.787854268586,68.05947057777892,0.8,491.66999999999996,normal,0.0,none,0.0
779,92.0,25.0,1333.7100995909507,2664.0,1222.4297875248003,17.359943774571754,0.8808091213109902,0.8998541895419112,254.13261672322182,68.31056949088368,0.8,491.66999999999996,normal,0.0,none,0.0
780,92.0,25.0,1334.8599593737238,2664.0,1221.9720392161612,17.344938397795275,0.8796079602041292,0.9001399243120392,253.95064722366408,68.30042997495858,0.8,491.66999999999996,normal,0.0,none,0.0
781,92.0,25.0,1335.2671143563962,2664.0,1224.0334283947172,17.339625129157696,0.8791834248925444,0.8988531679178325,251.6527817932926,68.90297419164017,0.8,491.66999999999996,normal,0.0,none,0.0
782,92.0,25.0,1335.3857723782035,2664.0,1223.2131719250876,17.338076672248913,0.8790597787910743,0.8993651868360286,252.41007286472257,68.69011396998066,0.8,491.66999999999996,normal,0.0,none,0.0
783,92.0,25.0,1335.600103174117,2664.0,1221.9365784569336,17.33527971004911,0.8788365262002077,0.9001620595590629,253.57304431042394,68.36404775275433,0.8,491.66999999999996,normal,0.0,none,0.0
784,92.0,25.0,1333.7860170142776,2664.0,1224.7387367365725,17.358953071567797,0.8807297156737837,0.8984129016992017,251.771969539758,68.94712347565996,0.8,491.66999999999996,normal,0.0,none,0.0
785,92.0,25.0,1334.4602522687032,2664.0,1222.5485366280514,17.350154473529837,0.8800251287112161,0.8997800642047337,253.59446287893138,68.41692944144833,0.8,491.66999999999996,normal,0.0,none,0.0
786,92.0,25.0,1334.1573675861798,2664.0,1222.2169265162167,17.354107041355213,0.8803415086855368,0.8999870612318964,254.09679853924632,68.29722822609588,0.8,491.66999999999996,normal,0.0,none,0.0
787,92.0,25.0,1335.8787971920842,2664.0,1224.2185515439478,17.3316428242239,0.8785464007200684,0.8987376107011429,251.12545912986923,69.0158731188655,0.8,491.66999999999996,normal,0.0,none,0.0
788,92.0,25.0,1334.4561391450643,2664.0,1220.5480871762384,17.35020814874385,0.880029423575585,0.9010287809197456,255.60811448539926,67.87815865577664,0.8,491.66999999999996,normal,0.0,none,0.0
789,92.0,25.0,1336.6102913086645,2664.0,1221.6423431139324,17.322097012644516,0.877785812628957,0.9003457265798016,253.30481254150214,68.384397591366,0.8,491.66999999999996,normal,0.0,none,0.0
790,92.0,25.0,1333.3465037944052,2664.0,1222.4413466551011,17.36468860694458,0.8811896220052876,0.8998469741237938,254.3240093789849,68.27781871379794,0.8,491.66999999999996,normal,0.0,none,0.0
791,92.0,25.0,1333.9576948150732,2664.0,1223.3225181923046,17.356712720071304,0.8805502024960264,0.8992969309191022,253.0976048521901,68.57715121487493,0.8,491.66999999999996,normal,0.0,none,0.0
792,92.0,25.0,1334.5986561582627,2664.0,1224.7929088578533,17.348348338085078,0.8798806338007231,0.8983790864816918,251.26390006566237,69.0443328052755,0.8,491.66999999999996,normal,0.0,none,0.0
793,92.0,25.0,1336.7355955721346,2664.0,1220.6858837594207,17.32046182397783,0.8776556566915811,0.9009427658012253,254.1967807304291,68.13800621002298,0.8,491.66999999999996,normal,0.0,none,0.0
794,92.0,25.0,1335.4287480868325,2664.0,1222.9259560868304,17.337515850216626,0.8790150050722756,0.8995444721549966,252.6745551620624,68.61599435327612,0.8,491.66999999999996,normal,0.0,none,0.0
795,92.0,25.0,1335.8142699011032,2664.0,1224.4549759748732,17.332484888906954,0.8786135577467298,0.8985900302969162,250.9242330753708,69.07457552615394,0.8,491.66999999999996,normal,0.0,none,0.0
796,92.0,25.0,1334.6508432731164,2664.0,1223.3649843016776,17.347667309551866,0.8798261622999054,0.8992704228058643,252.66795249158952,68.65796448850914,0.8,491.66999999999996,normal,0.0,none,0.0
797,92.0,25.0,1334.1224745758468,2664.0,1221.4712300964143,17.35456238623705,0.8803779709979948,0.9004525384189797,254.8658883979869,68.09291935975739,0.8,491.66999999999996,normal,0.0,none,0.0
798,92.0,25.0,1334.1771387634385,2664.0,1221.813959080188,17.35384903253664,0.8803208496463246,0.9002386007909284,254.49079267688563,68.19047891673615,0.8,491.66999999999996,normal,0.0,none,0.0
799,92.0,25.0,1332.9759255560919,2664.0,1223.9064882824057,17.36952455840089,0.8815777682049319,0.8989324062309552,253.05944673913353,68.63811954946014,0.8,491.66999999999996,normal,0.0,none,0.0
800,92.0,25.0,1334.5369352404978,2664.0,1220.3816246783047,17.34915378031371,0.8799450651337971,0.9011326898205196,255.7304990330041,67.8415513437631,0.8,491.66999999999996,normal,0.0,none,0.0
801,92.0,25.0,1333.2749514369273,2664.0,1224.4738699265986,17.365622346952957,0.881264539809338,0.8985782363506555,252.32306066868864,68.82296965220625,0.8,491.66999999999996,normal,0.0,none,0.0
802,92.0,25.0,1334.783581073075,2664.0,1220.0204828230148,17.345935115130686,0.8796876445583441,0.9013581210958673,255.95623824869017,67.76914379510909,0.8,491.66999999999996,normal,0.0,none,0.0
803,92.0,25.0,1333.9979897477372,2664.0,1221.8833863538757,17.35618688148136,0.880508079105199,0.9001952630314798,254.52102631582227,68.19156410262524,0.8,491.66999999999996,normal,0.0,none,0.0
804,92.0,25.0,1334.6928561378645,2664.0,1222.8110492591568,17.347119052386557,0.8797823153065654,0.8996161990742922,253.20085568047654,68.51129711140283,0.8,491.66999999999996,normal,0.0,none,0.0
805,92.0,25.0,1334.208368875033,2664.0,1222.6005029692737,17.35344148754875,0.8802882190630903,0.8997476258750156,253.68288530465736,68.40603955883088,0.8,491.66999999999996,normal,0.0,none,0.0
806,92.0,25.0,1334.5250998150161,2664.0,1222.0702830958803,17.349308229596414,0.8799574213789556,0.9000785987061151,254.03886339155156,68.29391376568955,0.8,491.66999999999996,normal,0.0,none,0.0
807,92.0,25.0,1335.1342378571787,2664.0,1221.3437250504828,17.341359133568815,0.8793219284715065,0.9005321293738815,254.42919990255012,68.15789673595167,0.8,491.66999999999996,normal,0.0,none,0.0
808,92.0,25.0,1331.7024320564863,2664.0,1225.04293865695,17.386143323636674,0.8829142446484154,0.8982230133606739,252.6301529211592,68.82053912646975,0.8,491.66999999999996,normal,0.0,none,0.0
809,92.0,25.0,1334.1741117561742,2664.0,1223.4140262879434,17.353888534209094,0.88032401252419,0.8992398099113811,252.88488118482542,68.62366960374234,0.8,491.66999999999996,normal,0.0,none,0.0
810,92.0,25.0,1333.9316774611502,2664.0,1222.121613286142,17.357052239901623,0.8805774025775193,0.9000465574733278,254.31860044435155,68.24924409608643,0.8,491.66999999999996,normal,0.0,none,0.0
811,92.0,25.0,1333.7552881050342,2664.0,1220.3130320543594,17.35935407599289,0.8807618547740425,0.9011755065765088,256.23594266896595,67.74753727044309,0.8,491.66999999999996,normal,0.0,none,0.0
812,92.0,25.0,1334.3000686473292,2664.0,1220.3826460074306,17.352244828917637,0.8801924211177682,0.9011320522884142,255.8617218203005,67.81883865029506,0.8,491.66999999999996,normal,0.0,none,0.0
813,92.0,25.0,1336.735551843892,2664.0,1219.648287256006,17.32046239462024,0.8776557021062114,0.901590452297916,255.2410571871481,67.85923309321085,0.8,491.66999999999996,normal,0.0,none,0.0
814,92.0,25.0,1334.125258121977,2664.0,1220.4694889465352,17.354526061670278,0.8803750621518923,0.9010778433557453,255.8719400579319,67.82504583246231,0.8,491.66999999999996,normal,0.0,none,0.0
815,92.0,25.0,1335.6542683719758,2664.0,1223.5270954144246,17.334572868037398,0.8787801242551585,0.8991692301183947,251.94492637327613,68.80302420678585,0.8,491.66999999999996,normal,0.0,none,0.0
816,92.0,25.0,1334.3445701591315,2664.0,1222.2234933257475,17.351664095543253,0.8801459382941448,0.8999829621106625,253.98567756901178,68.31749042553213,0.8,491.66999999999996,normal,0.0,none,0.0
817,92.0,25.0,1334.2132985084975,2664.0,1220.4588006864487,17.35337715708984,0.88028306858801,0.90108451516093,255.83353878096125,67.83073571892933,0.8,491.66999999999996,normal,0.0,none,0.0
818,92.0,25.0,1336.1783449047643,2664.0,1220.6361362889286,17.327733803003543,0.8782347796846972,0.9009738190717174,254.55796179531944,68.06989528355875,0.8,491.66999999999996,normal,0.0,none,0.0
819,92.0,25.0,1334.4763865712707,2664.0,1222.5226579573248,17.349943924998026,0.880008281909958,0.8997962181388754,253.61145650181362,68.41151485943993,0.8,491.66999999999996,normal,0.0,none,0.0
820,92.0,25.0,1335.8956288786653,2664.0,1221.390312463533,17.33142317500865,0.8785288847656151,0.9005030486683769,253.95724263910552,68.24543767644401,0.8,491.66999999999996,normal,0.0,none,0.0
821,92.0,25.0,1336.8027748821942,2664.0,1221.1574686103547,17.31958515112247,0.877585892148969,0.9006483940112388,253.6849105522918,68.27203523227449,0.8,491.66999999999996,normal,0.0,none,0.0
822,92.0,25.0,1335.9158003575124,2664.0,1222.1105587532536,17.331159942356486,0.878507894164527,0.9000534579126175,253.22190891674165,68.44257677583064,0.8,491.66999999999996,normal,0.0,none,0.0
823,92.0,25.0,1334.598467084883,2664.0,1220.3225935031714,17.34835080544444,0.8798808311626721,0.901169538147294,255.7555459635305,67.83176779250851,0.8,491.66999999999996,normal,0.0,none,0.0
824,92.0,25.0,1334.65545902157,2664.0,1223.308211461941,17.34760707521226,0.8798213448309861,0.8993058614388544,252.72238694012253,68.64293775178066,0.8,491.66999999999996,normal,0.0,none,0.0
825,92.0,25.0,1334.9697933842776,2664.0,1220.1570349830815,17.343505091981886,0.8794933973040288,0.9012728827687547,255.71483419539794,67.82361745478282,0.8,491.66999999999996,normal,0.0,none,0.0
826,92.0,25.0,1333.970996315752,2664.0,1222.8139794142985,17.35653913888135,0.8805362969691809,0.8996143700184769,253.60095053402995,68.44035522079925,0.8,491.66999999999996,normal,0.0,none,0.0
827,92.0,25.0,1334.7108343369168,2664.0,1224.7068228736675,17.346884441476096,0.8797635535800354,0.8984328229094146,251.2876304288161,69.03198701772176,0.8,491.66999999999996,normal,0.0,none,0.0
828,92.0,25.0,1334.1124239567205,2664.0,1225.0154307519506,17.354693544252214,0.8803884742008515,0.8982401842923046,251.3121652344567,69.0563209626621,0.8,491.66999999999996,normal,0.0,none,0.0
829,92.0,25.0,1333.7649048363296,2664.0,1221.9901462206176,17.359228580103213,0.8807517964658355,0.9001286215924913,254.54385241930026,68.19739866083282,0.8,491.66999999999996,normal,0.0,none,0.0
830,92.0,25.0,1332.2044148808186,2664.0,1223.9586203589133,17.379592575860926,0.8823869517995739,0.8988998644462757,253.43787722553344,68.57535568921644,0.8,491.66999999999996,normal,0.0,none,0.0
831,92.0,25.0,1334.582653869244,2664.0,1219.3153340625279,17.348557163873757,0.8798973379089594,0.9017982877009231,256.7783398120295,67.56238542773308,0.8,491.66999999999996,normal,0.0,none,0.0
832,92.0,25.0,1333.3448154246962,2664.0,1223.3115332023744,17.36471063973849,0.8811913896402914,0.8993037879484201,253.45082717783902,68.5131346111338,0.8,491.66999999999996,normal,0.0,none,0.0
833,92.0,25.0,1334.2698696629177,2664.0,1222.1929955776418,17.352638917958885,0.8802239674283735,0.9000019993564151,254.05803532683603,68.30187006537847,0.8,491.66999999999996,normal,0.0,none,0.0
834,92.0,25.0,1334.2143635255545,2664.0,1223.3154875646176,17.353363258888987,0.8802819558673942,0.8993013195640152,252.96135843385548,68.6008462570245,0.8,491.66999999999996,normal,0.0,none,0.0
835,92.0,25.0,1334.5698731652628,2664.0,1224.7562852101548,17.34872394879969,0.8799106795972993,0.8984019476247234,251.31671151395477,69.03131846779866,0.8,491.66999999999996,normal,0.0,none,0.0
836,92.0,25.0,1334.3549246971154,2664.0,1221.4752635354325,17.351528971464546,0.8801351234518681,0.9004500206734218,254.7320481081657,68.11678821071091,0.8,491.66999999999996,normal,0.0,none,0.0
837,92.0,25.0,1334.7021842198853,2664.0,1224.7835169034774,17.346997323296264,0.8797725805873561,0.8983849491094152,251.21551884318717,69.05225203911284,0.8,491.66999999999996,normal,0.0,none,0.0
838,92.0,25.0,1333.538620765185,2664.0,1221.6122279045085,17.36218152949488,0.8809885318628514,0.9003645250379928,255.05010632281756,68.07361024001897,0.8,491.66999999999996,normal,0.0,none,0.0
839,92.0,25.0,1335.1802288528822,2664.0,1222.6457216561064,17.34075896280957,0.879273984902299,0.8997193995531619,253.09483215948723,68.51486778632574,0.8,491.66999999999996,normal,0.0,none,0.0
840,92.0,25.0,1409.2861404033133,2664.0,1223.83890991092,16.373695725327803,0.8784993305972182,0.8989745898722221,225.59574740777623,72.57980663851558,0.8,518.67,normal,0.0,none,0.0
841,92.0,25.0,1408.3110707106846,2664.0,1220.2282632251531,16.386420136025887,0.8794621886536429,0.9012284208122802,229.76927049694183,71.31684798661527,0.8,518.67,normal,0.0,none,0.0
842,92.0,25.0,1408.4139516335,2664.0,1221.170573568667,16.385077566233395,0.8793604966091125,0.9006402136593288,228.7638236210504,71.6244260428845,0.8,518.67,normal,0.0,none,0.0
843,92.0,25.0,1408.3115814106836,2664.0,1221.7989855152914,16.38641347152121,0.8794616837971384,0.9002479475608519,228.1891146992225,71.81067113179454,0.8,518.67,normal,0.0,none,0.0
844,92.0,25.0,1407.9102474257957,2664.0,1220.7975581940746,16.39165077762294,0.8798586044978562,0.9008730566000928,229.42025408594935,71.44814150315611,0.8,518.67,normal,0.0,none,0.0
845,92.0,25.0,1408.3080359908492,2664.0,1224.7153954536561,16.38645973834543,0.8794651886617815,0.8984274717499976,225.2622590902331,72.74391992926573,0.8,518.67,normal,0.0,none,0.0
846,92.0,25.0,1409.1657988295622,2664.0,1223.048268546919,16.37526615215989,0.8786180509686363,0.8994681225060572,226.45684523933596,72.3107580822003,0.8,518.67,normal,0.0,none,0.0
847,92.0,25.0,1409.031133653276,2664.0,1221.5390371732803,16.377023498350376,0.878750940029322,0.9004102120156796,228.04870830467854,71.81370865942499,0.8,518.67,normal,0.0,none,0.0
848,92.0,25.0,1408.2381996718934,2664.0,1218.3920688319927,16.38737108448894,0.8795342318351419,0.9023746065500264,231.65902604646772,70.73918665790235,0.8,518.67,normal,0.0,none,0.0
849,92.0,25.0,1409.5265199321002,2664.0,1221.8699773426595,16.370558833810385,0.8782622854048628,0.9002036331787098,227.43940933890747,71.97767036677718,0.8,518.67,normal,0.0,none,0.0
850,92.0,25.0,1408.9084435311488,2664.0,1222.9866295863992,16.37862457313954,0.8788720469764943,0.8995065986596174,226.66244715121326,72.25998297906347,0.8,518.67,normal,0.0,none,0.0
851,92.0,25.0,1407.6245087328866,2664.0,1225.9214533195805,16.395379594658678,0.8801414194733406,0.8976746286251257,224.4344317639892,73.05197988470741,0.8,518.67,normal,0.0,none,0.0
852,92.0,25.0,1407.5281572018675,2664.0,1219.1477327629475,16.396636957554215,0.880236826116788,0.9019029074622742,231.294219438918,70.89082034704447,0.8,518.67,normal,0.0,none,0.0
853,92.0,25.0,1408.2257293177213,2664.0,1221.779985271078,16.38753381942906,0.8795465617016314,0.9002598078568055,228.25614941640225,71.79448992427218,0.8,518.67,normal,0.0,none,0.0
854,92.0,25.0,1406.733054629359,2664.0,1222.4588527546184,16.40701284325366,0.8810249216931254,0.8998360464999731,228.40726129768638,71.83227341389191,0.8,518.67,normal,0.0,none,0.0
855,92.0,25.0,1408.3547210985134,2664.0,1225.8419378861447,16.385850509602193,0.8794190398114685,0.8977242635962782,224.1064385991312,73.11637546885598,0.8,518.67,normal,0.0,none,0.0
856,92.0,25.0,1407.1202213827708,2664.0,1222.3774948254534,16.4019604159079,0.880640990719395,0.8998868315902712,228.27284532428956,71.85243778166827,0.8,518.67,normal,0.0,none,0.0
857,92.0,25.0,1408.7916989018602,2664.0,1221.9933900904764,16.38014806076416,0.8789873161486118,0.9001265967102777,227.72563184792944,71.92931216325482,0.8,518.67,normal,0.0,none,0.0
858,92.0,25.0,1408.357473028514,2664.0,1223.0427394490919,16.38581459761785,0.8794163196431938,0.8994715738688845,226.9137139483293,72.21165399174188,0.8,518.67,normal,0.0,none,0.0
859,92.0,25.0,1407.1552300296462,2664.0,1224.3402928311014,16.401503561998695,0.8806062911561087,0.8986616175886761,226.28227758219782,72.4824928281924,0.8,518.67,normal,0.0,none,0.0
860,92.0,25.0,1406.7104827172577,2664.0,1224.4352976919652,16.407307400947317,0.8810473152860737,0.8986023138368816,226.4352600795096,72.45915408751323,0.8,518.67,normal,0.0,none,0.0
861,92.0,25.0,1408.4374241914877,2664.0,1219.1156306299758,16.384771255340716,0.8793372985916448,0.9019229461940667,230.81887658676817,70.98540421663236,0.8,518.67,normal,0.0,none,0.0
862,92.0,25.0,1406.6298152698832,2664.0,1222.0398365468234,16.408360090553117,0.8811273547616424,0.9000976039924955,228.88599903971271,71.68791520404966,0.8,518.67,normal,0.0,none,0.0
863,92.0,25.0,1408.718637272738,2664.0,1223.0440950259522,16.381101496382403,0.8790594697844988,0.8994707276933002,226.71070235775971,72.25552797473269,0.8,518.67,normal,0.0,none,0.0
864,92.0,25.0,1407.6933405664033,2664.0,1222.1360861783642,16.394481356793847,0.8800732753145857,0.9000375232323397,228.1954592744711,71.84402971434562,0.8,518.67,normal,0.0,none,0.0
865,92.0,25.0,1407.8591870584435,2664.0,1222.245592372858,16.392317102388745,0.879909129070374,0.8999691674859158,227.9928075152054,71.89839574783734,0.8,518.67,normal,0.0,none,0.0
866,92.0,25.0,1407.9840113092337,2664.0,1224.5062545802289,16.390688177765053,0.8797856248902949,0.89855802126436,225.65300744364794,72.63669278530791,0.8,518.67,normal,0.0,none,0.0
867,92.0,25.0,1408.2895240954776,2664.0,1220.7309669573622,16.386701313856683,0.8794834892578391,0.9009146240539869,229.27548193776437,71.47166882111175,0.8,518.67,normal,0.0,none,0.0
868,92.0,25.0,1409.152000256468,2664.0,1222.4998672851998,16.375446220018045,0.8786316657024489,0.8998104444884607,227.01547181459472,72.13361313713453,0.8,518.67,normal,0.0,none,0.0
869,92.0,25.0,1408.5963679543593,2664.0,1222.017814696843,16.38269707979002,0.8791802460712291,0.9001113504293982,227.81014165264997,71.91381806332963,0.8,518.67,normal,0.0,none,0.0
870,92.0,25.0,1408.1601915523406,2664.0,1219.8294076635182,16.3883890705452,0.8796113668189331,0.9014773936649747,230.25496376940407,71.17496536125866,0.8,518.67,normal,0.0,none,0.0
871,92.0,25.0,1407.2558415284302,2664.0,1224.2977127674696,16.40019060761076,0.8805065831541903,0.8986881968342229,226.26883278749568,72.48099707578058,0.8,518.67,normal,0.0,none,0.0
872,92.0,25.0,1407.0897170037115,2664.0,1223.4371941007917,16.402358490271382,0.8806712280116137,0.899225348143738,227.22540445677436,72.18540783097887,0.8,518.67,normal,0.0,none,0.0
873,92.0,25.0,1408.3507110287921,2664.0,1221.6934591593347,16.38590283998888,0.8794230036286225,0.9003138190201071,228.27335441550724,71.78193390965363,0.8,518.67,normal,0.0,none,0.0
874,92.0,25.0,1408.2644760813728,2664.0,1220.7658397660455,16.38702818404971,0.8795082525802699,0.900892855816323,229.2543847134358,71.47967182626944,0.8,518.67,normal,0.0,none,0.0
875,92.0,25.0,1408.5505734330206,2664.0,1223.187753546639,16.383294686608938,0.8792254899384866,0.8993810534474087,226.66025328618957,72.28128641470627,0.8,518.67,normal,0.0,none,0.0
876,92.0,25.0,1408.4310186343569,2664.0,1223.1023542190892,16.384854846226887,0.8793436291064519,0.899434361251645,226.81277455707425,72.23955916161975,0.8,518.67,normal,0.0,none,0.0
877,92.0,25.0,1406.6581977670196,2664.0,1221.188864236773,16.40798970620733,0.8810991915555478,0.9006287962936104,229.72572444889147,71.42425927949448,0.8,518.67,normal,0.0,none,0.0
878,92.0,25.0,1406.0430964796712,2664.0,1218.563422962279,16.416016621063072,0.881709943954012,0.9022676442038993,232.71197029108492,70.54220975624631,0.8,518.67,normal,0.0,none,0.0
879,92.0,25.0,1408.8099608885002,2664.0,1222.0833868156474,16.379909746498086,0.8789692829680676,0.9000704191273273,227.62497896357303,71.96007143451236,0.8,518.67,normal,0.0,none,0.0
880,92.0,25.0,1408.9573174865002,2664.0,1223.44192653579,16.377986780492478,0.8788237996833566,0.8992223940722518,226.1779088582045,72.4119648252658,0.8,518.67,normal,0.0,none,0.0
881,92.0,25.0,1408.4044196135906,2664.0,1223.8897651286736,16.3852019566611,0.8793699174897444,0.8989428451258618,226.0369911542195,72.48902877795732,0.8,518.67,normal,0.0,none,0.0
882,92.0,25.0,1408.8314006950063,2664.0,1222.4273427388855,16.379629962493585,0.8789481127271016,0.8998557156214798,227.2673468873208,72.07207804742231,0.8,518.67,normal,0.0,none,0.0
883,92.0,25.0,1408.998366005363,2664.0,1220.8471076095261,16.377451107794915,0.8787832815816136,0.9008421269591377,228.76287659912072,71.59138471796025,0.8,518.67,normal,0.0,none,0.0
884,92.0,25.0,1408.6955764597465,2664.0,1217.695257197834,16.38140243410794,0.8790822464625825,0.9028095689700965,232.1059699521265,70.57725588655354,0.8,518.67,normal,0.0,none,0.0
885,92.0,25.0,1408.223652102553,2664.0,1222.0808259885225,16.387560926557,0.8795486155490356,0.900072017641917,227.95490853730917,71.88948477446303,0.8,518.67,normal,0.0,none,0.0
886,92.0,25.0,1409.0780288114634,2664.0,1219.4630323523056,16.376411528501414,0.878704658815534,0.9017060917581277,230.1113630331709,71.16733095071332,0.8,518.67,normal,0.0,none,0.0
887,92.0,25.0,1406.6377303235913,2664.0,1221.720538076023,16.408256801121766,0.8811195006808029,0.9002969158707361,229.20254509756734,71.5884581217764,0.8,518.67,normal,0.0,none,0.0
888,92.0,25.0,1409.1301786381425,2664.0,1221.8587093271285,16.375730986569366,0.8786531974512204,0.9002106668777247,227.6720268567987,71.92684675693332,0.8,518.67,normal,0.0,none,0.0
889,92.0,25.0,1408.9018372543624,2664.0,1219.853499246243,16.378710783366,0.8788785689539828,0.9014623552634734,229.81662666884773,71.26860671820215,0.8,518.67,normal,0.0,none,0.0
890,92.0,25.0,1406.9505581991891,2664.0,1222.0433048122884,16.40417447716379,0.8808091947318532,0.9000954390384878,228.7034315902402,71.7268401400927,0.8,518.67,normal,0.0,none,0.0
891,92.0,25.0,1410.2357639692134,2664.0,1223.7716351066554,16.361303380090895,0.8775636243367527,0.899016584021341,225.13307664004554,72.673920795078,0.8,518.67,normal,0.0,none,0.0
892,92.0,25.0,1407.073038731993,2664.0,1220.2531537579116,16.402576137461814,0.8806877611315999,0.9012128836917231,230.43545610562416,71.18078274353493,0.8,518.67,normal,0.0,none,0.0
893,92.0,25.0,1406.6481416084682,2664.0,1224.7466101090436,16.40812093651058,0.8811091698114921,0.8984079869977586,226.15771787726788,72.55167363076684,0.8,518.67,normal,0.0,none,0.0
894,92.0,25.0,1407.4628018678488,2664.0,1220.569338888897,16.397489827987634,0.880301552306813,0.9010155152164829,229.89967890394576,71.32454428019737,0.8,518.67,normal,0.0,none,0.0
895,92.0,25.0,1409.446009888129,2664.0,1222.208861622079,16.37160946934193,0.8783416644344177,0.8999920954846268,227.14374504541132,72.07598635863322,0.8,518.67,normal,0.0,none,0.0
896,92.0,25.0,1407.4907799424354,2664.0,1222.678024690366,16.397124721252936,0.8802738423983084,0.8996992354151533,227.76398707047446,71.99173553358703,0.8,518.67,normal,0.0,none,0.0
897,92.0,25.0,1409.6426234895714,2664.0,1222.7179683030947,16.36904371200941,0.8781478381445988,0.8996743018899263,226.5224117304753,72.26235844374595,0.8,518.67,normal,0.0,none,0.0
898,92.0,25.0,1408.098179359449,2664.0,1222.4334111725816,16.38919831383992,0.879672694569745,0.8998519275954523,227.67063101437486,71.98644041534337,0.8,518.67,normal,0.0,none,0.0
899,92.0,25.0,1408.337028536491,2664.0,1222.9059058957635,16.386081393022298,0.8794365285745749,0.8995569878467585,227.06257229414854,72.16548825050272,0.8,518.67,normal,0.0,none,0.0
900,92.0,25.0,1407.8074858039154,2664.0,1221.4873844090503,16.392991790568672,0.879960293717653,0.9004424546049697,228.7838473057343,71.65274989305505,0.8,518.67,normal,0.0,none,0.0
901,92.0,25.0,1408.0750475714653,2664.0,1222.8524578685958,16.38950017777099,0.8796955732371433,0.899590351071632,227.26253482197052,72.11703499923534,0.8,518.67,normal,0.0,none,0.0
902,92.0,25.0,1407.6740682359803,2664.0,1225.2735139819658,16.394732855788497,0.8800923540382545,0.8980790840741049,225.05640391280696,72.84721772298587,0.8,518.67,normal,0.0,none,0.0
903,92.0,25.0,1407.2856616797321,2664.0,1222.1971006390334,16.399801462244934,0.8804770351272264,0.8999994369028771,228.36175919412443,71.81500755695217,0.8,518.67,normal,0.0,none,0.0
904,92.0,25.0,1407.7272651649855,2664.0,1220.6570981363216,16.39403864943827,0.8800396935265976,0.9009607343075945,229.6637253519708,71.38279510320409,0.8,518.67,normal,0.0,none,0.0
905,92.0,25.0,1409.7447588533084,2664.0,1225.358288751712,16.367710871572655,0.8780471844699518,0.8980261661301411,223.8152540230925,73.13045280588378,0.8,518.67,normal,0.0,none,0.0
906,92.0,25.0,1407.4908188697486,2664.0,1222.2075997870402,16.39712421326143,0.8802738038453235,0.8999928831448715,228.2366614976384,71.84263959027062,0.8,518.67,normal,0.0,none,0.0
907,92.0,25.0,1407.5954642558595,2664.0,1222.9365280814352,16.395758617673135,0.8801701769431919,0.8995378729248276,227.44585252975025,72.08642600123272,0.8,518.67,normal,0.0,none,0.0
908,92.0,25.0,1407.096651878319,2664.0,1220.7021071892864,16.402267991927197,0.8806643536742399,0.9009326388429911,229.97053609155904,71.32334546281572,0.8,518.67,normal,0.0,none,0.0
909,92.0,25.0,1407.2786503526888,2664.0,1222.6140468471224,16.3998929582739,0.8804839822939515,0.8997391715415954,227.94670376323234,71.94617288832757,0.8,518.67,normal,0.0,none,0.0
910,92.0,25.0,1409.9019582997728,2664.0,1220.963878900667,16.36565945890601,0.8778923106123856,0.9007692362080372,228.1409106972775,71.73487389388819,0.8,518.67,normal,0.0,none,0.0
911,92.0,25.0,1406.534719754025,2664.0,1221.163613256562,16.409601062771284,0.8812217286662176,0.900644558411984,229.82006152693748,71.40195226537216,0.8,518.67,normal,0.0,none,0.0
912,92.0,25.0,1408.6569925930442,2664.0,1221.1167770904165,16.381905943723662,0.8791203575726325,0.9006737943936678,228.68223068064128,71.63611223733986,0.8,518.67,normal,0.0,none,0.0
913,92.0,25.0,1406.8987907970927,2664.0,1219.6989683419185,16.4048500285526,0.8808605297079615,0.9015588162477991,231.0905584989403,70.98883716890506,0.8,518.67,normal,0.0,none,0.0
914,92.0,25.0,1408.6534164396933,2664.0,1222.558979756009,16.381952611612434,0.8791238900757721,0.8997735454154558,227.23445347598727,72.0927322464486,0.8,518.67,normal,0.0,none,0.0
915,92.0,25.0,1407.0130105224964,2664.0,1222.1042273781297,16.403359490279446,0.8807472720511434,0.9000574100714381,228.6073299985456,71.75342754925576,0.8,518.67,normal,0.0,none,0.0
916,92.0,25.0,1408.8976808219106,2664.0,1221.5319815151834,16.378765023748976,0.8788826723979487,0.9004146162850267,228.13031365458107,71.79565381454984,0.8,518.67,normal,0.0,none,0.0
917,92.0,25.0,1407.1831076327953,2664.0,1222.0552816236013,16.401139766390617,0.8805786616338152,0.900087962896331,228.56155356802202,71.75808665261582,0.8,518.67,normal,0.0,none,0.0
918,92.0,25.0,1407.5455675984156,2664.0,1222.6106465022935,16.396409756321557,0.88021958492718,0.8997412940983143,227.8010913279051,71.9768709655564,0.8,518.67,normal,0.0,none,0.0
919,92.0,25.0,1406.2763107397884,2664.0,1223.63911123774,16.41297323447356,0.8814782789357161,0.8990993078162873,227.47681843820664,72.15228939441184,0.8,518.67,normal,0.0,none,0.0
920,92.0,25.0,1408.361155967882,2664.0,1222.1785997159918,16.385766536198805,0.8794126792372362,0.9000109855135275,227.77986841855744,71.93685135548985,0.8,518.67,normal,0.0,none,0.0
921,92.0,25.0,1406.8802127493725,2664.0,1224.5949966982018,16.40509246733513,0.8808789540277009,0.8985026268299054,226.18025478241617,72.53105485762546,0.8,518.67,normal,0.0,none,0.0
922,92.0,25.0,1409.0931838262184,2664.0,1225.4606482314691,16.376213759425685,0.8786897032502345,0.8979622714922653,224.0764080663647,73.08316792803794,0.8,518.67,normal,0.0,none,0.0
923,92.0,25.0,1407.7343352325954,2664.0,1223.9877291977598,16.3939463868599,0.8800326952252533,0.8988816941827935,226.31278670115802,72.43932888559148,0.8,518.67,normal,0.0,none,0.0
924,92.0,25.0,1408.1560626439068,2664.0,1221.1366679013097,16.388442951746764,0.8796154498899821,0.9006613781898918,228.94191147593205,71.58341103249516,0.8,518.67,normal,0.0,none,0.0
925,92.0,25.0,1408.4160150485102,2664.0,1221.8256837777337,16.385050639194,0.8793584572792171,0.9002312820227434,228.10396702069806,71.83150233291308,0.8,518.67,normal,0.0,none,0.0
926,92.0,25.0,1408.0699025788426,2664.0,1221.1194685833843,16.389567318611963,0.8797006620922483,0.9006721143150964,229.00731563223997,71.5678766565334,0.8,518.67,normal,0.0,none,0.0
927,92.0,25.0,1407.2875863715508,2664.0,1223.3046792589444,16.39977634550779,0.8804751280673481,0.8993080663038254,227.24799630019044,72.16686885038136,0.8,518.67,normal,0.0,none,0.0
928,92.0,25.0,1407.9377951548686,2664.0,1220.5241172233234,16.391291286787386,0.8798313482465996,0.9010437433977205,229.67997408632783,71.36578342100705,0.8,518.67,normal,0.0,none,0.0
929,92.0,25.0,1407.3701012488239,2664.0,1224.4341376721081,16.398699547413187,0.8803933768702541,0.8986030379422489,226.0681370759765,72.53874765156289,0.8,518.67,normal,0.0,none,0.0
930,92.0,25.0,1407.1054645757133,2664.0,1223.933749353415,16.402152988474775,0.8806556180611714,0.8989153893775638,226.71808950167707,72.3460268412038,0.8,518.67,normal,0.0,none,0.0
931,92.0,25.0,1406.3425387506343,2664.0,1220.5555878880216,16.412108975830215,0.881412513069961,0.901024098839841,230.5389945596972,71.19016462779081,0.8,518.67,normal,0.0,none,0.0
932,92.0,25.0,1407.474581391266,2664.0,1221.9443108757548,16.39733610821261,0.8802898854759184,0.9001572328434362,228.51035484646337,71.75751890644088,0.8,518.67,normal,0.0,none,0.0
933,92.0,25.0,1407.9786106233773,2664.0,1221.1092003189528,16.390758655337486,0.8797909677439726,0.9006785239514,229.06861432315856,71.5539259001856,0.8,518.67,normal,0.0,none,0.0
934,92.0,25.0,1408.1421363794354,2664.0,1221.8188146272923,16.388624685944805,0.8796292218305379,0.9002355698706399,228.26378789763066,71.79686641007905,0.8,518.67,normal,0.0,none,0.0
935,92.0,25.0,1406.8872908892336,2664.0,1223.0962150107657,16.405000099415943,0.8808719343665194,0.8994381934564745,227.68085525456104,72.05261101586322,0.8,518.67,normal,0.0,none,0.0
936,92.0,25.0,1408.390366356545,2664.0,1224.1095770999787,16.385385348079836,0.8793838072600093,0.8988056345192755,225.82420285028792,72.55814541252988,0.8,518.67,normal,0.0,none,0.0
937,92.0,25.0,1408.844146911457,2664.0,1225.12529556682,16.379463627621124,0.8789355272538738,0.8981716046885585,224.55175921757944,72.94293166392093,0.8,518.67,normal,0.0,none,0.0
938,92.0,25.0,1407.0306045672141,2664.0,1219.298309818104,16.40312989248503,0.8807298287890155,0.9018089145420828,231.42037765849898,70.88023128495064,0.8,518.67,normal,0.0,none,0.0
939,92.0,25.0,1406.3296320430543,2664.0,1224.8011927741443,16.41227740507097,0.8814253289434704,0.8983739155113735,226.28079487875266,72.53058048459265,0.8,518.67,normal,0.0,none,0.0
940,92.0,25.0,1407.0356218095117,2664.0,1219.9179781757541,16.403064418753203,0.8807248546715563,0.9014221063499236,230.79369179199057,71.07241229771971,0.8,518.67,normal,0.0,none,0.0
941,92.0,25.0,1408.229139382632,2664.0,1222.033679342666,16.387489318952056,0.8795431900192613,0.9001014474306501,227.9992317512332,71.8751953376414,0.8,518.67,normal,0.0,none,0.0
942,92.0,25.0,1409.8006570648504,2664.0,1221.7688860873175,16.366981414174557,0.8779921069491954,0.9002667361679767,227.38797270028437,71.97821951536353,0.8,518.67,normal,0.0,none,0.0
943,92.0,25.0,1408.8432222213235,2664.0,1221.8763824131456,16.37947569459143,0.8789364402705653,0.9001996350179116,227.81447868943246,71.89830860979082,0.8,518.67,normal,0.0,none,0.0
944,92.0,25.0,1409.347513067634,2664.0,1221.3265373865108,16.372894827717758,0.8784387970778111,0.9005428582244777,228.08573849506445,71.78394815803905,0.8,518.67,normal,0.0,none,0.0
945,92.0,25.0,1406.7334669147176,2664.0,1223.4508560015483,16.407007463034926,0.8810245126754267,0.8992168201382849,227.41059242917828,72.14706794339189,0.8,518.67,normal,0.0,none,0.0
946,92.0,25.0,1408.9175291845038,2664.0,1225.650156575899,16.378506007681473,0.8788630774185896,0.89784397695745,223.98446975776335,73.12340014195914,0.8,518.67,normal,0.0,none,0.0
947,92.0,25.0,1408.0366164395036,2664.0,1223.1279144943358,16.39000169423732,0.8797335864659248,0.8994184060657184,227.00731074491188,72.20032535716335,0.8,518.67,normal,0.0,none,0.0
948,92.0,25.0,1409.3371877972772,2664.0,1221.4704605939785,16.373029569861405,0.878448980587652,0.9004530187563122,227.9467805883654,71.82829925301037,0.8,518.67,normal,0.0,none,0.0
949,92.0,25.0,1408.2222219504413,2664.0,1223.9195321045368,16.38757958967715,0.8795500296181353,0.8989242640413548,226.10883782048995,72.47651063815299,0.8,518.67,normal,0.0,none,0.0
950,92.0,25.0,1408.3280260853548,2664.0,1220.479964158693,16.386198872712637,0.8794454275943595,0.9010713045389296,229.50652112052512,71.39753063533841,0.8,518.67,normal,0.0,none,0.0
951,92.0,25.0,1407.1586142656163,2664.0,1222.404500854792,16.40145939858278,0.8806029369437552,0.8998699739385015,228.224271905524,71.86553499170478,0.8,518.67,normal,0.0,none,0.0
952,92.0,25.0,1407.1423017075394,2664.0,1224.0559844126876,16.401672273303504,0.8806191050184649,0.8988390880436132,226.57482912072385,72.38964865141462,0.8,518.67,normal,0.0,none,0.0
953,92.0,25.0,1407.7346636939458,2664.0,1221.9601875593603,16.393942100523088,0.880032370100727,0.9001473223304864,228.3491834607196,71.79330292347272,0.8,518.67,normal,0.0,none,0.0
954,92.0,25.0,1408.2423144473478,2664.0,1221.4985924615592,16.387317387719158,0.8795301634915013,0.9004354583359574,228.52979839321705,71.70757381723374,0.8,518.67,normal,0.0,none,0.0
955,92.0,25.0,1408.5565686504574,2664.0,1221.3794636278114,16.38321645055108,0.8792195665453556,0.9005098207077762,228.4741271483083,71.70709723257339,0.8,518.67,normal,0.0,none,0.0
956,92.0,25.0,1407.210152825221,2664.0,1226.8695010055212,16.400786833530088,0.8805518587715313,0.897082840119303,223.7157675661063,73.31082208447279,0.8,518.67,normal,0.0,none,0.0
957,92.0,25.0,1406.5663807241897,2664.0,1227.0785187974338,16.409187895188985,0.8811903057035101,0.8969523674346472,223.86584020913494,73.29920402263944,0.8,518.67,normal,0.0,none,0.0
958,92.0,25.0,1408.390220952869,2664.0,1220.5535866732894,16.385387245560707,0.8793839509744439,0.9010253480342578,229.397718840861,71.42785607614375,0.8,518.67,normal,0.0,none,0.0
959,92.0,25.0,1408.088049663349,2664.0,1224.5450346918967,16.389330503789413,0.8796827132747476,0.8985338140175305,225.5560083186224,72.66191056474852,0.8,518.67,normal,0.0,none,0.0
960,92.0,25.0,1482.2144311952234,2664.0,1220.5510912119853,15.422000138272765,0.8789062629382833,0.9010269057463206,203.25671225356052,75.87449372414324,0.8,545.67,normal,0.0,none,0.0
961,92.0,25.0,1483.0973146928368,2664.0,1220.387550042659,15.41047873389816,0.8780784954694514,0.901128991100962,202.92832469855557,75.94050143956001,0.8,545.67,normal,0.0,none,0.0
962,92.0,25.0,1481.1089894878417,2664.0,1224.106420910905,15.436425870498734,0.8799448979009578,0.8988076046695576,200.3011393660364,77.06609118328447,0.8,545.67,normal,0.0,none,0.0
963,92.0,25.0,1481.6706388382333,2664.0,1223.8257962460889,15.429096489781923,0.8794168849276973,0.8989827756588984,200.26923339234747,77.04177136162886,0.8,545.67,normal,0.0,none,0.0
964,92.0,25.0,1480.130582717608,2664.0,1221.022846110175,15.44919382920811,0.8808662252008586,0.9007324278097628,203.94561724527455,75.75153630601528,0.8,545.67,normal,0.0,none,0.0
965,92.0,25.0,1482.8813447905063,2664.0,1222.8427548336354,15.41329708601848,0.878280838866124,0.8995964078814807,200.5804326857185,76.84347311269869,0.8,545.67,normal,0.0,none,0.0
966,92.0,25.0,1481.9688247939612,2664.0,1220.1239901220288,15.425205239142336,0.8791368143376558,0.9012935099684594,203.82363242708357,75.67917937416111,0.8,545.67,normal,0.0,none,0.0
967,92.0,25.0,1482.4876850316596,2664.0,1219.6262167533712,15.418434245428463,0.8786499008818736,0.9016042291046851,204.03500304621775,75.56759386984153,0.8,545.67,normal,0.0,none,0.0
968,92.0,25.0,1481.0858074126154,2664.0,1224.0576223818955,15.43672839066549,0.879966705260483,0.8988380655936199,200.36306106732172,77.04378396115025,0.8,545.67,normal,0.0,none,0.0
969,92.0,25.0,1481.77086710042,2664.0,1223.4803953238747,15.427788536533805,0.8793227258159907,0.8991983811592316,200.56004977763916,76.9235376319391,0.8,545.67,normal,0.0,none,0.0
970,92.0,25.0,1482.4072143052958,2664.0,1222.0442855252434,15.419484367875263,0.8787253815979845,0.9000948268597304,201.64747954362804,76.46752839545974,0.8,545.67,normal,0.0,none,0.0
971,92.0,25.0,1482.3574308635782,2664.0,1225.6891544309537,15.420134029087347,0.8787720844493082,0.8978196337912618,198.01642622896634,77.87300439033805,0.8,545.67,normal,0.0,none,0.0
972,92.0,25.0,1481.454160596619,2664.0,1225.0843817966793,15.431921475600197,0.8796203235291519,0.8981971438035822,199.127203631783,77.4978063978451,0.8,545.67,normal,0.0,none,0.0
973,92.0,25.0,1481.8505960309462,2664.0,1223.6525852225004,15.426748094333412,0.8792478391319325,0.8990908971113967,200.34264807766897,77.001817847355,0.8,545.67,normal,0.0,none,0.0
974,92.0,25.0,1481.9773774238886,2664.0,1218.990647214593,15.425093629504001,0.8791287839279742,0.9020009631015902,204.9599515176393,75.25906166198759,0.8,545.67,normal,0.0,none,0.0
975,92.0,25.0,1480.9904581870474,2664.0,1221.8031131622486,15.437972673730632,0.8800564115671696,0.9002453710089954,202.68092574365733,76.16884823812163,0.8,545.67,normal,0.0,none,0.0
976,92.0,25.0,1482.9424264078789,2664.0,1223.2438502573777,15.412499986496847,0.8782236017036578,0.899346036866363,200.14346471597707,77.00726080848393,0.8,545.67,normal,0.0,none,0.0
977,92.0,25.0,1480.821619879886,2664.0,1223.837498200984,15.440175970559704,0.8802153026299415,0.898975471087087,200.73152185273682,76.9195382371839,0.8,545.67,normal,0.0,none,0.0
978,92.0,25.0,1480.0862016640244,2664.0,1224.1229235656606,15.449772990633468,0.880908062843518,0.898797303414099,200.85563280130611,76.9197894784308,0.8,545.67,normal,0.0,none,0.0
979,92.0,25.0,1481.3549029176022,2664.0,1223.135055757686,15.433216762985596,0.8797136338641348,0.8994139483600244,201.13909514728255,76.72907522868562,0.8,545.67,normal,0.0,none,0.0
980,92.0,25.0,1480.8757868930613,2664.0,1223.222266355496,15.439469104858574,0.8801643206593819,0.8993595099281446,201.31901466700378,76.69155906806206,0.8,545.67,normal,0.0,none,0.0
981,92.0,25.0,1481.338446268863,2664.0,1222.5744799594652,15.433431518052702,0.8797291063729291,0.899763869908222,201.7114047868979,76.51243881999466,0.8,545.67,normal,0.0,none,0.0
982,92.0,25.0,1481.8316724643757,2664.0,1221.4190761287784,15.426995042048775,0.8792656122426087,0.9004850938684972,202.59736161755995,76.1460806738939,0.8,545.67,normal,0.0,none,0.0
983,92.0,25.0,1480.7970939423435,2664.0,1222.3381584696492,15.440496027786796,0.8802383883748375,0.8999113860547469,202.25112008440578,76.34319167845888,0.8,545.67,normal,0.0,none,0.0
984,92.0,25.0,1481.5081880048326,2664.0,1220.920131653706,15.431216431708194,0.879569541666538,0.90079654403052,203.27977000685246,75.9112253579784,0.8,545.67,normal,0.0,none,0.0
985,92.0,25.0,1481.3011590503836,2664.0,1222.6875289055974,15.43391810673996,0.8797641657561859,0.8996933027121741,201.6186435557379,76.55005427349391,0.8,545.67,normal,0.0,none,0.0
986,92.0,25.0,1480.9391508432939,2664.0,1219.4782595228546,15.43864222147546,0.8801046900298881,0.9016965866829709,205.04857099664662,75.29261065529661,0.8,545.67,normal,0.0,none,0.0
987,92.0,25.0,1482.4772972432197,2664.0,1220.9628845606462,15.418569803417139,0.8786596437919788,0.9007698568930553,202.69567995337025,76.06757976768006,0.8,545.67,normal,0.0,none,0.0
988,92.0,25.0,1483.0670672634387,2664.0,1221.8481260378574,15.410873455134118,0.8781068288387619,0.9002172731582286,201.47623610875814,76.48978238215265,0.8,545.67,normal,0.0,none,0.0
989,92.0,25.0,1479.3792008740645,2664.0,1221.4133495148155,15.458999170549973,0.8815750828276088,0.9004886685244673,203.9724166159849,75.78965542019509,0.8,545.67,normal,0.0,none,0.0
990,92.0,25.0,1480.869088272235,2664.0,1223.0940409713285,15.439556520151191,0.8801706250785398,0.899439550531197,201.45153526311537,76.6415430886919,0.8,545.67,normal,0.0,none,0.0
991,92.0,25.0,1481.0174161121586,2664.0,1222.6000042500098,15.437620879686293,0.8800310472004885,0.8997479371845967,201.8650016696613,76.47497462164807,0.8,545.67,normal,0.0,none,0.0
992,92.0,25.0,1481.8866027809052,2664.0,1222.6605805154393,15.42627821543363,0.8792140233920687,0.8997101243845251,201.3188449621597,76.62610133856661,0.8,545.67,normal,0.0,none,0.0
993,92.0,25.0,1480.8395978037033,2664.0,1223.4252835394427,15.439941363240987,0.8801983811606264,0.8992327829314694,201.1353475374084,76.76393807592358,0.8,545.67,normal,0.0,none,0.0
994,92.0,25.0,1481.9082249523447,2664.0,1224.3753142875203,15.42599605161328,0.8791937181793154,0.8986397565624078,199.58504495463262,77.29034034148069,0.8,545.67,normal,0.0,none,0.0
995,92.0,25.0,1480.6352860927875,2664.0,1221.3225883860412,15.44260757893795,0.880390725026089,0.9005453232619671,203.36236970077903,75.9364065321412,0.8,545.67,normal,0.0,none,0.0
996,92.0,25.0,1480.8042414587007,2664.0,1220.6499913489988,15.440402754522035,0.8802316604442365,0.9009651704927287,203.94456355114505,75.70882246463952,0.8,545.67,normal,0.0,none,0.0
997,92.0,25.0,1480.9570279958089,2664.0,1221.5681953776173,15.438408929196527,0.8800878676370807,0.9003920109373658,202.93576690788484,76.07534721173236,0.8,545.67,normal,0.0,none,0.0
998,92.0,25.0,1480.727568878299,2664.0,1222.3428460528212,15.441403312133138,0.8803038374256376,0.8999084599805818,202.28522769558128,76.33480451360927,0.8,545.67,normal,0.0,none,0.0
999,92.0,25.0,1481.6149842329696,2664.0,1218.649116712366,15.429822768180248,0.8794691781718703,0.902214152615792,205.50632964205215,75.0819830953902,0.8,545.67,normal,0.0,none,0.0
1000,92.0,25.0,1481.531056157717,2664.0,1223.2629374608316,15.4309180081479,0.8795480490201465,0.8993341222888795,200.91231119841916,76.8042431850205,0.8,545.67,normal,0.0,none,0.0
1001,92.0,25.0,1480.589320373044,2664.0,1221.7927267179716,15.443207419852369,0.8804340098234501,0.900251854415295,202.91533561643314,76.10665489100518,0.8,545.67,normal,0.0,none,0.0
1002,92.0,25.0,1482.5460018022097,2664.0,1220.3976632492534,15.41767322645241,0.8785952084523897,0.9011226782545637,203.2259645757198,75.86468224491044,0.8,545.67,normal,0.0,none,0.0
1003,92.0,25.0,1481.1505491937887,2664.0,1223.9759148619812,15.435883526940156,0.8799058054246491,0.8988890689047843,200.4089259421504,77.02193629537162,0.8,545.67,normal,0.0,none,0.0
1004,92.0,25.0,1479.788523676799,2664.0,1221.1938636466207,15.453657612413709,0.8811887841143539,0.9006256755715962,203.96459790738015,75.76637206144558,0.8,545.67,normal,0.0,none,0.0
1005,92.0,25.0,1482.3964727923512,2664.0,1219.349144138457,15.419624541878473,0.8787354580080521,0.9017771828402578,204.36491095844974,75.4514288659539,0.8,545.67,normal,0.0,none,0.0
1006,92.0,25.0,1480.3506828674072,2664.0,1222.212532775362,15.44632157841216,0.8806587973683662,0.899989803884375,202.62661316003334,76.23046813802658,0.8,545.67,normal,0.0,none,0.0
1007,92.0,25.0,1479.3631700678764,2664.0,1221.9410028325224,15.459208368480441,0.8815902188056218,0.9001592977838296,203.4508846701001,75.98496508652629,0.8,545.67,normal,0.0,none,0.0
1008,92.0,25.0,1481.0802673798248,2664.0,1223.254002129925,15.43680068667986,0.879971916924896,0.899339699883978,201.17297499081076,76.7339683045647,0.8,545.67,normal,0.0,none,0.0
1009,92.0,25.0,1480.4323570560832,2664.0,1221.4326785883218,15.445255751089249,0.880581850439307,0.900476602967324,203.3649682782103,75.94845799577243,0.8,545.67,normal,0.0,none,0.0
1010,92.0,25.0,1481.034812285411,2664.0,1223.461760030726,15.437393864064013,0.8800146801398897,0.8992100136461324,200.98972562545066,76.80688063046556,0.8,545.67,normal,0.0,none,0.0
1011,92.0,25.0,1480.912329770383,2664.0,1222.3080165046729,15.438992229633506,0.880129929854166,0.8999302012142378,202.21707008924898,76.3486100496831,0.8,545.67,normal,0.0,none,0.0
1012,92.0,25.0,1482.4699599839587,2664.0,1224.5540481585672,15.41866555277838,0.8786665256812658,0.8985281876486758,199.0920646411438,77.44490259101971,0.8,545.67,normal,0.0,none,0.0
1013,112.04022715613367,25.0,1480.4500817906658,2664.0,1226.3644346257047,15.445024447825443,0.8805651533788098,0.8973981116849483,198.4045092592704,77.8461361865634,0.8,545.67,normal,0.0,Nc,20.04022715613367
1014,92.0,25.0,1480.8321294905013,2664.0,1222.962089632926,15.44003882282272,0.8802054105269612,0.8995219169422461,201.6047051663802,76.58570671790807,0.8,545.67,normal,0.0,none,0.0
1015,92.0,25.0,1479.661902681724,2664.0,1222.986736710453,15.455309984091873,0.8813082466068799,0.8995065317908462,202.23332485816013,76.42316119230955,0.8,545.67,normal,0.0,none,0.0
1016,92.0,25.0,1480.349953889189,2664.0,1222.8320562052222,15.446331091391906,0.8806594842142519,0.8996030861587623,202.00453994543284,76.46526704580204,0.8,545.67,normal,0.0,none,0.0
1017,92.0,25.0,1480.929525060736,2664.0,1221.0157833202595,15.438767835481805,0.8801137481534862,0.9007368365309201,203.50664500144353,75.86370378899565,0.8,545.67,normal,0.0,none,0.0
1018,92.0,25.0,1481.5423399978067,2664.0,1220.599713420821,15.430770756913821,0.8795374442836754,0.9009965548844985,203.58304292054322,75.79595302019491,0.8,545.67,normal,0.0,none,0.0
1019,92.0,25.0,1482.107843630354,2664.0,1221.724259576976,15.423391078798309,0.8790063021228935,0.9002945928425584,202.13632383044126,76.30192726635302,0.8,545.67,normal,0.0,none,0.0
1020,92.0,25.0,1480.0707396114612,2664.0,1221.1388157053311,15.449974766474249,0.8809226397227878,0.9006600374917904,203.8623900413769,75.78629272097932,0.8,545.67,normal,0.0,none,0.0
1021,92.0,25.0,1479.0177914821088,2664.0,1223.4192315660316,15.463715470900766,0.8819164448767354,0.8992365606826893,202.15859979479387,76.49298860695313,0.8,545.67,normal,0.0,none,0.0
1022,92.0,25.0,1482.518659346157,2664.0,1223.7891275987731,15.418030038527421,0.8786208507486514,0.8990056648915049,199.83256608265935,77.15474179593862,0.8,545.67,normal,0.0,none,0.0
1023,92.0,25.0,1480.3489367517805,2664.0,1221.3985239112235,15.446344364775562,0.8806604425665484,0.9004979229342694,203.44588864917455,75.92360045875144,0.8,545.67,normal,0.0,none,0.0
1024,92.0,25.0,1480.9417367429453,2664.0,1223.9951804909106,15.438608476144806,0.8801022566596475,0.8988770429508929,200.50617496593395,76.99816965122311,0.8,545.67,normal,0.0,none,0.0
1025,92.0,25.0,1480.235997727658,2664.0,1224.158180781802,15.447818190223774,0.8807668672933291,0.8987752952223494,200.73661094762826,76.95565904644108,0.8,545.67,normal,0.0,none,0.0
1026,92.0,25.0,1479.8201513291972,2664.0,1217.6185701318661,15.453244879619762,0.881158949582377,0.9028574384231399,207.5470621285923,74.45658214157335,0.8,545.67,normal,0.0,none,0.0
1027,92.0,25.0,1480.6610653971647,2664.0,1221.2620568587918,15.44227116559346,0.8803664511465715,0.9005831081356578,203.40884857805634,75.91740120227674,0.8,545.67,normal,0.0,none,0.0
1028,92.0,25.0,1481.5745861539704,2664.0,1225.096167941474,15.43034995280355,0.8795071402311044,0.8981897866789132,199.04814472956593,77.52069216102358,0.8,545.67,normal,0.0,none,0.0
1029,92.0,25.0,1481.691504980362,2664.0,1223.9470213475054,15.428824191951179,0.8793972806369698,0.8989071047589012,200.13589472410092,77.09173915664013,0.8,545.67,normal,0.0,none,0.0
1030,92.0,25.0,1482.5910171557018,2664.0,1219.4369706530354,15.41708578757508,0.878552995423585,0.9017223599419957,204.16785310320074,75.51181811067096,0.8,545.67,normal,0.0,none,0.0
1031,92.0,25.0,1480.7604715418263,2664.0,1221.5879374471854,15.440973940769277,0.8802728625180257,0.900379687580614,203.02566164194218,76.05429686027135,0.8,545.67,normal,0.0,none,0.0
1032,92.0,25.0,1481.3790012569975,2664.0,1222.473138759316,15.432902285805218,0.8796909776348038,0.8998271289175566,201.79058634916544,76.47979306180872,0.8,545.67,normal,0.0,none,0.0
1033,92.0,25.0,1480.0262864816743,2664.0,1222.2480027558001,15.450554868475677,0.8809645506822393,0.8999676628813048,202.77208798739173,76.19665517986078,0.8,545.67,normal,0.0,none,0.0
1034,92.0,25.0,1480.486664273363,2664.0,1222.5101982680999,15.444547055760326,0.8805306939380247,0.899803995702155,202.2515706579735,76.36305125105068,0.8,545.67,normal,0.0,none,0.0
1035,92.0,25.0,1481.4142428353703,2664.0,1224.4500809909212,15.432442392199404,0.879657847109268,0.8985930858343981,199.78582661397445,77.24493100312827,0.8,545.67,normal,0.0,none,0.0
1036,92.0,25.0,1483.1573646065747,2664.0,1222.6152218253646,15.40969509784572,0.8780222509376329,0.8997384380989336,200.65490779438278,76.7970007174532,0.8,545.67,normal,0.0,none,0.0
1037,92.0,25.0,1480.9903677167317,2664.0,1224.256584306263,15.437973854345168,0.8800564966919933,0.8987138699632913,200.2166634451844,77.10633864684195,0.8,545.67,normal,0.0,none,0.0
1038,92.0,25.0,1481.0870619027432,2664.0,1222.1100867221119,15.436712019889406,0.8799655251349654,0.9000537525629905,202.3184289735409,76.29908999495153,0.8,545.67,normal,0.0,none,0.0
1039,92.0,25.0,1483.347735001387,2664.0,1223.662232124879,15.407210812766753,0.8778439919939406,0.8990848753405205,199.49706017457981,77.23026494367339,0.8,545.67,normal,0.0,none,0.0
1040,92.0,25.0,1480.6177223268407,2664.0,1221.5761288357028,15.442836781602132,0.8804072638937355,0.9003870587293957,203.1172359967827,76.02917943333347,0.8,545.67,normal,0.0,none,0.0
1041,92.0,25.0,1482.2783040958877,2664.0,1221.942364108906,15.421166613216375,0.8788463250836003,0.9001584480504997,201.82189984686,76.4097782496239,0.8,545.67,normal,0.0,none,0.0
1042,92.0,25.0,1479.9649275147106,2664.0,1220.9513243925383,15.451355587338707,0.8810224072253605,0.9007770729589909,204.11004767194947,75.7011022415344,0.8,545.67,normal,0.0,none,0.0
1043,92.0,25.0,1481.1517093276866,2664.0,1222.9458985856609,15.435868387488798,0.8799047142129861,0.8995320236866757,201.44253654074203,76.62665816545093,0.8,545.67,normal,0.0,none,0.0
1044,92.0,25.0,1481.7198453462327,2664.0,1221.4467492868525,15.428454357407658,0.8793706555156655,0.9004678197829097,202.6319721780028,76.1402763422471,0.8,545.67,normal,0.0,none,0.0
1045,92.0,25.0,1480.8430796750376,2664.0,1221.187890678794,15.439895925708479,0.8801951039731429,0.9006294040061023,203.38181115993666,75.91581487868035,0.8,545.67,normal,0.0,none,0.0
1046,92.0,25.0,1480.910264088232,2664.0,1220.8845352482897,15.439019186258514,0.8801318738131212,0.9008187639503474,203.64941735142781,75.81175230968697,0.8,545.67,normal,0.0,none,0.0
1047,92.0,25.0,1480.9498813686942,2664.0,1220.9391239174308,15.438502190856898,0.8800945925329577,0.9007846887161317,203.5723872195723,75.83789924418873,0.8,545.67,normal,0.0,none,0.0
1048,92.0,25.0,1480.1257054446066,2664.0,1223.4850536148656,15.44925747637633,0.8808708227703667,0.8991954733697752,201.47392096374585,76.68117740735457,0.8,545.67,normal,0.0,none,0.0
1049,92.0,25.0,1482.9763078614867,2664.0,1219.7235164802808,15.412057842172178,0.8781918559531292,0.9015434928560145,203.66423140521488,75.67385660129985,0.8,545.67,normal,0.0,none,0.0
1050,92.0,25.0,1480.7776847113826,2664.0,1224.942812201342,15.44074931329854,0.8802566587307122,0.8982855141045039,199.64690208966522,77.3402900404826,0.8,545.67,normal,0.0,none,0.0
1051,92.0,25.0,1481.8097737728351,2664.0,1220.9596526784235,15.42728081438589,0.8792861805027813,0.9007718742923698,203.07163138130636,75.9696502630551,0.8,545.67,normal,0.0,none,0.0
1052,92.0,25.0,1481.347788063842,2664.0,1223.0165231116723,15.433309610011797,0.8797203231688671,0.8994879385806809,201.26212024262134,76.68263452361008,0.8,545.67,normal,0.0,none,0.0
1053,92.0,25.0,1479.5637401107647,2664.0,1223.8739569871314,15.45659098059654,0.881400881860313,0.8989527128536162,201.39723915129503,76.74678682653207,0.8,545.67,normal,0.0,none,0.0
1054,92.0,25.0,1481.899569172407,2664.0,1221.8575565291767,15.426109007332931,0.8792018466422452,0.9002113864750483,202.1186093087622,76.32206188282032,0.8,545.67,normal,0.0,none,0.0
1055,92.0,25.0,1480.635572929776,2664.0,1221.4010549175823,15.442603835788441,0.8803904549320539,0.9004963430343408,203.2833050500276,75.96592269093641,0.8,545.67,normal,0.0,none,0.0
1056,92.0,25.0,1480.0828336069749,2664.0,1221.8780747659703,15.449816942918599,0.880911238044569,0.9001985786206815,203.11232780825083,76.06538268570321,0.8,545.67,normal,0.0,none,0.0
1057,92.0,25.0,1480.5305231503144,2664.0,1222.6114528833416,15.443974708606778,0.8804893839389384,0.8997407907406849,202.12534763165536,76.40790672504481,0.8,545.67,normal,0.0,none,0.0
1058,92.0,25.0,1480.983776716659,2664.0,1222.023928344412,15.438059865214417,0.8800626983032367,0.9001075341800536,202.46269346407337,76.2513804448318,0.8,545.67,normal,0.0,none,0.0
1059,92.0,25.0,1480.8218371370206,2664.0,1220.9585865202412,15.440173135409532,0.880215098135819,0.9007725398075828,203.6243017446219,75.82677019943341,0.8,545.67,normal,0.0,none,0.0
1060,92.0,25.0,1480.4607057654844,2664.0,1222.1253627296528,15.444885807664788,0.8805551456819448,0.9000442170029002,202.65279126033897,76.21353602686594,0.8,545.67,normal,0.0,none,0.0
1061,92.0,25.0,1481.9112536635987,2664.0,1222.0877889138155,15.425956527704198,0.8791908740150589,0.9000676712580628,201.88066604941332,76.41126230447676,0.8,545.67,normal,0.0,none,0.0
1062,92.0,25.0,1481.0801979763296,2664.0,1221.8867208482372,15.436801592377764,0.8799719822151043,0.9001931815798132,202.546774831501,76.21351465714359,0.8,545.67,normal,0.0,none,0.0
1063,92.0,25.0,1478.710895170073,2664.0,1223.0352847586128,15.467720389467711,0.8822065253071404,0.8994762272214588,202.71554083709248,76.30258797917213,0.8,545.67,normal,0.0,none,0.0
1064,92.0,25.0,1480.6017666804016,2664.0,1220.4845178103387,15.443044998717053,0.8804222890191253,0.9010684620672443,204.22410076145866,75.6181319498383,0.8,545.67,normal,0.0,none,0.0
1065,92.0,25.0,1480.9462582203826,2664.0,1218.4509607994953,15.438549472017911,0.8800980019140994,0.9023378451191721,206.07935197778897,74.91555715723457,0.8,545.67,normal,0.0,none,0.0
1066,92.0,25.0,1481.4524188867097,2664.0,1221.6770062520102,15.43194420447011,0.8796219607082685,0.9003240892223201,202.5497752266548,76.18840449070676,0.8,545.67,normal,0.0,none,0.0
1067,92.0,25.0,1481.9002638758873,2664.0,1222.7593426655435,15.426099941629765,0.879201194255107,0.8996484752648567,201.21199692483333,76.66590549962329,0.8,545.67,normal,0.0,none,0.0
1068,92.0,25.0,1480.7858909568681,2664.0,1220.8404158726044,15.440642223888789,0.8802489339103967,0.9008463040623077,203.76324000515285,75.77736898715547,0.8,545.67,normal,0.0,none,0.0
1069,92.0,25.0,1480.711362760226,2664.0,1220.1790912481454,15.441614797838971,0.8803190948340236,0.9012591148493347,204.47026023319142,75.52010145743606,0.8,545.67,normal,0.0,none,0.0
1070,92.0,25.0,1481.1513686092928,2664.0,1222.7283339428886,15.435872833776903,0.8799050346894073,0.899667831470161,201.66128204469624,76.54356194341607,0.8,545.67,normal,0.0,none,0.0
1071,92.0,25.0,1478.1850673217075,2664.0,1221.564628175466,15.474582308722994,0.8827039851072794,0.900394237649442,204.4870315550486,75.67512810491938,0.8,545.67,normal,0.0,none,0.0
1072,92.0,25.0,1481.8158019617167,2664.0,1223.3084120346357,15.427202148059088,0.8792805184540214,0.899305736237752,200.70766071179798,76.86404242542322,0.8,545.67,normal,0.0,none,0.0
1073,92.0,25.0,1482.0534954669652,2664.0,1220.6958104910739,15.424100308463508,0.8790573200854687,0.9009365693558569,203.20096650776281,75.90564441470936,0.8,545.67,normal,0.0,none,0.0
1074,92.0,25.0,1481.4378848478539,2664.0,1221.992163331105,15.432133869968798,0.8796356227071067,0.9001273624756565,202.24107776186474,76.3056350408687,0.8,545.67,normal,0.0,none,0.0
1075,92.0,25.0,1481.1179263127954,2664.0,1221.0243446278448,15.436309247213334,0.8799364913255617,0.9007314924079409,203.39284316954843,75.89406297027675,0.8,545.67,normal,0.0,none,0.0
1076,92.0,25.0,1481.9513145111296,2664.0,1223.9192699004968,15.425433743865513,0.879153255907116,0.898924427713857,200.01869100755357,77.1199614704157,0.8,545.67,normal,0.0,none,0.0
1077,92.0,25.0,1480.812063921232,2664.0,1221.233459242626,15.440300673381918,0.8802242973071815,0.9006009592847,203.35330057903923,75.92844881010718,0.8,545.67,normal,0.0,none,0.0
1078,92.0,25.0,1480.6970902003873,2664.0,1223.4929468480707,15.4418010511032,0.8803325323130976,0.8991905462709027,201.14697222196446,76.76874715301838,0.8,545.67,normal,0.0,none,0.0
1079,92.0,25.0,1480.3308494766334,2664.0,1223.3878669022115,15.446580399101236,0.8806774848420914,0.8992561390729044,201.4569708392429,76.67434060361794,0.8,545.67,normal,0.0,none,0.0
1080,96.0,27.5,1373.6972049086705,2772.0,1246.6287446544686,18.247494696567927,0.8794784613552136,0.899056046475278,273.2299336422007,66.78439090961145,0.9,491.66999999999996,normal,0.0,none,0.0
1081,96.0,27.5,1371.873006314026,2772.0,1243.9525126290841,18.27130002278062,0.8813011583486521,0.9006334215410273,276.93759370365643,65.97623593975563,0.9,491.66999999999996,normal,0.0,none,0.0
1082,96.0,27.5,1372.5688534948974,2772.0,1242.9111343483637,18.262219394616853,0.8806049933756789,0.9012472114211425,277.5967576678897,65.78686130212425,0.9,491.66999999999996,normal,0.0,none,0.0
1083,96.0,27.5,1370.3659834649932,2772.0,1247.9271340033577,18.290966286441016,0.8828126492482388,0.8982907738960899,273.78690769954903,66.80730806351535,0.9,491.66999999999996,normal,0.0,none,0.0
1084,96.0,27.5,1373.9147248749625,2772.0,1246.0726238060595,18.244656116508413,0.879261623419123,0.8993838249158255,273.6669020258132,66.66738279803933,0.9,491.66999999999996,normal,0.0,none,0.0
1085,96.0,27.5,1374.027563836121,2772.0,1246.8554657125637,18.243183596856348,0.8791491803776174,0.8989224167523963,272.8178844757556,66.8694562745118,0.9,491.66999999999996,normal,0.0,none,0.0
1086,96.0,27.5,1373.474732427827,2772.0,1247.0913329047637,18.250397905678703,0.8797003469359447,0.8987833962847106,272.88980427781144,66.87826961500971,0.9,491.66999999999996,normal,0.0,none,0.0
1087,96.0,27.5,1372.8389773933304,2772.0,1244.9394854448744,18.258694346664885,0.8803350423675375,0.9000516983214286,275.4059746291462,66.29737924622557,0.9,491.66999999999996,normal,0.0,none,0.0
1088,96.0,27.5,1372.6928770322183,2772.0,1244.1657681055378,18.260600919099637,0.8804810286647636,0.9005077284516383,276.2653749247921,66.09804404214871,0.9,491.66999999999996,normal,0.0,none,0.0
1089,96.0,27.5,1372.57084068454,2772.0,1245.660737912637,18.262193462299056,0.8806030068534266,0.8996265910631761,274.83095511409067,66.4488228944875,0.9,491.66999999999996,normal,0.0,none,0.0
1090,96.0,27.5,1371.0548042846958,2772.0,1244.6294543249278,18.281977350497716,0.8821211434026337,0.9002344311164822,276.7137687528886,66.0681881963883,0.9,491.66999999999996,normal,0.0,none,0.0
1091,96.0,27.5,1375.0440907060467,2772.0,1246.727865923942,18.229918180572405,0.8781375152473752,0.8989976242542338,272.3784132446455,66.92864520140446,0.9,491.66999999999996,normal,0.0,none,0.0
1092,96.0,27.5,1374.9213985747722,2772.0,1244.9977881376071,18.231519281580432,0.8782594970109722,0.9000173346291513,274.1846930161275,66.49357074250698,0.9,491.66999999999996,normal,0.0,none,0.0
1093,96.0,27.5,1373.2964951810159,2772.0,1245.821946812448,18.25272385627204,0.8798781947759466,0.8995315743021005,274.26385884802113,66.55169198354527,0.9,491.66999999999996,normal,0.0,none,0.0
1094,96.0,27.5,1371.1646934111577,2772.0,1244.0957743488746,18.28054332543579,0.8820109261124005,0.9005489828740769,277.1889958014484,65.9497440458647,0.9,491.66999999999996,normal,0.0,none,0.0
1095,96.0,27.5,1372.447724754289,2772.0,1246.6068919146435,18.26380009377559,0.8807260983614463,0.8990689265120579,273.949499187838,66.6684923605307,0.9,491.66999999999996,normal,0.0,none,0.0
1096,96.0,27.5,1374.176455526276,2772.0,1244.9647531500243,18.241240598289803,0.879000855108669,0.9000368054990969,274.6338207126482,66.42022658008962,0.9,491.66999999999996,normal,0.0,none,0.0
1097,96.0,27.5,1373.0011959741084,2772.0,1248.1766845608904,18.256577435576084,0.8801730071396522,0.8981436884328856,272.06527919987445,67.10366530145795,0.9,491.66999999999996,normal,0.0,none,0.0
1098,96.0,27.5,1373.355117119404,2772.0,1245.0033234925286,18.251958854933566,0.8798196929771505,0.9000140720828735,275.0536370332806,66.35781679456629,0.9,491.66999999999996,normal,0.0,none,0.0
1099,96.0,27.5,1373.390034518622,2772.0,1246.407226519524,18.25150319178301,0.8797848508342289,0.8991866095876534,273.6238454856141,66.70289703512915,0.9,491.66999999999996,normal,0.0,none,0.0
1100,96.0,27.5,1373.7152539694093,2772.0,1245.3272644548074,18.24725916093054,0.8794604648180788,0.8998231408064272,274.5270294010934,66.46798750832899,0.9,491.66999999999996,normal,0.0,none,0.0
1101,96.0,27.5,1373.0835189524842,2772.0,1244.0010872600799,18.25550314171313,0.8800908000236101,0.9006047915825506,276.2128730616586,66.0921518224749,0.9,491.66999999999996,normal,0.0,none,0.0
1102,96.0,27.5,1372.0930889634421,2772.0,1245.5265997767017,18.26842800036021,0.8810808562049509,0.8997056522764728,275.2324586408231,66.37454059951705,0.9,491.66999999999996,normal,0.0,none,0.0
1103,96.0,27.5,1373.6316378549554,2772.0,1244.284656134734,18.248350329889366,0.8795438438038846,0.9004376556735343,275.6216882422943,66.20796224804904,0.9,491.66999999999996,normal,0.0,none,0.0
1104,96.0,27.5,1372.5630000403871,2772.0,1245.7638789810887,18.262295780704697,0.8806108449164108,0.8995657995667411,274.73172254116065,66.47319651253093,0.9,491.66999999999996,normal,0.0,none,0.0
1105,96.0,27.5,1372.383430563549,2772.0,1243.365198509539,18.264639116559973,0.8807903934769662,0.900979585341156,277.2433864536077,65.87944026436234,0.9,491.66999999999996,normal,0.0,none,0.0
1106,96.0,27.5,1371.882466496182,2772.0,1242.0100346383767,18.271176569817268,0.8812916864656587,0.9017783209067198,278.8871178050622,65.51459498602061,0.9,491.66999999999996,normal,0.0,none,0.0
1107,96.0,27.5,1374.0432175483202,2772.0,1245.0036184927153,18.242979319906222,0.8791335838613406,0.9000138982093325,274.6691511473411,66.4180132486743,0.9,491.66999999999996,normal,0.0,none,0.0
1108,96.0,27.5,1373.1631679931784,2772.0,1245.193593891952,18.25446374205466,0.8800112776966187,0.8999019264314675,274.96959580117567,66.38720797063706,0.9,491.66999999999996,normal,0.0,none,0.0
1109,96.0,27.5,1373.8253179361247,2772.0,1247.5476573385085,18.245822854247912,0.8793507370803899,0.898514437996769,272.2361431072995,67.0220443398527,0.9,491.66999999999996,normal,0.0,none,0.0
1110,96.0,27.5,1373.0816367094358,2772.0,1246.3308189165944,18.255527704504654,0.880092679446029,0.8992316443404521,273.8727564246249,66.65696852373458,0.9,491.66999999999996,normal,0.0,none,0.0
1111,96.0,27.5,1373.0883327455563,2772.0,1246.3744019136693,18.255440322941787,0.8800859934807477,0.8992059564583011,273.8252549115693,66.66821264838156,0.9,491.66999999999996,normal,0.0,none,0.0
1112,96.0,27.5,1374.277381385866,2772.0,1244.6296795637743,18.23992354157356,0.8789003416541556,0.9002342983603769,274.9142701140812,66.34767825622343,0.9,491.66999999999996,normal,0.0,none,0.0
1113,96.0,27.5,1373.0233112035617,2772.0,1244.0443677962128,18.256288837474457,0.8801509215268065,0.900579281971321,276.20296350289647,66.09736769635713,0.9,491.66999999999996,normal,0.0,none,0.0
1114,96.0,27.5,1370.9902894168238,2772.0,1244.5567391764857,18.282819253062364,0.8821858637664176,0.9002772895312109,276.8228890537969,66.0451862039101,0.9,491.66999999999996,normal,0.0,none,0.0
1115,96.0,27.5,1372.6888214543064,2772.0,1246.8554285244365,18.2606538433566,0.8804850817670641,0.8989224386711328,273.56538630158866,66.75060061591776,0.9,491.66999999999996,normal,0.0,none,0.0
1116,96.0,27.5,1374.465460332831,2772.0,1242.3417125741814,18.237469159304332,0.8787130925594636,0.9015828294467734,277.11098747994464,65.81286915093627,0.9,491.66999999999996,normal,0.0,none,0.0
1117,96.0,27.5,1374.1004951886596,2772.0,1246.7983922603235,18.242231861314284,0.8790765202200667,0.8989560559285313,272.83445568547734,66.86190648274963,0.9,491.66999999999996,normal,0.0,none,0.0
1118,96.0,27.5,1373.213632331303,2772.0,1245.18022243688,18.2538051953182,0.8799609010787834,0.8999098075866226,274.95485678586067,66.3883715628801,0.9,491.66999999999996,normal,0.0,none,0.0
1119,96.0,27.5,1374.079442397304,2772.0,1245.54462737909,18.24250659486982,0.8790974934935567,0.8996950267812869,274.1052995989286,66.55291459728174,0.9,491.66999999999996,normal,0.0,none,0.0
1120,96.0,27.5,1371.9447053396716,2772.0,1246.394676833098,18.270364368790073,0.8812293757176501,0.8991940063911682,274.4434220318447,66.57242587024035,0.9,491.66999999999996,normal,0.0,none,0.0
1121,96.0,27.5,1374.5727344248373,2772.0,1243.4279600103216,18.236069259774823,0.8786063275156338,0.9009425936208998,275.95788246608487,66.08279892862285,0.9,491.66999999999996,normal,0.0,none,0.0
1122,96.0,27.5,1372.6816019948562,2772.0,1246.079993208346,18.26074805546037,0.8804922969119381,0.8993794813793513,274.3479944730537,66.56053050627979,0.9,491.66999999999996,normal,0.0,none,0.0
1123,96.0,27.5,1374.7621913452986,2772.0,1246.2905538261941,18.233596895303062,0.8784178329838731,0.8992553766435615,272.9748791549882,66.79587862350694,0.9,491.66999999999996,normal,0.0,none,0.0
1124,96.0,27.5,1373.2292661928677,2772.0,1243.0494769495504,18.253601177413785,0.8799452955631507,0.9011656720898839,277.0888065564392,65.87635712991451,0.9,491.66999999999996,normal,0.0,none,0.0
1125,96.0,27.5,1374.214043515971,2772.0,1245.170598212576,18.240750084614923,0.8789634180251303,0.8999154801184885,274.4059652810257,66.47359165801711,0.9,491.66999999999996,normal,0.0,none,0.0
1126,96.0,27.5,1372.4986843908734,2772.0,1249.0673436578538,18.263135083520602,0.8806751446598949,0.8976187326598781,271.4528430577289,67.27921828999466,0.9,491.66999999999996,normal,0.0,none,0.0
1127,96.0,27.5,1372.1401263733965,2772.0,1247.0333874374676,18.267814174161977,0.8810337861679389,0.8988175494277936,273.69311690317164,66.74561048835162,0.9,491.66999999999996,normal,0.0,none,0.0
1128,96.0,27.5,1372.842027164248,2772.0,1244.6086670789855,18.25865454793256,0.880331995493457,0.9002466831496108,275.73679941122487,66.21769233167242,0.9,491.66999999999996,normal,0.0,none,0.0
1129,96.0,27.5,1372.0893615774648,2772.0,1244.0924803176495,18.26847664179616,0.8810845863914638,0.9005509243808936,276.6760352662218,66.02840258361358,0.9,491.66999999999996,normal,0.0,none,0.0
1130,96.0,27.5,1375.5622701546242,2772.0,1246.3586837739026,18.223156070982856,0.87762270950827,0.899215220752844,272.4597560662843,66.8838449174472,0.9,491.66999999999996,normal,0.0,none,0.0
1131,96.0,27.5,1373.0360451570893,2772.0,1245.3580086822076,18.256122662630013,0.8801382051293533,0.8998050201138802,274.87536275558205,66.4160020731406,0.9,491.66999999999996,normal,0.0,none,0.0
1132,96.0,27.5,1372.6962970839002,2772.0,1243.6879306336875,18.260556288297824,0.8804776107297567,0.9007893665556698,276.74403811048063,65.98355799451015,0.9,491.66999999999996,normal,0.0,none,0.0
1133,96.0,27.5,1372.5653939936692,2772.0,1245.3907453781796,18.26226454022519,0.8806084517364297,0.8997857250574456,275.1052500893944,66.38282815137454,0.9,491.66999999999996,normal,0.0,none,0.0
1134,96.0,27.5,1375.0278469698196,2772.0,1245.7999847884269,18.230130157185556,0.8781536629888795,0.8995445187511452,273.3192479376799,66.69903526641579,0.9,491.66999999999996,normal,0.0,none,0.0
1135,96.0,27.5,1372.7575820927418,2772.0,1246.8772912521963,18.259756534569412,0.880416368148139,0.8989095527474495,273.50504936793817,66.76204544218525,0.9,491.66999999999996,normal,0.0,none,0.0
1136,96.0,27.5,1372.5425641548964,2772.0,1243.4859855258578,18.262562463796097,0.8806312747301216,0.9009083932972674,277.03301858952545,65.92197044517422,0.9,491.66999999999996,normal,0.0,none,0.0
1137,96.0,27.5,1373.047399273745,2772.0,1250.2253192845633,18.255974494304677,0.8801268669762958,0.8969362201336877,269.9862321644554,67.61816833380047,0.9,491.66999999999996,normal,0.0,none,0.0
1138,96.0,27.5,1374.4566003718298,2772.0,1241.8270214309573,18.237584779534764,0.8787219116372882,0.9018861891585561,277.63419577962054,65.68925966890379,0.9,491.66999999999996,normal,0.0,none,0.0
1139,96.0,27.5,1373.7222772175492,2772.0,1248.393568407423,18.247167509334304,0.8794534622069716,0.898015856776871,271.4451722938939,67.22229522497487,0.9,491.66999999999996,normal,0.0,none,0.0
1140,96.0,27.5,1371.9388400691032,2772.0,1245.004539117832,18.270440909074456,0.8812352473883103,0.9000133555915437,275.8431699976529,66.23488596520231,0.9,491.66999999999996,normal,0.0,none,0.0
1141,96.0,27.5,1372.06902331729,2772.0,1244.5573005188194,18.2687420509021,0.8811049404889577,0.9002769586752194,276.2200316366144,66.13836781734872,0.9,491.66999999999996,normal,0.0,none,0.0
1142,96.0,27.5,1372.7153609623074,2772.0,1244.4113039813346,18.260307509548788,0.8804585591362122,0.9003630092477145,276.0059384717997,66.15911096207986,0.9,491.66999999999996,normal,0.0,none,0.0
1143,96.0,27.5,1372.4763374103493,2772.0,1241.163227199207,18.263426705914572,0.880697488311921,0.9022774304485561,279.40849891691823,65.36460693468447,0.9,491.66999999999996,normal,0.0,none,0.0
1144,96.0,27.5,1372.2028705116252,2772.0,1247.7084599847274,18.26699537916737,0.8809710063359592,0.8984196606821545,272.9806781876793,66.91680708115345,0.9,491.66999999999996,normal,0.0,none,0.0
1145,96.0,27.5,1372.727266673565,2772.0,1243.0905208277577,18.26015214305464,0.880446661515279,0.9011414807681032,277.3277876526884,65.84321137672201,0.9,491.66999999999996,normal,0.0,none,0.0
1146,96.0,27.5,1371.9713521594092,2772.0,1245.7509922634567,18.27001663459148,0.8812027008065362,0.8995733950169409,275.07500423235956,66.41830901930497,0.9,491.66999999999996,normal,0.0,none,0.0
1147,96.0,27.5,1372.0090715173535,2772.0,1243.4531571337277,18.269524406594464,0.8811649444451881,0.9009277423995512,277.36391150111626,65.86842645720671,0.9,491.66999999999996,normal,0.0,none,0.0
1148,96.0,27.5,1370.6050605423952,2772.0,1246.2996789813997,18.287846391581844,0.8825725174369697,0.8992499982637515,275.2867806872273,66.43198175345715,0.9,491.66999999999996,normal,0.0,none,0.0
1149,96.0,27.5,1373.6830260958534,2772.0,1245.5465714355992,18.247679726457445,0.8794925994235996,0.89969388095154,274.3246789204122,66.51854947309172,0.9,491.66999999999996,normal,0.0,none,0.0
1150,96.0,27.5,1373.6657987764986,2772.0,1246.5372403428464,18.247904538579444,0.8795097778499612,0.8991099792502364,273.33933686826794,66.75916005230438,0.9,491.66999999999996,normal,0.0,none,0.0
1151,96.0,27.5,1375.9505787973906,2772.0,1245.7647256713283,18.218088742272375,0.8772373244943262,0.8995653005262769,272.83947388890283,66.77218835897102,0.9,491.66999999999996,normal,0.0,none,0.0
1152,96.0,27.5,1372.8046305330104,2772.0,1245.8640168601949,18.2591425644284,0.8803693580597,0.8995067781544941,274.49622546675045,66.51873822082891,0.9,491.66999999999996,normal,0.0,none,0.0
1153,96.0,27.5,1371.2400292752973,2772.0,1245.0045048098543,18.279560211630844,0.8819353811835291,0.9000133758127159,276.23337383755756,66.17433642315922,0.9,491.66999999999996,normal,0.0,none,0.0
1154,96.0,27.5,1371.8831231020886,2772.0,1244.5836633012648,18.27116800127772,0.8812910290551842,0.9002614204127299,276.2973234025572,66.12864640261881,0.9,491.66999999999996,normal,0.0,none,0.0
1155,96.0,27.5,1372.3474213498362,2772.0,1244.5534273035912,18.265109027611114,0.8808264073098933,0.9002792415539336,276.0684865192217,66.16151397033639,0.9,491.66999999999996,normal,0.0,none,0.0
1156,96.0,27.5,1371.8054694794323,2772.0,1244.9322899610077,18.272181361239927,0.8813687846319036,0.9000559393501324,275.9902484414575,66.20589482572167,0.9,491.66999999999996,normal,0.0,none,0.0
1157,96.0,27.5,1372.6777759600864,2772.0,1244.4056648946416,18.260797984237893,0.8804961207080888,0.9003663329336501,276.0325930098262,66.15449931156444,0.9,491.66999999999996,normal,0.0,none,0.0
1158,96.0,27.5,1373.4633377759903,2772.0,1244.3400909389738,18.250546602977803,0.8797117145418727,0.9004049823189247,275.6599177275501,66.2067476237725,0.9,491.66999999999996,normal,0.0,none,0.0
1159,96.0,27.5,1370.9419272110106,2772.0,1245.4859640080172,18.283450367508525,0.8822343862461977,0.8997296030579046,275.91601675369344,66.2645488385327,0.9,491.66999999999996,normal,0.0,none,0.0
1160,96.0,27.5,1372.7544829980247,2772.0,1242.893205092286,18.259796976964733,0.8804194648928533,0.9012577789508694,277.51115850721106,65.79842437755617,0.9,491.66999999999996,normal,0.0,none,0.0
1161,96.0,27.5,1372.0337402310163,2772.0,1245.0073201998832,18.26920248617543,0.8811402532809443,0.9000117164177194,275.7873890475252,66.24379218089331,0.9,491.66999999999996,normal,0.0,none,0.0
1162,96.0,27.5,1375.5684119729267,2772.0,1244.1505418673896,18.2230759218211,0.8776166112970426,0.9005167028186485,274.6751789945831,66.34409409879906,0.9,491.66999999999996,normal,0.0,none,0.0
1163,96.0,27.5,1375.4033550904853,2772.0,1242.5332496220196,18.225229872022414,0.877780525741377,0.9014699372309413,276.3945083730068,65.93918952769731,0.9,491.66999999999996,normal,0.0,none,0.0
1164,96.0,27.5,1373.0047339060739,2772.0,1243.3311153250797,18.256531266466645,0.8801694738711933,0.900999674019872,276.9307833526124,65.92452830793042,0.9,491.66999999999996,normal,0.0,none,0.0
1165,96.0,27.5,1374.0790455396937,2772.0,1247.6612394629153,18.242511773760373,0.8790978888618189,0.8984474925267,271.98052115791023,67.07286130674368,0.9,491.66999999999996,normal,0.0,none,0.0
1166,96.0,27.5,1372.913342024533,2772.0,1245.0842115221383,18.257723907201957,0.8802607543841412,0.8999663965600438,275.2190032069106,66.33889264352773,0.9,491.66999999999996,normal,0.0,none,0.0
1167,96.0,27.5,1373.667121181967,2772.0,1244.8835592867547,18.247887281525493,0.8795084591738428,0.9000846612807328,274.999804393956,66.35600094967394,0.9,491.66999999999996,normal,0.0,none,0.0
1168,96.0,27.5,1370.410988290593,2772.0,1243.6113122425108,18.290378984949992,0.8827674358920322,0.9008345255473691,278.09707313770986,65.7697644156537,0.9,491.66999999999996,normal,0.0,none,0.0
1169,96.0,27.5,1372.1244242678656,2772.0,1243.5953446129631,18.268019082632737,0.8810494986058633,0.9008439368915534,277.15646714869024,65.912295933662,0.9,491.66999999999996,normal,0.0,none,0.0
1170,96.0,27.5,1371.694960717603,2772.0,1245.3496812287756,18.273623472385296,0.8814794621438522,0.8998099283270993,275.63250220136564,66.29705613975578,0.9,491.66999999999996,normal,0.0,none,0.0
1171,96.0,27.5,1375.2375562201769,2772.0,1245.3471608076484,18.227393504976074,0.8779452386923247,0.899811413866994,273.6570855361341,66.60669307818561,0.9,491.66999999999996,normal,0.0,none,0.0
1172,96.0,27.5,1372.3620907124707,2772.0,1246.6725973967898,18.264917596171646,0.8808117357099965,0.899030199604885,273.9313472529208,66.67698961560485,0.9,491.66999999999996,normal,0.0,none,0.0
1173,96.0,27.5,1373.351167708737,2772.0,1246.2008804593418,18.25201039373507,0.8798236340495107,0.8993082302569977,273.85275050229046,66.64899425058876,0.9,491.66999999999996,normal,0.0,none,0.0
1174,96.0,27.5,1371.6724314236656,2772.0,1243.7556426142366,18.273917473922793,0.8815020292518432,0.9007494570154065,277.247587720451,65.91190792378833,0.9,491.66999999999996,normal,0.0,none,0.0
1175,96.0,27.5,1372.5222931780959,2772.0,1243.972567258549,18.262826994871173,0.880651540620644,0.900621601313121,276.554906249237,66.0368938760115,0.9,491.66999999999996,normal,0.0,none,0.0
1176,96.0,27.5,1373.211779339649,2772.0,1244.692017512151,18.253829376386488,0.8799627507474479,0.9001975562825275,275.44656658757975,66.26994702648648,0.9,491.66999999999996,normal,0.0,none,0.0
1177,96.0,27.5,1374.3632767129739,2772.0,1248.736795849168,18.238802629471145,0.8788148154194677,0.8978135580212494,270.7431365614312,67.365706333733,0.9,491.66999999999996,normal,0.0,none,0.0
1178,96.0,27.5,1373.0241527489072,2772.0,1244.4775050242977,18.25627785552242,0.880150081130345,0.9003239902562722,275.76697228305704,66.20182868303579,0.9,491.66999999999996,normal,0.0,none,0.0
1179,96.0,27.5,1371.9647951601826,2772.0,1242.3612130869074,18.270102201758355,0.8812092645684254,0.9015713358160824,278.4875598441731,65.60473369791218,0.9,491.66999999999996,normal,0.0,none,0.0
1180,96.0,27.5,1371.6045830502615,2772.0,1246.7204819034396,18.274802877884085,0.881569998484999,0.8990019764067061,274.3062177125948,66.62190536647466,0.9,491.66999999999996,normal,0.0,none,0.0
1181,96.0,27.5,1373.5274734093277,2772.0,1244.2122460285993,18.24970964932707,0.8796477349650502,0.9004803342958814,275.7526559944961,66.18144649780392,0.9,491.66999999999996,normal,0.0,none,0.0
1182,96.0,27.5,1370.6455077803944,2772.0,1242.5160084486513,18.28731856544614,0.8825319046777422,0.901480099203714,279.06832889837614,65.52989598509956,0.9,491.66999999999996,normal,0.0,none,0.0
1183,96.0,27.5,1372.0545784635428,2772.0,1245.6851338798624,18.26893055255787,0.8811193971619984,0.8996122120444507,275.09469394207736,66.40960714569249,0.9,491.66999999999996,normal,0.0,none,0.0
1184,96.0,27.5,1374.0600632100902,2772.0,1243.6887088338053,18.242759488318327,0.8791168003688449,0.9007889078833833,275.98181924648696,66.10130891276289,0.9,491.66999999999996,normal,0.0,none,0.0
1185,96.0,27.5,1374.2783885355302,2772.0,1245.431738504299,18.239910398527417,0.8788993387357656,0.8997615636490197,274.1076404066842,66.54287480445814,0.9,491.66999999999996,normal,0.0,none,0.0
1186,96.0,27.5,1373.289453999145,2772.0,1242.3246059957007,18.25281574189889,0.8798852220509981,0.9015929120891228,277.78481345968277,65.70847237675962,0.9,491.66999999999996,normal,0.0,none,0.0
1187,96.0,27.5,1373.5299117941122,2772.0,1249.1657185386214,18.24967782902779,0.8796453026970403,0.8975607503614275,270.77847244067794,67.39707800451501,0.9,491.66999999999996,normal,0.0,none,0.0
1188,96.0,27.5,1372.6694472622185,2772.0,1246.2131846536495,18.260906671619992,0.8805044446476624,0.8993009781468961,274.2210215908356,66.59192853152972,0.9,491.66999999999996,normal,0.0,none,0.0
1189,96.0,27.5,1373.1317629869982,2772.0,1245.17430505668,18.25487356937227,0.8800426310244378,0.8999132952991579,275.00651355242,66.37978618601933,0.9,491.66999999999996,normal,0.0,none,0.0
1190,96.0,27.5,1373.4487220524657,2772.0,1243.6862780654815,18.250737334440572,0.8797262960041823,0.9007903405817848,276.3255964583156,66.04794332613969,0.9,491.66999999999996,normal,0.0,none,0.0
1191,96.0,27.5,1374.7126296358797,2772.0,1245.9043838783011,18.234243662965223,0.8784671351216473,0.8994829857750457,273.39037988340624,66.696727480834,0.9,491.66999999999996,normal,0.0,none,0.0
1192,96.0,27.5,1372.4897896769933,2772.0,1246.0690773119154,18.263251157267234,0.8806840379131173,0.8993859152246556,274.46605263522497,66.54102021695097,0.9,491.66999999999996,normal,0.0,none,0.0
1193,96.0,27.5,1374.7889736094817,2772.0,1243.8929033397394,18.233247393589018,0.87839119329073,0.9006685553432567,275.369462631689,66.21375957716951,0.9,491.66999999999996,normal,0.0,none,0.0
1194,96.0,27.5,1372.0508840941452,2772.0,1245.1035392103786,18.268978763135888,0.8811230946304416,0.899955004792357,275.68111873954314,66.26851648986514,0.9,491.66999999999996,normal,0.0,none,0.0
1195,132.9152301072647,27.5,1375.143049189075,2772.0,1243.8294246992584,18.228626797618315,0.8780391544015305,0.9007059697466988,275.2356151830153,66.22917163353793,0.9,491.66999999999996,normal,0.0,Nc,36.9152301072647
1196,96.0,27.5,1374.84033270341,2772.0,1244.503278593637,18.23257717051761,0.8783401121185803,0.9003087992768481,274.7270269319451,66.36615761518853,0.9,491.66999999999996,normal,0.0,none,0.0
1197,96.0,27.5,1374.0643433015389,2772.0,1246.9950243048058,18.24270363421699,0.8791125361752579,0.898840160714233,272.65726722947,66.90708749333947,0.9,491.66999999999996,normal,0.0,none,0.0
1198,96.0,27.5,1373.6173527457188,2772.0,1245.3381880158781,18.24853674692003,0.8795580899829203,0.8998167024435728,274.5707149353695,66.4620651594818,0.9,491.66999999999996,normal,0.0,none,0.0
1199,96.0,27.5,1373.8202471748043,2772.0,1244.028383263568,18.24588902638933,0.8793557917496135,0.9005887032782152,275.77408246484225,66.16245030464549,0.9,491.66999999999996,normal,0.0,none,0.0
1200,96.0,27.5,1449.053787204999,2772.0,1243.3641711443966,17.264110524963005,0.8795539306215412,0.9009801908716718,249.51180428825091,69.1915581878382,0.9,518.67,normal,0.0,none,0.0
1201,96.0,27.5,1448.2851524857476,2772.0,1246.2106996810041,17.27414101193076,0.8802811731656435,0.8993024427934038,247.07974830086653,69.91322085570611,0.9,518.67,normal,0.0,none,0.0
1202,96.0,27.5,1449.4981343514098,2772.0,1247.8224009666303,17.258311908078284,0.8791340601161677,0.8983525037009525,244.78485053569455,70.50400329231843,0.9,518.67,normal,0.0,none,0.0
1203,96.0,27.5,1448.2750568072568,2772.0,1245.628804857126,17.27427275795913,0.8802907331778669,0.8996454124527486,247.66984752003566,69.7471772641266,0.9,518.67,normal,0.0,none,0.0
1204,96.0,27.5,1451.0956966939334,2772.0,1245.936112078946,17.237464127129147,0.8776278044719364,0.8994642851272306,245.78629925001496,70.13191613904858,0.9,518.67,normal,0.0,none,0.0
1205,96.0,27.5,1449.535293555521,2772.0,1242.3538466713565,17.25782698994587,0.8790989659707451,0.9015756775921707,250.25978109780453,68.95965030514152,0.9,518.67,normal,0.0,none,0.0
1206,96.0,27.5,1450.3850243620182,2772.0,1247.4726469993395,17.246738219731366,0.8782972213881067,0.898558649200266,244.64056982900445,70.49827521161457,0.9,518.67,normal,0.0,none,0.0
1207,96.0,27.5,1447.4107306878786,2772.0,1242.7252648798108,17.285551993282716,0.8811099696431057,0.9013567631574639,251.07211195068658,68.84696137290547,0.9,518.67,normal,0.0,none,0.0
1208,96.0,27.5,1449.3700826196985,2772.0,1246.099618545108,17.259982950504497,0.8792550170612744,0.8993679141771911,246.58554971945887,69.99592218660516,0.9,518.67,normal,0.0,none,0.0
1209,96.0,27.5,1447.9314468483092,2772.0,1248.9754410299165,17.278756780250724,0.8806162353965533,0.8976729002030547,244.5033378962545,70.66879711712686,0.9,518.67,normal,0.0,none,0.0
1210,96.0,27.5,1450.553104513102,2772.0,1245.5035012206627,17.24454481664566,0.8781388063154945,0.8997192665991494,246.52382325777046,69.95082499030694,0.9,518.67,normal,0.0,none,0.0
1211,96.0,27.5,1446.947260062034,2772.0,1245.7664742493548,17.291600166694657,0.8815498905661291,0.8995642699118332,248.27290371168453,69.64755278640928,0.9,518.67,normal,0.0,none,0.0
1212,96.0,27.5,1448.47552890419,2772.0,1243.1035704994129,17.271656648244957,0.8801009367917352,0.901133789272564,250.09687640947357,69.05986550574413,0.9,518.67,normal,0.0,none,0.0
1213,96.0,27.5,1446.3611122512643,2772.0,1246.0059008444994,17.299249246068577,0.8821068847332781,0.8994231515268517,248.35968120592656,69.6540161513775,0.9,518.67,normal,0.0,none,0.0
1214,96.0,27.5,1448.599970450814,2772.0,1241.9358334062515,17.27003271781299,0.8799831632762666,0.9018220552213428,251.20289949540438,68.74933670154128,0.9,518.67,normal,0.0,none,0.0
1215,96.0,27.5,1450.1935016155633,2772.0,1243.2837672057956,17.24923754270524,0.8784778007248085,0.9010275810705538,248.95635983394436,69.2861895723837,0.9,518.67,normal,0.0,none,0.0
1216,96.0,27.5,1449.6594978282003,3355.2567234628805,1244.8533403484778,17.25620615587834,0.8789816844676387,0.9001024723671032,247.67610062347455,69.67247187935907,0.9,518.67,normal,0.0,TIT,583.2567234628806
1217,96.0,27.5,1448.8386291470883,2772.0,1246.652596098534,17.26691828272079,0.8797573809525997,0.8990419883992988,246.3270264030416,70.0975387672994,0.9,518.67,normal,0.0,none,0.0
1218,96.0,27.5,1449.6222021900492,2772.0,1244.5582240166416,17.256692854440164,0.8790168980723417,0.9002764143642538,247.9935783653491,69.58524074771509,0.9,518.67,normal,0.0,none,0.0
1219,96.0,27.5,1447.5313625067345,2772.0,1245.247313871882,17.283977778826063,0.8809955393281627,0.8998702637968116,248.46837211745833,69.56208402514675,0.9,518.67,normal,0.0,none,0.0
1220,96.0,27.5,1448.5080944736346,2772.0,1244.0581239633864,17.271231675872865,0.8800701131587332,0.9005711740662911,249.1184590596548,69.32939349844418,0.9,518.67,normal,0.0,none,0.0
1221,96.0,27.5,1449.610040730495,2772.0,1243.772209432678,17.25685155838433,0.879028381226987,0.9007396925084129,248.7907590972585,69.36291211539009,0.9,518.67,normal,0.0,none,0.0
1222,96.0,27.5,1447.7171689068475,2772.0,1240.6097914312702,17.281553052713416,0.8808193430970598,0.9026036262987505,253.03174586600903,68.29796393162748,0.9,518.67,normal,0.0,none,0.0
1223,96.0,27.5,1448.9797845809226,2772.0,1245.8043969811094,17.265076240325307,0.8796238958094404,0.8995419181983318,247.09998410170715,69.87081081000372,0.9,518.67,normal,0.0,none,0.0
1224,96.0,27.5,1447.7703074942963,2772.0,1243.6374767152465,17.28085960770561,0.8807689658715737,0.9008191041689122,249.9534671301643,69.13630687389718,0.9,518.67,normal,0.0,none,0.0
1225,96.0,27.5,1449.1479588920636,2772.0,1245.7112191925023,17.262881608474878,0.8794649128466233,0.8995968373230699,247.0996856499255,69.86201363660085,0.9,518.67,normal,0.0,none,0.0
1226,96.0,27.5,1448.0107069397454,2772.0,1246.4313082860742,17.27772245628083,0.8805411308382181,0.8991724157592653,247.01145660574662,69.94704898994905,0.9,518.67,normal,0.0,none,0.0
1227,80.5531301506507,27.5,1449.016199725364,2772.0,1244.8751923467962,17.26460103198173,0.879589466011985,0.9000895927673684,248.01331179591932,69.61159022862495,0.9,518.67,normal,0.0,Nc,-15.446869849349296
1228,96.0,27.5,1447.530941452613,2772.0,1246.052982748545,17.28398327347492,0.8809959386848223,0.8993954013838205,247.6592403121091,69.78937370434078,0.9,518.67,normal,0.0,none,0.0
1229,96.0,27.5,1450.5331445465501,2772.0,1248.2789678166885,17.244805289116343,0.8781576155379693,0.8980834025324818,243.74902870537676,70.74820105215848,0.9,518.67,normal,0.0,none,0.0
1230,96.0,27.5,1449.9149307463617,2772.0,1247.2551669114623,17.252872821470483,0.8787405869332938,0.8986868322818001,245.12127178151013,70.38504939240404,0.9,518.67,normal,0.0,none,0.0
1231,96.0,27.5,1448.7455871759314,2772.0,1247.0442960995874,17.268132456704564,0.8798453892413801,0.8988111198464024,245.98578585931773,70.19971660712307,0.9,518.67,normal,0.0,none,0.0
1232,96.0,27.5,1449.3253860353786,2772.0,1246.340541025909,17.26056622952546,0.8792972450401788,0.899225914115018,246.36856737042558,70.0599366784216,0.9,518.67,normal,0.0,none,0.0
1233,96.0,27.5,1449.0479043217335,2772.0,1242.783389652495,17.26418729508859,0.879559492139152,0.9013225043315232,250.09952099164047,69.02926973484944,0.9,518.67,normal,0.0,none,0.0
1234,96.0,27.5,1447.8832120192608,2772.0,1244.9998329473935,17.27938623246261,0.8806619475894305,0.900016129415276,248.52062543758086,69.52898256246563,0.9,518.67,normal,0.0,none,0.0
1235,96.0,27.5,1449.0696087429376,2772.0,1245.7622370159768,17.2639040579298,0.8795389737194191,0.899566767343377,247.09218206194305,69.86827310303953,0.9,518.67,normal,0.0,none,0.0
1236,96.0,27.5,1448.235971655585,2772.0,1244.0360761607917,17.274782809215807,0.8803277464699519,0.9005841690733523,249.29256656364078,69.29521825435499,0.9,518.67,normal,0.0,none,0.0
1237,96.0,27.5,1449.5422647569878,2772.0,1244.9653041216527,17.257736017545444,0.8790923824938994,0.9000364807556143,247.62902347646957,69.69189546226727,0.9,518.67,normal,0.0,none,0.0
1238,96.0,27.5,1450.7339959957087,2772.0,1244.6679973788805,17.24218422895242,0.877968380431337,0.9002117137841706,247.26247467736948,69.73231280423846,0.9,518.67,normal,0.0,none,0.0
1239,96.0,27.5,1447.7774982354933,2772.0,1245.502373340917,17.28076577036772,0.8807621492419587,0.8997199313731191,248.07466992875732,69.65953345954446,0.9,518.67,normal,0.0,none,0.0
1240,96.0,27.5,1446.6665752176182,2772.0,1246.5223399686388,17.29526303229706,0.8818165269961401,0.899118761552564,247.67053016228442,69.83173581840543,0.9,518.67,normal,0.0,none,0.0
1241,96.0,27.5,1448.352461911471,2772.0,1245.0879802720597,17.273262641099187,0.8802174404153033,0.899964175253334,248.17004048912463,69.6025298100241,0.9,518.67,normal,0.0,none,0.0
1242,96.0,27.5,1448.6881769051547,2772.0,1245.221161858011,17.268881646089877,0.8798997023325565,0.8998856778319952,247.8487632886522,69.67507691768472,0.9,518.67,normal,0.0,none,0.0
1243,96.0,27.5,1448.4690123540815,2772.0,1243.5885209924318,17.271741687561164,0.8801071050300094,0.9008479587434637,249.61260298506363,69.19418923969425,0.9,518.67,normal,0.0,none,0.0
1244,96.0,27.5,1447.1285750000625,2772.0,1245.0310165480394,17.2892340530162,0.8813777362362748,0.8999977497554958,248.91062467966924,69.45960653654801,0.9,518.67,normal,0.0,none,0.0
1245,96.0,27.5,1447.7214164443315,2772.0,1246.217842078757,17.281497623433015,0.8808153160721717,0.8992982330537332,247.38732839452803,69.85603399974009,0.9,518.67,normal,0.0,none,0.0
1246,96.0,27.5,1447.7734831178082,2772.0,1246.3200212919837,17.280818166629043,0.8807659554527263,0.8992380084761731,247.25565123338686,69.89048816650714,0.9,518.67,normal,0.0,none,0.0
1247,96.0,27.5,1447.4310846789267,2772.0,1241.2765448198472,17.28528637889289,0.8810906599360881,0.9022106408773932,252.51959686074588,68.45126712452742,0.9,518.67,normal,0.0,none,0.0
1248,96.0,27.5,1448.711204623803,2772.0,1248.747147896899,17.268581140237078,0.8798779161120286,0.8978074565091926,244.29683164665096,70.68688129862535,0.9,518.67,normal,0.0,none,0.0
1249,96.0,27.5,1449.1616981102904,2772.0,1242.9371544515834,17.262702315182608,0.8794519270667552,0.9012318751342894,249.88123320466036,69.08362862545955,0.9,518.67,normal,0.0,none,0.0
1250,96.0,27.5,1447.998099117682,2772.0,1244.6048828178123,17.277886985141855,0.8805530767870252,0.9002489135986751,248.85346346683957,69.42996390100146,0.9,518.67,normal,0.0,none,0.0
1251,96.0,27.5,1447.517520365242,2772.0,1244.2052573398369,17.284158415240697,0.8810086683559548,0.9004844534392484,249.5235738409358,69.26863922788657,0.9,518.67,normal,0.0,none,0.0
1252,96.0,27.5,1447.2971640174285,2772.0,1243.4672709821903,17.287034009355356,0.8812177251874511,0.900919423676647,250.38886088143886,69.04074705440233,0.9,518.67,normal,0.0,none,0.0
1253,96.0,27.5,1446.976945367804,2772.0,1244.4184521886043,17.291212781028616,0.8815217004527369,0.9003587960839062,249.61103368297358,69.27263000316673,0.9,518.67,normal,0.0,none,0.0
1254,96.0,27.5,1447.6265572337468,2772.0,1245.5482816869173,17.282735511927655,0.880905259401494,0.8996928729269142,248.1128224847629,69.65676073830896,0.9,518.67,normal,0.0,none,0.0
1255,96.0,27.5,1449.2181878306362,2772.0,1242.1314345178048,17.261965138745545,0.879398539188441,0.901706767640419,250.6607636229577,68.86584437567134,0.9,518.67,normal,0.0,none,0.0
1256,96.0,27.5,1448.3537670963237,2772.0,1243.6616089985728,17.273245608769876,0.8802162046763227,0.9008048805658624,249.60342735961603,69.20275811711295,0.9,518.67,normal,0.0,none,0.0
1257,96.0,27.5,1448.4514384705872,2772.0,1246.0223025306357,17.271971022256757,0.8801237400144114,0.8994134843490801,247.17610935920368,69.87718621768826,0.9,518.67,normal,0.0,none,0.0
1258,96.0,27.5,1448.5705727552383,2772.0,1242.5908389145802,17.27041635023938,0.8800109828925824,0.9014359940177677,250.55984116711988,68.92731201374067,0.9,518.67,normal,0.0,none,0.0
1259,96.0,27.5,1447.995816008639,2772.0,1247.9309464401583,17.277916779132326,0.8805552400742794,0.8982885268402696,245.51476031169875,70.37424860809493,0.9,518.67,normal,0.0,none,0.0
1260,96.0,27.5,1448.8096868569887,2772.0,1242.0032940952194,17.267295972221916,0.8797847555434238,0.9017822937927047,251.0178740830844,68.78910928273822,0.9,518.67,normal,0.0,none,0.0
1261,96.0,27.5,1448.8081564109546,2772.0,1248.0819564696415,17.267315944152166,0.87978620313815,0.8981995213082659,244.90973461391548,70.5048166883729,0.9,518.67,normal,0.0,none,0.0
1262,96.0,27.5,1446.5860529238175,2772.0,1243.8694266986522,17.296313827685758,0.8818930488854225,0.9006823925098129,250.38137174675308,69.07987486057878,0.9,518.67,normal,0.0,none,0.0
1263,96.0,27.5,1448.6561681965957,2772.0,1245.6573595688874,17.26929935156949,0.8799299871411872,0.899628582263918,247.42837441707115,69.79514533147257,0.9,518.67,normal,0.0,none,0.0
1264,96.0,27.5,1447.4398422631893,2772.0,1245.9467474910912,17.285172094652783,0.8810823519297918,0.8994580165997739,247.8168024507936,69.74979873725438,0.9,518.67,normal,0.0,none,0.0
1265,96.0,27.5,1447.3703759654088,2772.0,1244.107290418653,17.28607861211437,0.881148256424516,0.9005421952857243,249.7042423758005,69.22621116744634,0.9,518.67,normal,0.0,none,0.0
1266,96.0,27.5,1448.3236904178464,2772.0,1244.7803129790527,17.273638101749892,0.8802446819254873,0.9001455148053357,248.49532904519458,69.51292874647267,0.9,518.67,normal,0.0,none,0.0
1267,96.0,27.5,1448.76710714489,2772.0,1243.2531275639722,17.267851626600514,0.8798250319632859,0.9010456401202093,249.78359172030753,69.1312488049095,0.9,518.67,normal,0.0,none,0.0
1268,96.0,27.5,1449.4975021927935,2772.0,1247.7790159838823,17.258320157586933,0.8791346571678982,0.8983780748731698,244.82872620246633,70.49140199060955,0.9,518.67,normal,0.0,none,0.0
1269,96.0,27.5,1447.9333412966894,2772.0,1243.9562167477616,17.278732058182737,0.8806144401228925,0.9006312383280671,249.5418480835807,69.2418213252771,0.9,518.67,normal,0.0,none,0.0
1270,96.0,27.5,1448.0749755751049,2772.0,1244.3354318892855,17.276883766987645,0.8804802411525118,0.900407728369618,249.08143774875464,69.36238975950758,0.9,518.67,normal,0.0,none,0.0
1271,96.0,27.5,1448.9210227698866,2772.0,1243.6911268444348,17.26584306696615,0.8796794596216625,0.9007874827043856,249.257017930036,69.26923546767497,0.9,518.67,normal,0.0,none,0.0
1272,96.0,27.5,1448.6303230374842,2772.0,1245.8536533217664,17.26963662430146,0.8799544418732455,0.8995128864391848,247.2456235020161,69.8480983391831,0.9,518.67,normal,0.0,none,0.0
1273,96.0,27.5,1448.911876570808,2772.0,1241.598907744251,17.265962422530453,0.8796881086877446,0.9020206396987759,251.36808507763067,68.68796576621158,0.9,518.67,normal,0.0,none,0.0
1274,96.0,27.5,1450.4191813258842,2772.0,1244.1792399882322,17.246292480068124,0.8782650239179546,0.9004997881042959,247.9296415403818,69.56123669972361,0.9,518.67,normal,0.0,none,0.0
1275,96.0,27.5,1450.3599173616665,2772.0,1245.2108313276601,17.24706585967986,0.8783208895723763,0.899891766661677,246.92575576642923,69.8471725079749,0.9,518.67,normal,0.0,none,0.0
1276,96.0,27.5,1449.0406264746955,2772.0,1248.5647337000553,17.264282269135485,0.8795663725148458,0.8979149717033201,244.29579505257982,70.66958424486876,0.9,518.67,normal,0.0,none,0.0
1277,96.0,27.5,1448.1712569243334,2772.0,1245.6719851283412,17.275627319946565,0.8803890375904337,0.8996199619378078,247.68442399317428,69.74854147640164,0.9,518.67,normal,0.0,none,0.0
1278,96.0,27.5,1450.8057526212992,2772.0,1243.6027568795898,17.24124782329729,0.8779007936574388,0.9008395680907743,248.29360252285187,69.4389531108055,0.9,518.67,normal,0.0,none,0.0
1279,96.0,27.5,1447.0682497712007,2772.0,1242.4989994331568,17.290021281860767,0.881435006177989,0.9014901243422966,251.49108688807064,68.7500360183974,0.9,518.67,normal,0.0,none,0.0
1280,96.0,27.5,1448.203017226569,2772.0,1244.9490547846615,17.275212856106087,0.8803589564406514,0.9000460581385772,248.39310134680068,69.54787698385728,0.9,518.67,normal,0.0,none,0.0
1281,96.0,27.5,1447.1808059638615,2772.0,1242.1728053943505,17.288552452265446,0.8813281566208958,0.9016823835853401,251.7566458158576,68.67168251403704,0.9,518.67,normal,0.0,none,0.0
1282,96.0,27.5,1447.3858565838916,2772.0,1246.6246457123182,17.285876593993077,0.8811335687028756,0.8990584623977702,247.16621824530716,69.93624256870416,0.9,518.67,normal,0.0,none,0.0
1283,96.0,27.5,1448.3694622965256,2772.0,1244.2814995922408,17.2730407904119,0.8802013448532149,0.9004395161442914,248.97124346688668,69.37765402095214,0.9,518.67,normal,0.0,none,0.0
1284,96.0,27.5,1450.4983743876396,2772.0,1244.230864299823,17.24525903081846,0.8781903830310828,0.9004693606596208,247.8335150467551,69.58404728902404,0.9,518.67,normal,0.0,none,0.0
1285,96.0,27.5,1446.1864542089024,2772.0,1243.9414596792624,17.301528488957093,0.8822729918259794,0.9006399361658008,250.53203470177186,69.05914650616427,0.9,518.67,normal,0.0,none,0.0
1286,96.0,27.5,1447.027798293691,2772.0,1244.7168589035755,17.290549163321003,0.8814734130814418,0.9001829147301287,249.28265179614345,69.36122124318841,0.9,518.67,normal,0.0,none,0.0
1287,96.0,27.5,1448.6595560219625,2772.0,1244.3803197650159,17.26925514131286,0.8799267816760162,0.900381271390081,248.70991490992435,69.43533050368053,0.9,518.67,normal,0.0,none,0.0
1288,96.0,27.5,1449.445077425177,2772.0,1246.6623748095053,17.25900428742806,0.8791841733520156,0.8990362248127657,245.97860900244973,70.16465520079501,0.9,518.67,normal,0.0,none,0.0
1289,96.0,27.5,1447.2459739037276,2772.0,1242.6988326660592,17.28770202727791,0.8812663045571694,0.9013723423428666,251.19070580609196,68.8230162489501,0.9,518.67,normal,0.0,none,0.0
1290,96.0,27.5,1449.6306795816013,2772.0,1243.3848566498195,17.256582226643427,0.8790088936844127,0.9009679988045539,249.16889461126198,69.25656693049946,0.9,518.67,normal,0.0,none,0.0
1291,96.0,27.5,1448.6740797213622,2772.0,1244.4506670890958,17.269065610741446,0.879913040024394,0.9003398085744905,248.63107846168361,69.45658490317321,0.9,518.67,normal,0.0,none,0.0
1292,96.0,27.5,1448.096111139078,2772.0,1243.3401474569964,17.276607953270574,0.880460218639435,0.9009943504681244,250.07067704919575,69.08690038005453,0.9,518.67,normal,0.0,none,0.0
1293,96.0,27.5,1448.4947768058264,2772.0,1242.6346664653663,17.271405468039738,0.8800827182018632,0.901410161995302,250.55804423714164,68.93175399985621,0.9,518.67,normal,0.0,none,0.0
1294,96.0,27.5,1448.255331120013,2772.0,1243.9681849155797,17.274530173144623,0.8803094128397599,0.9006241842724696,249.3500340345489,69.27823467131003,0.9,518.67,normal,0.0,none,0.0
1295,96.0,27.5,1449.463536883457,2772.0,1241.364739149396,17.258763396207467,0.8791667374084627,0.9021586590107049,251.29596059301377,68.67903230708465,0.9,518.67,normal,0.0,none,0.0
1296,96.0,27.5,1448.085970722321,2772.0,1243.8175012835366,17.276740283121907,0.880469824923205,0.9007129974253452,249.59614313949237,69.21877904766507,0.9,518.67,normal,0.0,none,0.0
1297,96.0,27.5,1450.284689258516,2772.0,1246.4230249376628,17.248047567231392,0.8783918141887884,0.8991772979769209,245.75013361056097,70.18530290837721,0.9,518.67,normal,0.0,none,0.0
1298,96.0,27.5,1447.275921477285,2772.0,1244.5404487739047,17.28731121908416,0.8812378836879188,0.9002868911182926,249.32145480612428,69.33743922089258,0.9,518.67,normal,0.0,none,0.0
1299,96.0,27.5,1450.6089123036109,2772.0,1243.2655981662897,17.243816539218976,0.878086220265171,0.9010382899289838,248.7427030414692,69.3239091172221,0.9,518.67,normal,0.0,none,0.0
1300,96.0,27.5,1449.1571590221133,2772.0,1242.6327068662627,17.26276154912516,0.8794562171956473,0.9014113169858767,250.1901866504876,68.99855577965178,0.9,518.67,normal,0.0,none,0.0
1301,96.0,27.5,1448.6750052766545,2772.0,1244.6798858769819,17.26905353248104,0.8799121643213963,0.9002047066860206,248.4001271241567,69.5211139076814,0.9,518.67,normal,0.0,none,0.0
1302,96.0,27.5,1447.3380222793803,2772.0,1246.5499179854812,17.286500819461942,0.8811789545785916,0.8991025070291454,247.26795036762644,69.90999356674078,0.9,518.67,normal,0.0,none,0.0
1303,96.0,27.5,1449.6325229452634,2772.0,1245.3605850828083,17.25655817121798,0.879007153192166,0.8998035015796019,247.18140727105208,69.813334108479,0.9,518.67,normal,0.0,none,0.0
1304,96.0,27.5,1447.7089105751081,2772.0,1247.2852135529881,17.281660821835484,0.8808271727996212,0.8986691227473865,246.3228138590016,70.15858803775978,0.9,518.67,normal,0.0,none,0.0
1305,96.0,27.5,1450.348168686412,2772.0,1243.6296437551387,17.247219176894237,0.8783319654001109,0.9008237209270438,248.5220406075439,69.39915322894986,0.9,518.67,normal,0.0,none,0.0
1306,96.0,27.5,1449.219793598882,2772.0,1245.6926636497471,17.26194418387965,0.8793970216874331,0.8996077739870797,247.0782180187191,69.86428962577288,0.9,518.67,normal,0.0,none,0.0
1307,96.0,27.5,1450.5484529858643,2772.0,1246.1791797519347,17.24460551788927,0.8781431895980598,0.899321020685648,245.84772549186312,70.14344136553754,0.9,518.67,normal,0.0,none,0.0
1308,96.0,27.5,1448.5901750051366,2772.0,1243.4486857195118,17.270160545879754,0.8799924327033688,0.9009303778576229,249.68562713059532,69.1676198760403,0.9,518.67,normal,0.0,none,0.0
1309,96.0,27.5,1449.397866397538,2772.0,1242.2152339710713,17.25962037929277,0.8792287698337654,0.9016573761202326,250.47606723758554,68.90726355473078,0.9,518.67,normal,0.0,none,0.0
1310,96.0,27.5,1449.3061245319093,2772.0,1246.1861571476577,17.26081758723113,0.8793154439758202,0.8993169081984148,246.53435190219068,70.01384372624524,0.9,518.67,normal,0.0,none,0.0
1311,96.0,27.5,1446.9604575879375,2772.0,1244.6684276998476,17.29142794234899,0.8815373575518978,0.900211460152364,249.36893438079687,69.34074601266992,0.9,518.67,normal,0.0,none,0.0
1312,96.0,27.5,1449.1658792708106,2772.0,1245.290403225527,17.26264775210465,0.8794479752709884,0.8998448668688195,247.5124689772192,69.74455801535188,0.9,518.67,normal,0.0,none,0.0
1313,96.0,27.5,1447.1545557989828,2772.0,1242.5395855603613,17.288895010219342,0.8813530735775421,0.9014662028196258,251.402043305941,68.76990649268434,0.9,518.67,normal,0.0,none,0.0
1314,96.0,27.5,1449.446100674058,2772.0,1245.0991934499193,17.258990934291244,0.8791832068207297,0.899957566189921,247.54815675955058,69.71973114328341,0.9,518.67,normal,0.0,none,0.0
1315,96.0,27.5,1448.4869178171484,2772.0,1246.7004896171,17.271508025836752,0.8800901568276676,0.8990137598894834,246.47531756645515,70.07398629755279,0.9,518.67,normal,0.0,none,0.0
1316,96.0,27.5,1448.6410255775395,2772.0,1245.0181677421626,17.26949695888451,0.87994431494735,0.9000053228604518,248.0790861791935,69.6128691251722,0.9,518.67,normal,0.0,none,0.0
1317,96.0,27.5,1447.3788572505714,2772.0,1242.9786373924917,17.285967933507013,0.8811402094789368,0.9012074250283112,250.83490583167327,68.91372584765789,0.9,518.67,normal,0.0,none,0.0
1318,96.0,27.5,1448.930190250298,2772.0,1245.3901994027879,17.265723433685878,0.879670790601641,0.8997860468561392,247.5437874208393,69.74815895635108,0.9,518.67,normal,0.0,none,0.0
1319,96.0,27.5,1447.880738048227,2772.0,1246.0200507513632,17.27941851715336,0.8806642923020557,0.8994148115510731,247.49701199340632,69.81667527207847,0.9,518.67,normal,0.0,none,0.0
1320,96.0,27.5,1523.335922252369,2772.0,1245.176344051502,16.294747615809914,0.8805886401517374,0.8999120935126308,221.2904756382427,73.63510593401206,0.9,545.67,normal,0.0,none,0.0
1321,96.0,27.5,1525.0687872617254,2772.0,1246.6506027410362,16.272134169581317,0.8790306014222614,0.8990431632871204,218.84218931550902,74.35556288518696,0.9,545.67,normal,0.0,none,0.0
1322,96.0,27.5,1522.3837986398323,2772.0,1245.2925890836352,16.307172586017536,0.8814470586960311,0.8998435785208567,221.705267589016,73.5533835679845,0.9,545.67,normal,0.0,none,0.0
1323,96.0,27.5,1522.1696588475306,2772.0,1245.8986527010597,16.30996705566893,0.8816403540938983,0.8994863637392851,221.21596177537617,73.72870802257098,0.9,545.67,normal,0.0,none,0.0
1324,96.0,27.5,1523.6662584111039,2772.0,1240.9676961697019,16.290436813224268,0.8802912052011315,0.9023926767230183,225.3411448853816,72.29233179546638,0.9,545.67,normal,0.0,none,0.0
1325,96.0,27.5,1525.1668317787162,2772.0,1248.2470999492652,16.270854713650813,0.8789426132553367,0.8981021855001002,217.18551267142186,74.91685109893518,0.9,545.67,normal,0.0,none,0.0
1326,96.0,27.5,1522.5616430132616,2772.0,1246.4299931632029,16.304851762321583,0.8812865901312872,0.8991731908946069,220.46350444840277,73.95714679904114,0.9,545.67,normal,0.0,none,0.0
1327,96.0,27.5,1524.0129124130374,2772.0,1246.021288891363,16.285913066948403,0.8799792936358938,0.8994140817895484,220.0636377852676,74.00547055774739,0.9,545.67,normal,0.0,none,0.0
1328,96.0,27.5,1523.6918590197251,2772.0,1246.6399130734487,16.290102731813796,0.8802681627809553,0.8990494637928143,219.62170598259115,74.17346413430134,0.9,545.67,normal,0.0,none,0.0
1329,96.0,27.5,1524.1899772381903,2772.0,1244.2640256242469,16.28360241615855,0.8798200599121166,0.9004498153265565,221.73069263887476,73.43864858023558,0.9,545.67,normal,0.0,none,0.0
1330,96.0,27.5,1525.1121422892836,2772.0,1246.2149867810824,16.27156839753379,0.8789916911137258,0.8992999159703541,219.25537380375067,74.21286016961214,0.9,545.67,normal,0.0,none,0.0
1331,96.0,27.5,1524.3762394836822,2772.0,1247.4513790413564,16.281171741380017,0.8796526171664014,0.8985711845657738,218.42514826841068,74.5389066710074,0.9,545.67,normal,0.0,none,0.0
1332,96.0,27.5,1524.4598902464586,2772.0,1244.825644161957,16.28008012026942,0.8795774390172013,0.9001187965399029,221.01538627903756,73.66039258332633,0.9,545.67,normal,0.0,none,0.0
1333,96.0,27.5,1524.4342832185598,2772.0,1245.4876259496664,16.280414285449822,0.8796004510584116,0.8997286235070683,220.36444823417514,73.87949560788083,0.9,545.67,normal,0.0,none,0.0
1334,96.0,27.5,1524.0120177724766,2772.0,1246.1397569587166,16.28592474177945,0.8799800983290934,0.8993442565375677,219.9451590145262,74.0453884720593,0.9,545.67,normal,0.0,none,0.0
1335,96.0,27.5,1523.2222218774866,2772.0,1242.5908658791654,16.29623137669129,0.8806910625658669,0.9014359781248018,223.95430993121818,72.76587524346488,0.9,545.67,normal,0.0,none,0.0
1336,96.0,27.5,1524.506428913252,2772.0,1244.203993698196,16.279472802542188,0.8795356196078046,0.9004851982314778,221.61437054560076,73.4585612045967,0.9,545.67,normal,0.0,none,0.0
1337,96.0,27.5,1524.2563534969092,2772.0,1244.4070995510986,16.282736222918288,0.8797603828445654,0.9003654873450385,221.54977813582775,73.49470787073263,0.9,545.67,normal,0.0,none,0.0
1338,96.0,27.5,1522.2522641808152,2772.0,1244.1641883819684,16.308889077146464,0.8815657795312033,0.9005086595430182,222.91297228547967,73.16258407904603,0.9,545.67,normal,0.0,none,0.0
1339,96.0,27.5,1525.9654263184882,2772.0,1244.2569331666148,16.260433258669565,0.8782265854611904,0.900453995631447,220.74653173467982,73.66110412195896,0.9,545.67,normal,0.0,none,0.0
1340,96.0,27.5,1522.62120145869,2772.0,1245.4031668394891,16.304074539805182,0.881232863743309,0.899778403830002,221.46161037571233,73.62031962173995,0.9,545.67,normal,0.0,none,0.0
1341,96.0,27.5,1522.8842687044892,2772.0,1246.198073880193,16.300641579369564,0.8809956348061179,0.8993098844588481,220.51625422628285,73.92036308871207,0.9,545.67,normal,0.0,none,0.0
1342,96.0,27.5,1525.6441989167274,2772.0,1244.7876861988198,16.264625194300816,0.8785144608404777,0.9001411690188327,220.39230053392464,73.79851816464536,0.9,545.67,normal,0.0,none,0.0
1343,96.0,27.5,1525.9465203258574,2772.0,1245.434002940344,16.2606799770495,0.8782435232792537,0.8997602289871064,219.5739916701284,74.05558305593102,0.9,545.67,normal,0.0,none,0.0
1344,96.0,27.5,1522.5613635298912,2772.0,1248.2673720500948,16.304855409508253,0.8812868422626455,0.8980902370942537,218.6199020787551,74.5808375837376,0.9,545.67,normal,0.0,none,0.0
1345,96.0,27.5,1525.414414588851,2772.0,1246.7781822216737,16.267623821149737,0.8787205032040861,0.8989679677548384,218.52113835069167,74.44416564882975,0.9,545.67,normal,0.0,none,0.0
1346,96.0,27.5,1524.0602915169425,2772.0,1245.6476871286018,16.2852947817313,0.879936680140289,0.8996342832143538,220.41245571817637,53.41338249697155,0.9,545.67,normal,0.0,SFC,-20.472164164483882
1347,96.0,27.5,1522.4369032819197,2772.0,1243.4080165439925,16.306479583988036,0.8813991363816961,0.9009543483290917,223.57045249384998,72.93664883751397,0.9,545.67,normal,0.0,none,0.0
1348,96.0,27.5,1523.439593377068,2772.0,1244.7801170022594,16.293394734084462,0.8804952729460686,0.9001456303143439,221.6308135481637,73.51592710976384,0.9,545.67,normal,0.0,none,0.0
1349,96.0,27.5,1523.5529230853929,2772.0,1246.4896693809383,16.291915810307092,0.8803932297769849,0.8991380176446866,219.85012141185575,74.10464777404725,0.9,545.67,normal,0.0,none,0.0
1350,96.0,27.5,1523.0378354217628,2772.0,1246.9139335125872,16.29863757289196,0.8808572103535566,0.8988879557456408,219.71179418075815,74.18189648700867,0.9,545.67,normal,0.0,none,0.0
1351,96.0,27.5,1523.0620615416742,2772.0,1243.0147461020906,16.29832142820845,0.8808353769939022,0.9011861425021188,223.6171125933397,72.88494712767293,0.9,545.67,normal,0.0,none,0.0
1352,96.0,27.5,1523.7555243000209,2772.0,1245.3261681992776,16.28927191615025,0.8802108646020881,0.899823786941038,220.90564665386887,73.73859456690788,0.9,545.67,normal,0.0,none,0.0
1353,96.0,27.5,1523.5450590042042,2772.0,1249.8821550584908,16.29201843456007,0.8804003099083096,0.8971384816298994,216.4521169081878,75.26846430183278,0.9,545.67,normal,0.0,none,0.0
1354,96.0,27.5,1523.653978754298,2772.0,1245.2195192252234,16.29059705961241,0.8803022582184855,0.8998866460021602,221.0695078933553,73.6899322518556,0.9,545.67,normal,0.0,none,0.0
1355,96.0,27.5,1524.0461799304064,2772.0,1243.8284698896146,16.285478934335,0.879949371886943,0.9007065325128979,222.24899418913878,73.27582738338829,0.9,545.67,normal,0.0,none,0.0
1356,96.0,27.5,1524.0730217473858,2772.0,1246.9617152100466,16.285128655472157,0.8799252310784352,0.8988597931433489,219.08585462881774,74.33217759796925,0.9,545.67,normal,0.0,none,0.0
1357,96.0,27.5,1524.1471184963689,2772.0,1244.9125816047906,16.28416171180384,0.8798585973291746,0.9000675554840808,221.10263599724908,73.64978548698282,0.9,545.67,normal,0.0,none,0.0
1358,96.0,27.5,1523.862133580361,2772.0,1244.7524804013703,16.287880692243352,0.880114933911581,0.9001619193672851,221.42267479751058,73.56012977053275,0.9,545.67,normal,0.0,none,0.0
1359,96.0,27.5,1522.835760404306,2772.0,1246.8698045053723,16.301274600309977,0.8810393690449185,0.8989139654469659,219.86891489329423,74.14087893334643,0.9,545.67,normal,0.0,none,0.0
1360,96.0,27.5,1523.7946000687382,2772.0,1242.838656961893,16.288761987338734,0.8801757004561649,0.9012899296986182,223.38532494022286,72.9177800363455,0.9,545.67,normal,0.0,none,0.0
1361,96.0,27.5,1525.9221154411925,2772.0,1244.7224035952072,16.26099845456743,0.8782653885030628,0.9001796466807801,220.3027511846193,73.81205349060893,0.9,545.67,normal,0.0,none,0.0
1362,96.0,27.5,1524.6411064075585,2772.0,1245.6561594503676,16.277715295604686,0.879414621498027,0.8996292896155269,220.07965620445464,73.96283498590456,0.9,545.67,normal,0.0,none,0.0
1363,96.0,27.5,1524.9968264313206,2772.0,1245.3148646248853,16.27307324005717,0.8790951924967856,0.8998304492842996,220.2239442073194,73.8932966559606,0.9,545.67,normal,0.0,none,0.0
1364,96.0,27.5,1521.947192201738,2772.0,1247.1724773352614,16.312870188633777,0.8818412556144269,0.8987355696388228,220.06124315623185,74.12877412972034,0.9,545.67,normal,0.0,none,0.0
1365,96.0,27.5,1525.2919097536399,2772.0,1247.2361083431017,16.269222477991924,0.8788303899975212,0.8986980654298365,218.12991786959003,74.58501170719072,0.9,545.67,normal,0.0,none,0.0
1366,96.0,27.5,1522.0732365828542,2772.0,1245.81162109597,16.311225341620656,0.8817274182866282,0.8995376602944787,221.35721687768103,73.68734379522857,0.9,545.67,normal,0.0,none,0.0
1367,96.0,27.5,1524.0183965141898,2772.0,1245.710574918864,16.285841500827644,0.8799743609396523,0.8995972170588937,220.37267184933057,73.90136610025003,0.9,545.67,normal,0.0,none,0.0
1368,96.0,27.5,1525.0409606142678,2772.0,1245.4261638585215,16.272497300230622,0.8790555771215969,0.8997648493533856,220.08747204101758,73.936499653183,0.9,545.67,normal,0.0,none,0.0
1369,96.0,27.5,1521.264608852166,2772.0,1242.6653604414162,16.321777727183374,0.8824582436057365,0.9013920709209743,224.97232587548967,72.55015773014064,0.9,545.67,normal,0.0,none,0.0
1370,96.0,27.5,1524.9390461388102,2772.0,1243.9285008765341,16.273827258131686,0.8791470621822077,0.9006475741030617,221.6498704532122,73.42132537617209,0.9,545.67,normal,0.0,none,0.0
1371,96.0,27.5,1524.9151928144968,2772.0,1248.041048778563,16.27413853792776,0.8791684772273336,0.8982236323611538,217.53266982251182,74.81238818613349,0.9,545.67,normal,0.0,none,0.0
1372,96.0,27.5,1522.8577856622917,2772.0,1243.0589428969727,16.30098717631305,0.8810195109176646,0.9011600928466436,223.68669095015912,72.87419339555237,0.9,545.67,normal,0.0,none,0.0
1373,96.0,27.5,1522.8283480787159,2772.0,1245.8243892076832,16.30137132926766,0.8810460522510479,0.8995301347507805,220.92278765244714,73.78764093323305,0.9,545.67,normal,0.0,none,0.0
1374,96.0,27.5,1524.1753363006753,2772.0,1243.755119136994,16.283793476657465,0.879833224265998,0.9007497655536582,222.25065903026768,73.26769489776777,0.9,545.67,normal,0.0,none,0.0
1375,96.0,27.5,1523.5548488131985,2772.0,1245.695058381471,16.29189068005058,0.8803914960373481,0.899606362528703,220.64707320275545,73.836876436062,0.9,545.67,normal,0.0,none,0.0
1376,96.0,27.5,1525.7931759241949,2772.0,1244.8339938965375,16.26268108236511,0.8783809281798819,0.900113875194142,220.26257587434736,73.83315580419998,0.9,545.67,normal,0.0,none,0.0
1377,96.0,27.5,1522.79179677441,2772.0,1247.0590706395446,16.301848314462728,0.8810790096392361,0.8988024117109659,219.70349010710356,74.19931429635331,0.9,545.67,normal,0.0,none,0.0
1378,96.0,27.5,1523.2802809776256,2772.0,1244.4646929779062,16.29547372024835,0.880638759381676,0.9003315416951337,222.03684815125666,73.39085316662167,0.9,545.67,normal,0.0,none,0.0
1379,96.0,27.5,1523.1566421499617,2772.0,1243.5477732884572,16.297087175402705,0.8807501482632324,0.900871975499719,223.02800025474073,73.07193337512916,0.9,545.67,normal,0.0,none,0.0
1380,96.0,27.5,1524.7625576691328,2772.0,1247.7705909510416,16.276130387629635,0.8793055347580746,0.8983830405998351,217.889188817211,74.69911874004823,0.9,545.67,normal,0.0,none,0.0
1381,96.0,27.5,1524.5833800012397,2772.0,1243.518672889251,16.27846861047815,0.8794664804743171,0.900889127317527,222.26067946955675,73.24043393247985,0.9,545.67,normal,0.0,none,0.0
1382,96.0,27.5,1524.5928238530532,2772.0,1246.2047378994832,16.2783453706216,0.879457996096474,0.8993059566761423,219.55561874571572,74.14223996460235,0.9,545.67,normal,0.0,none,0.0
1383,96.0,27.5,1526.0189362148728,2772.0,1242.0535929833543,16.25973496817489,0.8781786496580753,0.901752647554551,222.93372686866928,72.9352852821302,0.9,545.67,normal,0.0,none,0.0
1384,96.0,27.5,1523.0727843031154,2772.0,1243.7209651198282,16.298181498907574,0.8808257136414254,0.9007698959812748,222.90060432841176,73.11860615189076,0.9,545.67,normal,0.0,none,0.0
1385,96.0,27.5,1522.915227253847,2772.0,1244.0487342763586,16.300237578199575,0.8809677253867795,0.9005767083615435,222.65891924402558,73.20720694029393,0.9,545.67,normal,0.0,none,0.0
1386,96.0,27.5,1524.261594503274,2772.0,1245.3050468487831,16.28266782912248,0.8797556711448205,0.8998362358958778,220.64431373836567,73.79600023787627,0.9,545.67,normal,0.0,none,0.0
1387,96.0,27.5,1524.4654580192973,2772.0,1240.5570015117958,16.280007462254506,0.8795724356354079,0.9026347407544151,225.30882604487408,72.25641244525443,0.9,545.67,normal,0.0,none,0.0
1388,96.0,27.5,1523.372259715572,2772.0,1245.8140994336168,16.294273421186684,0.8805559120312995,0.8995361995586486,220.6294395141141,73.85357755098819,0.9,545.67,normal,0.0,none,0.0
1389,96.0,27.5,1523.472660244083,2772.0,1246.7422757492511,16.292963219906984,0.8804654967741663,0.8989891310821437,219.64132957567097,74.17986064546072,0.9,545.67,normal,0.0,none,0.0
1390,96.0,27.5,1522.3201457873404,2772.0,1246.1487926223977,16.308003239501417,0.8815045067185893,0.8993389309041929,220.88071334076494,73.8317211713372,0.9,545.67,normal,0.0,none,0.0
1391,96.0,27.5,1523.4331387880748,2772.0,1243.2186222040784,16.293478964823922,0.8805010854326225,0.9010659776297432,223.2047759542454,72.99789574468564,0.9,545.67,normal,0.0,none,0.0
1392,96.0,27.5,1523.5623213568524,2772.0,1244.8669174700374,16.291793165262533,0.880384768544205,0.9000944699918196,221.47504431987647,73.56040142261938,0.9,545.67,normal,0.0,none,0.0
1393,96.0,27.5,1523.9778832206111,2772.0,1245.1229587232258,16.28637018897181,0.880010802084856,0.899943558903113,220.98569538335096,73.69875303792547,0.9,545.67,normal,0.0,none,0.0
1394,96.0,27.5,1524.6314438457864,2772.0,1245.789808669971,16.27784138957039,0.8794233015110725,0.8995505165702303,219.9507948726058,74.00674045755743,0.9,545.67,normal,0.0,none,0.0
1395,96.0,27.5,1522.34775227101,2772.0,1245.211345907929,16.307642981933373,0.881479590373651,0.8998914633673148,221.80703085115533,73.52175861763685,0.9,545.67,normal,0.0,none,0.0
1396,96.0,27.5,1524.8642638618767,2772.0,1245.903168020961,16.27480314776484,0.8792142037306172,0.8994837024031385,219.7069386757173,74.07505309509637,0.9,545.67,normal,0.0,none,0.0
1397,96.0,27.5,1522.7681078282828,2772.0,1243.8809398642913,16.30215744916541,0.8811003706806972,0.9006756066331645,222.90981163082427,73.13342257075922,0.9,545.67,normal,0.0,none,0.0
1398,96.0,27.5,1523.3673552764387,2772.0,1245.4641185528606,16.294337422865997,0.8805603291782322,0.8997424788010903,220.98376766055333,73.7354494195033,0.9,545.67,normal,0.0,none,0.0
1399,96.0,27.5,1523.3528844604862,2772.0,1246.1190879609494,16.294526263321924,0.8805733624701729,0.8993564388750493,220.33393246225478,73.95377589474705,0.9,545.67,normal,0.0,none,0.0
1400,96.0,27.5,1524.278597184014,2772.0,1243.3817930625073,16.282445948477086,0.8797403859686542,0.9009698044873917,222.56855616978214,73.15699139485064,0.9,545.67,normal,0.0,none,0.0
1401,96.0,27.5,1523.0188984914098,2772.0,1246.6931427324173,16.29888469500127,0.880874277678919,0.8990180901540492,219.94400390239332,74.10470122310943,0.9,545.67,normal,0.0,none,0.0
1402,96.0,27.5,1524.9419295900716,2772.0,1244.8427706669918,16.273789629828443,0.8791444735470915,0.9001087021528135,220.72903333255,73.72745390186337,0.9,545.67,normal,0.0,none,0.0
1403,96.0,27.5,1522.074660572177,2772.0,1248.2772163737122,16.311206758923326,0.8817261323746696,0.898084434835531,218.88177204382998,74.520626393947,0.9,545.67,normal,0.0,none,0.0
1404,96.0,27.5,1523.6805595965052,2772.0,1247.3618439686688,16.290250186403757,0.8802783329395705,0.8986239566684269,218.90341207074675,74.41752521033777,0.9,545.67,normal,0.0,none,0.0
1405,96.0,27.5,1524.6956037304649,2772.0,1245.6455012372064,16.277004119445845,0.8793656690064745,0.8996355715819357,220.0599356620353,73.9662313836346,0.9,545.67,normal,0.0,none,0.0
1406,96.0,27.5,1524.4576060837712,2772.0,1245.9328563470942,16.280109928009683,0.8795794916565631,0.8994662040603408,219.9041699070607,74.03274769591789,0.9,545.67,normal,0.0,none,0.0
1407,96.0,27.5,1523.9818798251397,2772.0,1245.935332803411,16.286318034302447,0.8800072070603764,0.8994647444333694,220.16729637436288,73.97246685815635,0.9,545.67,normal,0.0,none,0.0
1408,96.0,27.5,1525.6184521016594,2772.0,1243.704043493555,16.26496118366811,0.8785375426151458,0.9007798696125228,221.49629401733876,73.43220461465097,0.9,545.67,normal,0.0,none,0.0
1409,96.0,27.5,1523.1536190775685,2772.0,1243.5966384365809,16.29712662572609,0.8807528721671489,0.9008431743100227,222.98053186846005,73.08766594628108,0.9,545.67,normal,0.0,none,0.0
1410,96.0,27.5,1525.7057726379364,2772.0,1244.5200432691895,16.26382167294968,0.8784592655037359,0.9002989181525842,220.62696878116742,73.71638092476911,0.9,545.67,normal,0.0,none,0.0
1411,96.0,27.5,1523.2389648279443,2772.0,1246.7767737135905,16.296012885459803,0.880675978855807,0.8989687979315605,219.73717839525875,74.16138226798775,0.9,545.67,normal,0.0,none,0.0
1412,96.0,27.5,1523.9796940014612,2772.0,1245.2244609290763,16.286346558743737,0.8800091732481822,0.8998837333546896,220.88268443486788,73.73301624078245,0.9,545.67,normal,0.0,none,0.0
1413,96.0,27.5,1521.9462013087752,2772.0,1241.7620285848395,16.312883119534117,0.8818421506585683,0.9019244960370126,225.50129134773692,72.34053083260903,0.9,545.67,normal,0.0,none,0.0
1414,96.0,27.5,1525.8437083829876,2772.0,1240.7959112499,16.262021646671304,0.8783356436066698,0.9024939270057281,224.29851451884372,72.50169124639969,0.9,545.67,normal,0.0,none,0.0
1415,96.0,27.5,1525.008432638833,2772.0,1243.363352648537,16.272921782010474,0.8790847742788467,0.9009806732943274,222.17961740546832,73.24219013444912,0.9,545.67,normal,0.0,none,0.0
1416,96.0,27.5,1522.9121516635266,2772.0,1246.7165230288751,16.30027771386851,0.8809704979808637,0.8990043097731583,219.98013283227715,74.09886294730345,0.9,545.67,normal,0.0,none,0.0
1417,96.0,27.5,1523.441820057216,2772.0,1245.2096443708858,16.29336567647667,0.8804932677938391,0.8998924662557339,221.1978861766462,73.65968074154637,0.9,545.67,normal,0.0,none,0.0
1418,96.0,27.5,1523.3740162807203,2772.0,1244.6358316659257,16.29425049845969,0.8805543300046323,0.9002306723023806,221.81246450465324,73.45958007746614,0.9,545.67,normal,0.0,none,0.0
1419,96.0,27.5,1522.6616946110973,2772.0,1244.8992730882967,16.303546114498165,0.8811963394853702,0.9000753995431461,221.94537378784207,73.45747215295755,0.9,545.67,normal,0.0,none,0.0
1420,96.0,27.5,1524.176557814464,2772.0,1243.1675761763627,16.283777536214192,0.8798321259305737,0.9010960642330572,222.84106320873605,73.0735049534435,0.9,545.67,normal,0.0,none,0.0
1421,96.0,27.5,1523.3450753752468,2772.0,1243.7855774248078,16.294628169891794,0.8805803959648586,0.900731813394321,222.68358560549575,73.17390783692163,0.9,545.67,normal,0.0,none,0.0
1422,96.0,27.5,1524.7292894932455,2772.0,1246.8006296316519,16.276564528836538,0.8793354133277415,0.8989547372186015,218.8811329170669,74.36257438873754,0.9,545.67,normal,0.0,none,0.0
1423,96.0,27.5,1524.6214516081309,2772.0,1246.0805068905333,16.27797178572226,0.8794322778567473,0.8993791786143195,219.6643958777339,74.10382424825298,0.9,545.67,normal,0.0,none,0.0
1424,96.0,27.5,1523.1166331486127,2772.0,1243.3713085908676,16.29760928266194,0.8807861992686529,0.9009759840502941,223.2278677071945,73.00884719303656,0.9,545.67,normal,0.0,none,0.0
1425,96.0,27.5,1524.1623850067037,2772.0,1242.5994493427506,16.28396248773925,0.8798448697104676,0.9014309190188243,223.42074539708744,72.88473798078881,0.9,545.67,normal,0.0,none,0.0
1426,96.0,27.5,1522.4708896336836,2772.0,1244.6142392287466,16.306036070769192,0.8813684693937651,0.9002433989164006,222.33841633057762,73.33881539627872,0.9,545.67,normal,0.0,none,0.0
1427,96.0,27.5,1524.9044656234262,2772.0,1242.3543572617689,16.27427852503417,0.879178108228457,0.9015753766494355,223.25314598489138,72.89607702162247,0.9,545.67,normal,0.0,none,0.0
1428,96.0,27.5,1524.0577313938138,2772.0,1244.813142230734,16.28532819068491,0.8799389826489716,0.900126165196431,221.25249112253607,73.60517437819773,0.9,545.67,normal,0.0,none,0.0
1429,96.0,27.5,1524.3675859291347,2772.0,1246.5368493979956,16.281284668058895,0.8796603949743934,0.8991102096737028,219.34789821912864,74.22585217476707,0.9,545.67,normal,0.0,none,0.0
1430,96.0,27.5,1525.6253477984465,2772.0,1243.9534512380064,16.264871196584487,0.8785313605696847,0.9006328683235573,221.24159240928054,73.51633578235905,0.9,545.67,normal,0.0,none,0.0
1431,96.0,27.5,1524.8615962811377,2772.0,1239.8362865107542,16.27483795901285,0.8792165989461034,0.9030595312289968,225.81425879526796,72.07179053191788,0.9,545.67,normal,0.0,none,0.0
1432,96.0,27.5,1525.1988015382574,2772.0,1247.1605196346752,16.27043751644594,0.8789139264173875,0.8987426175250186,218.25776192917647,74.54689067014998,0.9,545.67,normal,0.0,none,0.0
1433,96.0,27.5,1523.4230855632402,2772.0,1242.4325097155986,16.293610156842913,0.8805101387156135,0.9015293134789674,224.0015711622035,72.73882085873595,0.9,545.67,normal,0.0,none,0.0
1434,96.0,27.5,1523.9180912389654,2772.0,1244.0563113552284,16.287150459076255,0.8800645896569432,0.9005722424201873,222.09136702739283,73.33536047381523,0.9,545.67,normal,0.0,none,0.0
1435,96.0,27.5,1526.0437163999106,2772.0,1246.1766894821317,16.259411593082852,0.8781564525825413,0.8993224884543083,218.77370425410686,74.32068515052181,0.9,545.67,normal,0.0,none,0.0
1436,96.0,27.5,1525.1849177517397,2772.0,1248.242402556851,16.27061869631752,0.8789263842708624,0.8981049541500521,217.18012560161765,74.91762264731065,0.9,545.67,normal,0.0,none,0.0
1437,96.0,27.5,1523.8598592275634,2772.0,1248.832461785869,16.287910371967055,0.8801169802340238,0.8977571723783896,217.32830364044332,74.94610733682634,0.9,545.67,normal,0.0,none,0.0
1438,96.0,27.5,1525.4620250705234,2772.0,1245.9386212706293,16.26700251651181,0.8786778040339126,0.8994628062059866,219.33757900521846,74.16422935955167,0.9,545.67,normal,0.0,none,0.0
1439,96.0,27.5,1524.9149289070854,2772.0,1244.3546375888973,16.274141981852143,0.879168714164049,0.900396408502207,221.23482012071588,73.56049094338867,0.9,545.67,normal,0.0,none,0.0
1440,100.0,30.0,1409.1090964382308,2880.0,1267.2448795041787,19.19475099112589,0.8803055801919025,0.9008937987459354,298.9774447026497,64.20133468668908,1.0,491.66999999999996,normal,0.0,none,0.0
1441,100.0,30.0,1408.6436818173484,2880.0,1266.802681806821,19.20082453317706,0.8807523837327127,0.9011408127893614,299.682212217953,64.07061797585996,1.0,491.66999999999996,normal,0.0,none,0.0
1442,100.0,30.0,1409.4296780806435,2880.0,1268.301675218982,19.19056748248936,0.8799980815999909,0.9003034669008166,297.73566715251945,64.45505056892867,1.0,491.66999999999996,normal,0.0,none,0.0
1443,100.0,30.0,1408.8945263270896,2880.0,1268.5913433624257,19.19755107632834,0.8805115137019192,0.9001416566973911,297.74327174030543,64.47685942361994,1.0,491.66999999999996,normal,0.0,none,0.0
1444,100.0,30.0,1409.8421009259137,2880.0,1269.4400626728054,19.185185469588987,0.879602805690083,0.8996675574656603,296.3613367563871,64.73579070592281,1.0,491.66999999999996,normal,0.0,none,0.0
1445,100.0,30.0,1410.2811071661981,2880.0,1268.0901664890996,19.17945655016647,0.87918244160167,0.9004216168299098,297.4729378134755,64.4746264690221,1.0,491.66999999999996,normal,0.0,none,0.0
1446,100.0,30.0,1409.5257368723621,2880.0,1270.0321285337684,19.189313939767,0.8799059848259149,0.8993368262493633,295.943276283666,64.84118909791943,1.0,491.66999999999996,normal,0.0,none,0.0
1447,100.0,30.0,1410.1188569069236,2880.0,1271.011755527743,19.181573874651573,0.8793377551806754,0.8987896012722172,294.6286172349727,65.10424565904897,1.0,491.66999999999996,normal,0.0,none,0.0
1448,100.0,30.0,1408.4079716534718,2880.0,1268.7041940836905,19.203900490673792,0.8809788413412372,0.9000786176695318,297.9015025790868,64.46392624547285,1.0,491.66999999999996,normal,0.0,none,0.0
1449,100.0,30.0,1410.328380169526,2880.0,1267.3974934760538,19.178839649534837,0.8791371999804267,0.9008085477496021,298.1431558549036,64.32762004729211,1.0,491.66999999999996,normal,0.0,none,0.0
1450,100.0,30.0,1410.0125455311568,2880.0,1271.3628117150108,19.182961210979798,0.8794395511902057,0.8985934993729878,294.3356758805179,65.1737549435458,1.0,491.66999999999996,normal,0.0,none,0.0
1451,100.0,30.0,1408.3638725746905,2880.0,1269.8064294088829,19.20447597239993,0.8810212222892191,0.8994629030104339,296.8186602178452,64.70103988174165,1.0,491.66999999999996,normal,0.0,none,0.0
1452,100.0,30.0,1409.8543191062706,2880.0,1268.7712139260987,19.18502602545282,0.8795911009097912,0.9000411800203492,297.0265991602281,64.59026255457898,1.0,491.66999999999996,normal,0.0,none,0.0
1453,100.0,30.0,1408.2376088737883,2880.0,1268.8090630546885,19.2061236814803,0.8811425892227901,0.9000200372908663,297.8912227054605,64.47361391533958,1.0,491.66999999999996,normal,0.0,none,0.0
1454,100.0,30.0,1410.6799507407075,2880.0,1267.871299712292,19.174251743284756,0.8788008828738548,0.9005438770041122,297.4703292456752,64.4576949637525,1.0,491.66999999999996,normal,0.0,none,0.0
1455,100.0,30.0,1409.9337551888866,2880.0,1265.4652240661876,19.183989404842936,0.8795150102757383,0.9018879239715295,300.30832798232643,63.88097704027688,1.0,491.66999999999996,normal,0.0,none,0.0
1456,100.0,30.0,1409.4288451313175,2880.0,1272.8460318874568,19.19057835226554,0.8799988802780021,0.8977649645021013,293.17395466703033,65.45799190811839,1.0,491.66999999999996,normal,0.0,none,0.0
1457,100.0,30.0,1409.0551304195492,2880.0,1265.3637681623854,19.19545523390016,0.8803573649721557,0.9019445977922602,300.901073759705,63.79324272278721,1.0,491.66999999999996,normal,0.0,none,0.0
1458,100.0,30.0,1407.7870779442915,2880.0,1265.5672096140213,19.212002995156496,0.8815759202885454,0.9018309542887566,301.40418220821033,63.74166029947395,1.0,491.66999999999996,normal,0.0,none,0.0
1459,100.0,30.0,1410.4924256908487,2880.0,1267.2120233083372,19.176698897338074,0.8789802398146186,0.9009121523959768,298.2381394764076,64.2999548314144,1.0,491.66999999999996,normal,0.0,none,0.0
1460,100.0,30.0,1410.1812684105348,2880.0,1268.443416588484,19.18075942045385,0.8792780054602632,0.9002242893994169,297.17353737591066,64.54396844962372,1.0,491.66999999999996,normal,0.0,none,0.0
1461,100.0,30.0,1410.757170826271,2880.0,1269.9986201142276,19.17324404087099,0.8787270475712603,0.8993555442351173,295.2893771567715,64.93035484541579,1.0,491.66999999999996,normal,0.0,none,0.0
1462,100.0,30.0,1410.1334817920483,2880.0,1267.2363644884142,19.18138302363226,0.8793237533026363,0.9008985552801426,298.41406232551844,64.27774507056799,1.0,491.66999999999996,normal,0.0,none,0.0
1463,100.0,30.0,1408.593361377535,2880.0,1268.3493782471526,19.201481202077275,0.8808007191216697,0.9002768197293308,298.15465364631194,64.40107832378551,1.0,491.66999999999996,normal,0.0,none,0.0
1464,100.0,30.0,1410.8382051270348,2880.0,1269.4028215388084,19.17218656392206,0.8786495785819446,0.8996883605660503,295.84259252472,64.80536287999192,1.0,491.66999999999996,normal,0.0,none,0.0
1465,100.0,30.0,1410.2064673628126,2880.0,1267.288063811224,19.18043058055618,0.8792538835170572,0.9008696757566945,298.3213031882909,64.29453872575135,1.0,491.66999999999996,normal,0.0,none,0.0
1466,100.0,30.0,1408.2005836704177,2880.0,1266.953821047284,19.206606850937245,0.8811781848528172,0.9010563855860309,299.77752833370823,64.0695350238418,1.0,491.66999999999996,normal,0.0,none,0.0
1467,100.0,30.0,1410.2159770912708,2880.0,1273.749169558231,19.18030648102623,0.879244780580583,0.8972604668777105,291.8293277324384,65.72439661928549,1.0,491.66999999999996,normal,0.0,none,0.0
1468,100.0,30.0,1411.2741609028055,2880.0,1266.2999760257424,19.166497452283124,0.8782330381018699,0.9014216269780823,298.71946659080743,64.16219763319884,1.0,491.66999999999996,normal,0.0,none,0.0
1469,100.0,30.0,1409.8463396275386,2880.0,1270.1888596715207,19.185130155614296,0.8795987450606801,0.8992492753817349,295.6068820129791,64.90082377301331,1.0,491.66999999999996,normal,0.0,none,0.0
1470,100.0,30.0,1407.717728239455,2880.0,1266.5800789727887,19.212907991109912,0.8816426602934362,0.9012651599454884,300.42321784394096,63.95280674042418,1.0,491.66999999999996,normal,0.0,none,0.0
1471,100.0,30.0,1409.402180343088,2880.0,1269.370175342987,19.190926320948364,0.8800244487219198,0.8997065969089361,296.6771714275028,64.68622519423587,1.0,491.66999999999996,normal,0.0,none,0.0
1472,100.0,30.0,1409.5654672559679,2880.0,1268.4382727092504,19.188795468398222,0.8798678987871869,0.9002271627983874,297.5225305824107,64.49526841155689,1.0,491.66999999999996,normal,0.0,none,0.0
1473,100.0,30.0,1407.7620063143747,2880.0,1268.0886437786994,19.212330173529836,0.8816000472813196,0.9004224674242373,298.8809668306528,64.28087535067304,1.0,491.66999999999996,normal,0.0,none,0.0
1474,100.0,30.0,1408.6711211857742,2880.0,1266.751738301449,19.200466456420305,0.8807260290330391,0.9011692701090702,299.71815583355817,64.0617396134082,1.0,491.66999999999996,normal,0.0,none,0.0
1475,100.0,30.0,1410.6491635839516,2880.0,1267.4936004101917,19.174653507825024,0.8788303239989755,0.9007548618924741,297.8673804209408,64.37312296743521,1.0,491.66999999999996,normal,0.0,none,0.0
1476,100.0,30.0,1409.7349878874684,2880.0,1273.3491771722202,19.186583267410622,0.8797054312453384,0.8974839048042272,292.49869865118706,65.59544830758773,1.0,491.66999999999996,normal,0.0,none,0.0
1477,100.0,30.0,1411.6525396600623,2880.0,1270.6675392002899,19.16155970604492,0.8778718304580142,0.8989818823884813,294.1178201473559,65.14926466014467,1.0,491.66999999999996,normal,0.0,none,0.0
1478,100.0,30.0,1408.873995469364,2880.0,1268.6412124284795,19.19781899878318,0.8805312232285926,0.9001137995653403,297.70460927833915,64.48613289972332,1.0,491.66999999999996,normal,0.0,none,0.0
1479,100.0,30.0,1409.2354404112782,2880.0,1265.3524082831825,19.1931022345145,0.8801843667071757,0.9019509434826867,300.8118420674456,63.80434394670932,1.0,491.66999999999996,normal,0.0,none,0.0
1480,100.0,30.0,1410.7531306102749,2880.0,1268.8940436883486,19.173296764658872,0.8787309103851402,0.8999725666458163,296.40131788335214,64.68694843052103,1.0,491.66999999999996,normal,0.0,none,0.0
1481,100.0,30.0,1409.1102893939085,2880.0,1270.1629889934886,19.19473542335868,0.8803044355228138,0.8992637268834617,296.0438219459627,64.83748013110817,1.0,491.66999999999996,normal,0.0,none,0.0
1482,100.0,30.0,1409.398136170253,2880.0,1271.7091182311817,19.19097909637198,0.8800283267450829,0.8984000506659157,294.331264368814,65.20197280953674,1.0,491.66999999999996,normal,0.0,none,0.0
1483,100.0,30.0,1407.9596291316525,2880.0,1270.0651407464416,19.209751246188166,0.881409906217275,0.8993183854474696,296.7845339520533,64.72625439872677,1.0,491.66999999999996,normal,0.0,none,0.0
1484,100.0,30.0,1407.3139962680616,2880.0,1268.903067892713,19.218176590323687,0.8820314001647785,0.8999675256760825,298.3124322008808,64.42298247021212,1.0,491.66999999999996,normal,0.0,none,0.0
1485,100.0,30.0,1408.3567647544678,2880.0,1268.9403545770774,19.204568727640265,0.8810280535653991,0.8999466971310088,297.6927484639279,64.51137566075892,1.0,491.66999999999996,normal,0.0,none,0.0
1486,100.0,30.0,1409.4597414257414,2880.0,1269.8904463902995,19.19017516350655,0.8799692561677395,0.899415970666778,296.1224156344722,64.80487173654065,1.0,491.66999999999996,normal,0.0,none,0.0
1487,100.0,30.0,1409.303459065261,2880.0,1268.2756608046668,19.1922146084351,0.8801191239293663,0.9003179986944141,297.83229294910495,64.43966978327217,1.0,491.66999999999996,normal,0.0,none,0.0
1488,100.0,30.0,1410.2463151955358,2880.0,1269.0687843067815,19.17991057650639,0.8792157414910848,0.8998749555841401,296.50869037798975,64.68582945092034,1.0,491.66999999999996,normal,0.0,none,0.0
1489,100.0,30.0,1410.064394840542,2880.0,1264.7281383492862,19.182284590721764,0.8793899011339429,0.9022996640696148,300.97788201363244,63.733203457963484,1.0,491.66999999999996,normal,0.0,none,0.0
1490,100.0,30.0,1409.5212677064856,2880.0,1266.0787014682485,19.189372261241374,0.8799102692300884,0.9015452321516966,299.9209127628635,63.98144125552762,1.0,491.66999999999996,normal,0.0,none,0.0
1491,100.0,30.0,1409.63173851781,2880.0,1268.3807637050222,19.18793064534041,0.8798043776691923,0.900259287641535,297.54334129666324,64.4878509521382,1.0,491.66999999999996,normal,0.0,none,0.0
1492,100.0,30.0,1410.8078088161953,2880.0,1269.6452702261247,19.172583228022848,0.8786786359283547,0.8995529274081322,295.61600557222937,64.8563774174207,1.0,491.66999999999996,normal,0.0,none,0.0
1493,100.0,30.0,1409.2081619158366,2880.0,1266.0057131375545,19.19345821191986,0.8802105346707892,0.9015860038309599,300.16921103854895,63.94212832659562,1.0,491.66999999999996,normal,0.0,none,0.0
1494,100.0,30.0,1409.1962284772767,2880.0,1266.3678354011467,19.193613940248227,0.8802219827776763,0.9013837203611931,299.8113405666885,64.01897241101491,1.0,491.66999999999996,normal,0.0,none,0.0
1495,100.0,30.0,1408.7599430200273,2880.0,1265.9316044646903,19.19930735414634,0.880640729110203,0.9016274013394647,300.4940787671036,63.892464813014406,1.0,491.66999999999996,normal,0.0,none,0.0
1496,100.0,30.0,1409.4892570054665,2880.0,1264.566022778904,19.189789992722083,0.879940957782695,0.9023902227106518,301.462351289333,63.65567677240198,1.0,491.66999999999996,normal,0.0,none,0.0
1497,100.0,30.0,1409.9341795759428,2880.0,1270.2170319995055,19.183983866700135,0.8795146037970859,0.8992335381658023,295.52954871682186,64.91392806572564,1.0,491.66999999999996,normal,0.0,none,0.0
1498,100.0,30.0,1410.6913869647883,2880.0,1264.6719974684895,19.174102503478473,0.878789947150311,0.9023310246715581,300.68437814657307,63.76820312936834,1.0,491.66999999999996,normal,0.0,none,0.0
1499,100.0,30.0,1408.5738652659948,2880.0,1269.4430669382357,19.20173562135841,0.8808194475726179,0.8996658792666197,297.06641683116527,64.63785380449627,1.0,491.66999999999996,normal,0.0,none,0.0
1500,100.0,30.0,1408.1269097724764,2880.0,1267.6138457594568,19.207568276507356,0.8812490226968736,0.9006876921851178,299.1546953742689,64.20614007905507,1.0,491.66999999999996,normal,0.0,none,0.0
1501,100.0,30.0,1407.3817613986862,2880.0,1271.615820714291,19.217292272659428,0.8819661274713756,0.8984521671672601,295.5506736492692,65.02198771999635,1.0,491.66999999999996,normal,0.0,none,0.0
1502,100.0,30.0,1409.7045066101157,2880.0,1269.67292622571,19.186981040302726,0.8797346398916858,0.8995374786160572,296.20423573632365,64.77618725676385,1.0,491.66999999999996,normal,0.0,none,0.0
1503,100.0,30.0,1411.4906706862814,2880.0,1266.9467648705968,19.16367205485161,0.8780263173235914,0.9010603272047797,297.9476628799655,64.31892054334422,1.0,491.66999999999996,normal,0.0,none,0.0
1504,100.0,30.0,1409.70976235298,2880.0,1267.5208659649868,19.18691245419935,0.8797296034441966,0.9007396312049866,298.36445480792827,64.30696467027515,1.0,491.66999999999996,normal,0.0,none,0.0
1505,100.0,30.0,1406.9732377148082,2880.0,1269.477300328673,19.22262340249851,0.8823597719343296,0.8996467563081724,297.92570912789336,64.5215327632119,1.0,491.66999999999996,normal,0.0,none,0.0
1506,100.0,30.0,1409.8671108325975,2880.0,1268.632503948479,19.184859096688083,0.8795788470173429,0.900118664169724,297.15887301989414,64.56094984383554,1.0,491.66999999999996,normal,0.0,none,0.0
1507,100.0,30.0,1408.3992245232712,2880.0,1269.8594472156003,19.204014638491063,0.8809872473529834,0.8994332869746898,296.74567182535543,64.71539928573334,1.0,491.66999999999996,normal,0.0,none,0.0
1508,100.0,30.0,1410.0861834349134,2880.0,1266.9523823140753,19.182000255124613,0.8793690384028678,0.9010571892702414,298.7261827565587,64.21265145933533,1.0,491.66999999999996,normal,0.0,none,0.0
1509,100.0,30.0,1409.032961805931,2880.0,1272.505349147749,19.195744528651517,0.8803786393238381,0.8979552717369952,293.7365616038596,65.35020504032238,1.0,491.66999999999996,normal,0.0,none,0.0
1510,100.0,30.0,1410.7074284192975,2880.0,1266.157462403936,19.17389316659013,0.8787746082005309,0.9015012358638272,299.1793509898529,64.08829052924993,1.0,491.66999999999996,normal,0.0,none,0.0
1511,100.0,30.0,1409.0086951296096,2880.0,1270.2093952978487,19.196061202585827,0.8804019282830788,0.8992378040689628,296.05394589992716,64.83974109595056,1.0,491.66999999999996,normal,0.0,none,0.0
1512,100.0,30.0,1409.6054331174012,2880.0,1268.8212373327463,19.188273924103875,0.879829590342765,0.9000132366728016,297.11528546048874,64.58191437160372,1.0,491.66999999999996,normal,0.0,none,0.0
1513,100.0,30.0,1408.661017270805,2880.0,1271.2764587583558,19.20059830993262,0.8807357333602802,0.8986417366051412,295.1769305810552,65.0477605825641,1.0,491.66999999999996,normal,0.0,none,0.0
1514,100.0,30.0,1410.3055475605283,2880.0,1268.3562954271981,19.179137609256475,0.8791590508613295,0.9002729557548634,297.1917291382449,64.53456044981284,1.0,491.66999999999996,normal,0.0,none,0.0
1515,100.0,30.0,1409.5318073059964,2880.0,1267.8212067915053,19.18923472215695,0.8799001654195046,0.9005718591826367,298.1617505876335,64.35847215257408,1.0,491.66999999999996,normal,0.0,none,0.0
1516,100.0,30.0,1410.7117326017133,2880.0,1268.2056113951878,19.173836998107824,0.8787704926026404,0.9003571286762714,297.1164329526316,64.53307482041781,1.0,491.66999999999996,normal,0.0,none,0.0
1517,100.0,30.0,1408.290668152561,2880.0,1267.973444181221,19.205431271430488,0.8810915836193774,0.9004868185471493,298.7016313848671,64.29637221058539,1.0,491.66999999999996,normal,0.0,none,0.0
1518,100.0,30.0,1409.2826197645786,2880.0,1269.0165814266827,19.192486555991824,0.8801391117397616,0.8999041163974341,297.099211115471,64.59958774017896,1.0,491.66999999999996,normal,0.0,none,0.0
1519,100.0,30.0,1410.2991758036146,2880.0,1268.9738231432561,19.179220759058435,0.8791651488472285,0.8999280014075602,296.5746020606051,64.6691275173292,1.0,491.66999999999996,normal,0.0,none,0.0
1520,100.0,30.0,1408.1157999349612,2880.0,1269.0580147926871,19.207713257052234,0.8812597058528804,0.8998809714933999,297.70904995920347,64.51840567051745,1.0,491.66999999999996,normal,0.0,none,0.0
1521,100.0,30.0,1410.3565989562544,2880.0,1269.7261403589737,19.1784714015681,0.8791101960106515,0.8995077529112346,295.7866990064731,64.83885673692309,1.0,491.66999999999996,normal,0.0,none,0.0
1522,100.0,30.0,1409.218257091579,2880.0,1269.5135876677552,19.19332647245222,0.8802008502972759,0.8996264860028191,296.63578592450904,64.70334121229978,1.0,491.66999999999996,normal,0.0,none,0.0
1523,100.0,30.0,1408.9218304046597,2880.0,1267.9089528418638,19.197194765082738,0.8804853032830632,0.9005228437607491,298.4140826124145,64.33072660989794,1.0,491.66999999999996,normal,0.0,none,0.0
1524,100.0,30.0,1408.5014867157226,2880.0,1266.2965165281935,19.202680142971946,0.8808889831804046,0.901423559472265,300.2710253025933,63.951159202326494,1.0,491.66999999999996,normal,0.0,none,0.0
1525,100.0,30.0,1408.39026387296,2880.0,1270.5173821485257,19.204131572691296,0.8809958587243724,0.8990657609358521,296.0900016177758,64.85910185336827,1.0,491.66999999999996,normal,0.0,none,0.0
1526,100.0,30.0,1410.3709477649998,2880.0,1268.9805772557063,19.178284153275097,0.8790964655534237,0.8999242285235401,296.52774205640037,64.67618854234333,1.0,491.66999999999996,normal,0.0,none,0.0
1527,100.0,30.0,1409.8984524214093,2880.0,1270.882734228527,19.18445009695095,0.8795488246427606,0.8988616732730391,294.8811736168816,65.05823977042346,1.0,491.66999999999996,normal,0.0,none,0.0
1528,100.0,30.0,1409.8885519095768,2880.0,1269.6943931657308,19.184579296104232,0.879558308205827,0.899525487066381,296.07991406709016,64.79527446686946,1.0,491.66999999999996,normal,0.0,none,0.0
1529,100.0,30.0,1410.128887054685,2880.0,1269.4102508472947,19.1814429837825,0.8793281522602387,0.8996842105138451,296.2311645960142,64.75160373467534,1.0,491.66999999999996,normal,0.0,none,0.0
1530,100.0,30.0,1408.2003070013222,2880.0,1268.4882628358625,19.20661046139835,0.8811784508503183,0.9001992380412492,298.23449307933663,64.40103645653419,1.0,491.66999999999996,normal,0.0,none,0.0
1531,100.0,30.0,1406.8570323499325,2880.0,1268.5396942267737,19.224139852860134,0.8824718090760555,0.9001705081860196,298.9327889275827,64.30923794551435,1.0,491.66999999999996,normal,0.0,none,0.0
1532,100.0,30.0,1409.7302885783172,2880.0,1268.837534685659,19.186644592196007,0.8797099342260628,0.9000041328826549,297.02919549708156,64.59514715409355,1.0,491.66999999999996,normal,0.0,none,0.0
1533,100.0,30.0,1409.1602581696259,2880.0,1268.0657536816746,19.19408334358518,0.8802564919784436,0.9004352539571711,298.1232917209211,64.38303841604275,1.0,491.66999999999996,normal,0.0,none,0.0
1534,100.0,30.0,1407.2669607981588,2880.0,1270.3582025356582,19.218790391204735,0.8820767113258591,0.8991546795350225,296.87699651994683,64.73654279884042,1.0,491.66999999999996,normal,0.0,none,0.0
1535,100.0,30.0,1408.532646407392,2880.0,1268.4730238932868,19.202273516946114,0.8808590460581778,0.9002077505976142,298.0642555110625,64.42326834534988,1.0,491.66999999999996,normal,0.0,none,0.0
1536,100.0,30.0,1411.0691158593631,2880.0,1267.4652496491317,19.169173237782452,0.8784289022574294,0.9007706987820948,297.6614237304012,64.39925267287713,1.0,491.66999999999996,normal,0.0,none,0.0
1537,100.0,30.0,1408.1075661703503,2880.0,1270.3794267088451,19.207820705579547,0.8812676235608039,0.8991428235962226,296.3863484012863,64.80669845013747,1.0,491.66999999999996,normal,0.0,none,0.0
1538,100.0,30.0,1409.436994647588,2880.0,1271.9336146589799,19.19047200315757,0.879991066132108,0.8982746457379923,294.0843662820164,65.25498871556672,1.0,491.66999999999996,normal,0.0,none,0.0
1539,100.0,30.0,1410.7423753679798,2880.0,1266.9687797420543,19.1734371178266,0.8787411935403157,0.9010480295776173,298.34331023838035,64.26635510113086,1.0,491.66999999999996,normal,0.0,none,0.0
1540,100.0,30.0,1409.9143641008595,2880.0,1270.8298816255701,19.184242453594017,0.8795335834939926,0.8988911970250619,294.92534015044487,65.04779292212703,1.0,491.66999999999996,normal,0.0,none,0.0
1541,100.0,30.0,1409.1884340528597,2880.0,1269.7801415197243,19.19371565549811,0.8802294603644585,0.899477587568569,296.3846838369561,64.75947207196694,1.0,491.66999999999996,normal,0.0,none,0.0
1542,100.0,30.0,1409.9189631589509,2880.0,1267.5214122885359,19.184182437059384,0.8795291783422244,0.900739326025675,298.2471015183006,64.3231144222276,1.0,491.66999999999996,normal,0.0,none,0.0
1543,100.0,30.0,1410.6408581620535,2880.0,1270.4656929795415,19.174761891461653,0.8788382666410657,0.8990946347873182,294.8853143306088,65.02447209006817,1.0,491.66999999999996,normal,0.0,none,0.0
1544,100.0,30.0,1409.2670144772785,2880.0,1267.1095227064545,19.192690201009373,0.8801540799921489,0.9009694097907482,299.02544818974457,64.18413655827307,1.0,491.66999999999996,normal,0.0,none,0.0
1545,100.0,30.0,1408.13820628431,2880.0,1270.0355083248662,19.207420859910254,0.8812381603014898,0.8993349382796384,296.7145866783887,64.73365895128484,1.0,491.66999999999996,normal,0.0,none,0.0
1546,100.0,30.0,1408.4511211069992,2880.0,1270.248683067883,19.20333740131492,0.8809373769669196,0.8992158577065296,296.3258077736343,64.80480909035268,1.0,491.66999999999996,normal,0.0,none,0.0
1547,100.0,30.0,1407.5270560960437,2880.0,1270.8745787378373,19.2153962139311,0.8818262093469068,0.8988662289745802,296.2133891540635,64.87011363263186,1.0,491.66999999999996,normal,0.0,none,0.0
1548,100.0,30.0,1408.0442866570604,2880.0,1270.0201564990775,19.208646487082103,0.8813284788107917,0.8993435138931813,296.78244239429137,64.72298809901426,1.0,491.66999999999996,normal,0.0,none,0.0
1549,100.0,30.0,1407.3328421704598,2880.0,1267.7863672706249,19.217930656105953,0.8820132464547946,0.9005913207288525,299.4245424663784,64.18288393398441,1.0,491.66999999999996,normal,0.0,none,0.0
1550,100.0,30.0,1410.4885123600861,2880.0,1269.7798301158725,19.17674996530603,0.8789839834705918,0.8994777615204576,295.6591195613287,64.861012891328,1.0,491.66999999999996,normal,0.0,none,0.0
1551,100.0,30.0,1408.613701017396,2880.0,1266.960518383337,19.201215774966784,0.8807811812052238,0.9010526444176156,299.54013243918587,64.10231449992801,1.0,491.66999999999996,normal,0.0,none,0.0
1552,100.0,30.0,1409.5014330382753,2880.0,1268.7649872403074,19.189631098600668,0.8799292844082756,0.9000446582809635,297.22988533250157,64.56158026348474,1.0,491.66999999999996,normal,0.0,none,0.0
1553,100.0,30.0,1408.637467069663,2880.0,1268.6089913649505,19.20090563404865,0.880758353032644,0.9001317984270109,297.86905755534974,64.46089362766642,1.0,491.66999999999996,normal,0.0,none,0.0
1554,100.0,30.0,1410.7786677372383,2880.0,1270.3002968342798,19.17296351166784,0.8787064951406617,0.8991870259753598,294.9744350950522,64.99872948477575,1.0,491.66999999999996,normal,0.0,none,0.0
1555,100.0,30.0,1409.1825347565668,2880.0,1266.6690103089404,19.193792639809516,0.8802351199431516,0.9012154824164977,299.5158683735689,64.08272371021826,1.0,491.66999999999996,normal,0.0,none,0.0
1556,100.0,30.0,1407.7454480199826,2880.0,1267.4494412844138,19.212546255046774,0.8816159824241621,0.9007795294207714,299.53303936343355,64.14165961750733,1.0,491.66999999999996,normal,0.0,none,0.0
1557,100.0,30.0,1409.1281577595794,2880.0,1267.5044273838614,19.194502245745817,0.8802872907610364,0.9007488138859825,298.7057184745331,64.25890452908183,1.0,491.66999999999996,normal,0.0,none,0.0
1558,100.0,30.0,1410.12356338074,2880.0,1269.1192430776941,19.181512456369134,0.8793332491497932,0.8998467690397418,296.5265235829505,64.68734137033542,1.0,491.66999999999996,normal,0.0,none,0.0
1559,100.0,30.0,1410.287974289293,2880.0,1271.0803976846905,19.179366935962243,0.8791758692786605,0.8987512573892923,294.4653022425115,65.13285874397104,1.0,491.66999999999996,normal,0.0,none,0.0
1560,100.0,30.0,1486.459407768716,2880.0,1268.512832475634,18.185349164328624,0.8803335490116362,0.9001855133065848,269.5901307182005,67.45554488913233,1.0,518.67,normal,0.0,none,0.0
1561,100.0,30.0,1486.0702827601688,2880.0,1267.8672989873025,18.190427146404247,0.880687652484509,0.9005461118308925,270.4564170315067,67.25825678702664,1.0,518.67,normal,0.0,none,0.0
1562,100.0,30.0,1486.5593536704089,2880.0,1267.8484935230924,18.184044895812903,0.8802426442713238,0.9005566166656775,270.2022635098249,67.297899949501,1.0,518.67,normal,0.0,none,0.0
1563,100.0,30.0,1486.8731931215486,2880.0,1268.105786520551,18.179949371052203,0.8799573169037725,0.9004128913952224,269.76831774556285,67.39097282802116,1.0,518.67,normal,0.0,none,0.0
1564,100.0,30.0,1487.6257793778968,2880.0,1268.1830959518052,18.170128312430545,0.8792738555973136,0.9003697059256391,269.2703939936556,67.47911659704653,1.0,518.67,normal,0.0,none,0.0
1565,100.0,30.0,1486.0914118819057,2880.0,1270.0437783976274,18.19015141675671,0.880668417685286,0.8993303185719278,268.25740829305903,67.80857062812147,1.0,518.67,normal,0.0,none,0.0
1566,100.0,30.0,1486.7692107077032,2880.0,1269.9612891943837,18.181306315021597,0.8800518320989928,0.8993763974903707,267.9618127004868,67.85036319836989,1.0,518.67,normal,0.0,none,0.0
1567,100.0,30.0,1487.4058294753147,2880.0,1270.8587506245808,18.172998602538645,0.8794734933034839,0.8988750706448979,266.70529464350443,68.13887450877138,1.0,518.67,normal,0.0,none,0.0
1568,100.0,30.0,1485.435654900475,2880.0,1266.937173181245,18.198708878046858,0.8812657749251666,0.9010656851747201,271.7463643937341,66.96946587914124,1.0,518.67,normal,0.0,none,0.0
1569,100.0,30.0,1486.2353200883085,2880.0,1265.3143627014886,18.188273451381583,0.8805374338542273,0.9019721959519439,272.93356172649067,66.63993001200866,1.0,518.67,normal,0.0,none,0.0
1570,100.0,30.0,1487.0344805085786,2880.0,1263.4175561729537,18.177844611804222,0.8798107543034316,0.9030317624151106,274.39895383001954,66.2460419694776,1.0,518.67,normal,0.0,none,0.0
1571,100.0,30.0,1487.0766193509521,2880.0,1268.3880931891579,18.177294710663045,0.8797724705846368,0.9002551933517561,269.3709145945278,67.48053975324147,1.0,518.67,normal,0.0,none,0.0
1572,100.0,30.0,1487.2640560908976,2880.0,1268.1784063548378,18.17484870903156,0.8796022220860598,0.9003723255600603,269.4770711500868,67.44487993529134,1.0,518.67,normal,0.0,none,0.0
1573,100.0,30.0,1485.9077792156534,2880.0,1269.048863228639,18.192547776197113,0.8808356149278862,0.8998860836069469,269.35939099242455,67.54005386323716,1.0,518.67,normal,0.0,none,0.0
1574,100.0,30.0,1484.8754631977797,2880.0,1268.416814833642,18.206019236833146,0.8817767198471176,0.9002391492846334,270.5710202666062,67.28739544572775,1.0,518.67,normal,0.0,none,0.0
1575,100.0,30.0,1486.5287413540318,2880.0,1270.4721957478841,18.184444378730838,0.8802704853861102,0.8990910023054863,267.58305085366635,67.95813232832674,1.0,518.67,normal,0.0,none,0.0
1576,100.0,30.0,1486.366027437471,2880.0,1269.0848650753458,18.186567753825216,0.8804184990745504,0.8998659727791907,269.0673588632251,67.5911334271876,1.0,518.67,normal,0.0,none,0.0
1577,100.0,30.0,1487.4958663859645,2880.0,1270.2349562320076,18.17182364382774,0.8793917602706627,0.8992235255918517,267.28127516879954,67.98764197885338,1.0,518.67,normal,0.0,none,0.0
1578,100.0,30.0,1483.8957151341006,2880.0,1269.3166029316887,18.21880469907975,0.8826717633797567,0.899736522749821,270.21377145221436,67.4236720103721,1.0,518.67,normal,0.0,none,0.0
1579,100.0,30.0,1488.4318328283684,2880.0,1270.0948699716434,18.159609520567823,0.8785430145792187,0.8993017785402675,266.89936525370524,68.03916338769082,1.0,518.67,normal,0.0,none,0.0
1580,100.0,30.0,1486.8829689634836,2880.0,1267.8663050805576,18.17982179880928,0.8799484321605238,0.9005466670326165,270.00366671735196,67.33175893437206,1.0,518.67,normal,0.0,none,0.0
1581,100.0,30.0,1486.2162417583718,2880.0,1267.633676631774,18.188522418719387,0.8805547965217253,0.9006766145517765,270.6098732162044,67.21307764032551,1.0,518.67,normal,0.0,none,0.0
1582,100.0,30.0,1487.5362129546359,2880.0,1268.235486207168,18.171297131401072,0.8793551396933627,0.9003404404435016,269.26772893401824,67.4841251988789,1.0,518.67,normal,0.0,none,0.0
1583,100.0,30.0,1487.7910132641382,2880.0,1269.9542009595302,18.167972052374807,0.8791239405358894,0.899380357016986,267.3984250289061,67.9434519870894,1.0,518.67,normal,0.0,none,0.0
1584,100.0,30.0,1487.836928664918,2880.0,1270.972354062521,18.16737286811002,0.8790822910254997,0.8988116111454018,266.3505728713493,68.2084993182466,1.0,518.67,normal,0.0,none,0.0
1585,100.0,30.0,1485.656826682213,2880.0,1267.6121996676363,18.19582264272754,0.881064209488858,0.9006886117009789,270.9438140201959,67.15718057091807,1.0,518.67,normal,0.0,none,0.0
1586,100.0,30.0,1485.7529177741087,2880.0,1268.7745560960093,18.194568678496108,0.8809766653699781,0.9000393130660244,269.72152253972104,67.45686627887343,1.0,518.67,normal,0.0,none,0.0
1587,100.0,30.0,1485.9723592240086,2880.0,1271.9979447557912,18.19170502356578,0.8807768076988651,0.8982387105953574,266.36259454488913,68.2967706282047,1.0,518.67,normal,0.0,none,0.0
1588,100.0,30.0,1485.8776127488422,2880.0,1268.5278582448775,18.19294144089197,0.8808630875180453,0.900177119830005,269.8998623306036,67.40626424850568,1.0,518.67,normal,0.0,none,0.0
1589,100.0,30.0,1486.1367912775765,2880.0,1160.1557268118702,18.18955922722184,0.8806271096001491,0.9003800232990486,270.12031563989865,67.33873083233995,1.0,518.67,normal,0.0,EGT,-108.00889926388595
1590,100.0,30.0,1487.913387179795,2880.0,1271.526682562473,18.1663751039994,0.8790129448454631,0.8985019602246089,265.75161484129796,68.35847494228034,1.0,518.67,normal,0.0,none,0.0
1591,100.0,30.0,1487.610252250341,2880.0,1267.8336339910106,18.170330937483374,0.8792879458338171,0.900564917281273,269.63045493732545,67.3897573688662,1.0,518.67,normal,0.0,none,0.0
1592,100.0,30.0,1486.0676036994646,2880.0,1271.2937856257086,18.19046210746287,0.8806900914151754,0.8986320577226181,267.0158660304679,68.12502334744124,1.0,518.67,normal,0.0,none,0.0
1593,100.0,30.0,1487.9068200772817,2880.0,1270.1396497464168,18.16646080301159,0.8790189006325317,0.8992767643140592,267.1475292387445,68.00160516093182,1.0,518.67,normal,0.0,none,0.0
1594,100.0,30.0,1487.2194905352162,2880.0,1271.2832389213463,18.175430278162228,0.8796426949397332,0.8986379491691474,266.38331257595064,68.23036361551398,1.0,518.67,normal,0.0,none,0.0
1595,100.0,30.0,1488.3932735576514,2880.0,1270.316160037508,18.160112709212214,0.8785779482338598,0.8991781647035925,266.6986854721764,68.09224678802096,1.0,518.67,normal,0.0,none,0.0
1596,100.0,30.0,1486.7313466273356,2880.0,1270.958400537982,18.181800431609307,0.880086253836225,0.8988194056602465,266.98186101174804,68.10125737646743,1.0,518.67,normal,0.0,none,0.0
1597,100.0,30.0,1486.95365304838,2880.0,1266.9499413319795,18.178899389536546,0.8798841964900282,0.9010585528161419,270.8859682928859,67.10904778161581,1.0,518.67,normal,0.0,none,0.0
1598,100.0,30.0,1488.2605424530186,2880.0,1269.214506735104,18.1618448162611,0.8786982202625865,0.8997935542415895,267.8793227560318,67.79860658674953,1.0,518.67,normal,0.0,none,0.0
1599,100.0,30.0,1485.7001288643291,2880.0,1269.593705742573,18.19525756029955,0.8810247567337508,0.8995817316096362,268.9279242713435,67.65849106075298,1.0,518.67,normal,0.0,none,0.0
1600,100.0,30.0,1487.4577820731276,2880.0,1266.7620752839662,18.17232063439298,0.8794263303091416,0.9011634958143065,270.7935347071731,67.10766065387755,1.0,518.67,normal,0.0,none,0.0
1601,100.0,30.0,1487.1632257682993,2880.0,1266.8676968620791,18.17616451901444,0.8796937979210284,0.9011044950252056,270.85171187663434,67.10743821066633,1.0,518.67,normal,0.0,none,0.0
1602,100.0,30.0,1486.3545237121605,2880.0,1269.4586842572933,18.186717874505323,0.8804289653911272,0.8996571553470902,268.69819302931796,67.68455593045597,1.0,518.67,normal,0.0,none,0.0
1603,100.0,30.0,1486.2987746324752,2880.0,1268.2712734156162,18.18744538577074,0.8804796905305975,0.900320449513846,269.92265264736534,67.3802113582936,1.0,518.67,normal,0.0,none,0.0
1604,100.0,30.0,1485.704380965973,2880.0,1269.8265662484216,18.195202071458024,0.8810208828210024,0.899451654462135,268.69165104601416,67.71777984401179,1.0,518.67,normal,0.0,none,0.0
1605,100.0,30.0,1486.7808999937567,2880.0,1268.9550569231133,18.18115377282114,0.8800412060667816,0.8999384843203954,268.9661647067493,67.5964346394419,1.0,518.67,normal,0.0,none,0.0
1606,100.0,30.0,1486.0521632776997,2880.0,1270.6801806504113,18.19066360102725,0.8807041481416398,0.8989748208055558,267.6403400586838,67.96682292751046,1.0,518.67,normal,0.0,none,0.0
1607,100.0,30.0,1485.7086680758086,2880.0,1367.9577499496343,18.195146125768538,0.8810169770482379,0.9004663287721705,270.5146982787961,67.26121072732384,1.0,518.67,normal,0.0,EGT,99.94762554088676
1608,100.0,30.0,1488.2772547070492,2880.0,1266.6819346207706,18.161626725610162,0.8786830749263671,0.9012082628254805,270.416643311235,67.16164546391144,1.0,518.67,normal,0.0,none,0.0
1609,100.0,30.0,1484.3745570090846,3454.247230882761,1267.051477839832,18.21255593478854,0.8822340930807977,0.9010018339695495,272.2238025852665,66.90287830023227,1.0,518.67,normal,0.0,TIT,574.247230882761
1610,100.0,30.0,1485.2588369209611,2880.0,1268.6921037754435,18.201016307564096,0.8814269847672265,0.9000853713816026,270.0802546715221,67.39114019905156,1.0,518.67,normal,0.0,none,0.0
1611,100.0,30.0,1488.6576400829392,2880.0,1272.1462266005606,18.156662793510783,0.8783384950802615,0.8981558795488325,264.71458797238677,68.58958145292983,1.0,518.67,normal,0.0,none,0.0
1612,100.0,30.0,1486.5456776486803,2880.0,1269.9046773193345,18.184223364406996,0.8802550820438677,0.89940802119227,268.1434751704105,67.81527446398076,1.0,518.67,normal,0.0,none,0.0
1613,100.0,30.0,1487.8334749555895,2880.0,1268.9572606330223,18.16741793813554,0.8790854237216726,0.8999372533160314,268.37626244416026,67.69383317541187,1.0,518.67,normal,0.0,none,0.0
1614,100.0,30.0,1486.1494521816273,2880.0,1271.4456195712628,18.189394005654425,0.8806155852878613,0.8985472424532379,266.8178133011859,68.17158787341573,1.0,518.67,normal,0.0,none,0.0
1615,100.0,30.0,1487.3203289675614,2880.0,1266.142004589653,18.174114362349222,0.8795511223797197,0.9015098706831204,271.49437594145513,66.94103441121842,1.0,518.67,normal,0.0,none,0.0
1616,100.0,30.0,1488.0106872891147,2880.0,1267.2879108759623,18.16510536239907,0.8789247116197786,0.900869761187165,269.9557675779055,67.28919157897552,1.0,518.67,normal,0.0,none,0.0
1617,100.0,30.0,1487.3598156692697,2880.0,1267.8678683892713,18.17359907096703,0.879515269238451,0.90054579375985,269.7358552278124,67.37554062146484,1.0,518.67,normal,0.0,none,0.0
1618,100.0,30.0,1485.6204803144901,2880.0,1267.5179111746234,18.196296953552483,0.8810973275072028,0.9007412817669851,271.058942620215,67.13040631552822,1.0,518.67,normal,0.0,none,0.0
1619,100.0,30.0,1485.827027203151,2880.0,1270.9064840978897,18.193601569356254,0.8809091596022138,0.898848406466592,267.5388811101625,68.00357949417008,1.0,518.67,normal,0.0,none,0.0
1620,100.0,30.0,1485.6025570556521,2880.0,1270.3714008488255,18.196530847507162,0.8811136597067413,0.8991473068853651,268.201370150874,67.8465245620143,1.0,518.67,normal,0.0,none,0.0
1621,100.0,30.0,1486.5407740310975,2880.0,1268.3826280880837,18.184287355365285,0.8802595417655715,0.9002582461869972,269.67558889137547,67.43023137585458,1.0,518.67,normal,0.0,none,0.0
1622,100.0,30.0,1486.2928049837828,2880.0,1268.2417227511287,18.187523288163014,0.8804851225588696,0.9003369566760602,269.95569496565304,67.37225265974494,1.0,518.67,normal,0.0,none,0.0
1623,100.0,30.0,1487.755463660435,2880.0,1271.2614285029701,18.168435965632593,0.8791561900214753,0.8986501325877043,266.1059473604979,68.27519695010622,1.0,518.67,normal,0.0,none,0.0
1624,100.0,30.0,1485.8674438902992,2880.0,1268.5122573453082,18.193074141901356,0.8808723486799618,0.9001858345775189,269.9212220088724,67.40142181670822,1.0,518.67,normal,0.0,none,0.0
1625,100.0,30.0,1485.5633627251261,2880.0,1148.7526436695184,18.19704232352003,0.8811493768409578,0.8999552670658122,269.6761487920585,67.47738873099742,1.0,518.67,normal,0.0,EGT,-120.17236924769252
1626,100.0,30.0,1488.3746345793152,2880.0,1267.1153946680477,18.160355943123736,0.8785948356393231,0.9009661296810041,269.9261192990173,67.27898726616432,1.0,518.67,normal,0.0,none,0.0
1627,100.0,30.0,1487.2338768528055,2880.0,1268.2326881429506,18.175242540388382,0.879629629390339,0.900342003457421,269.4393463782285,67.4557847051584,1.0,518.67,normal,0.0,none,0.0
1628,100.0,30.0,1487.5390766540286,2880.0,1265.9013498891409,18.171259760854678,0.8793525405715205,0.9016443017102337,271.6145236026059,66.90091354408096,1.0,518.67,normal,0.0,none,0.0
1629,100.0,30.0,1487.7915703589058,2880.0,1269.4489906554672,18.167964782430232,0.8791234351758168,0.8996625702458938,267.9055803728976,67.81480533978521,1.0,518.67,normal,0.0,none,0.0
1630,100.0,30.0,1486.7080336432118,2880.0,1270.8001278022393,18.182104660103775,0.8801074487026973,0.8989078176729131,267.153740684431,68.05858159995203,1.0,518.67,normal,0.0,none,0.0
1631,100.0,30.0,1486.4627382241986,2880.0,1265.9593357766846,18.18530570273435,0.8803305195285877,0.9016119104774675,272.15709798759883,66.81914907676956,1.0,518.67,normal,0.0,none,0.0
1632,100.0,30.0,1487.366128219324,2880.0,1268.1375595299478,18.173516693799478,0.8795095378393063,0.9003951428190318,269.46114944039084,67.44392181040463,1.0,518.67,normal,0.0,none,0.0
1633,100.0,30.0,1489.8605792979683,2880.0,1268.9146232339203,18.14096474368667,0.8772505646139614,0.8999610707995152,267.2873106852792,67.87065460450151,1.0,518.67,normal,0.0,none,0.0
1634,100.0,30.0,1487.170756508684,2880.0,1270.310184990181,18.1760662447739,0.8796869577140738,0.8991815023975896,267.3872569414849,67.9765612343731,1.0,518.67,normal,0.0,none,0.0
1635,100.0,30.0,1485.637904707093,2880.0,1269.4289656584042,18.19606956967488,0.8810814504696285,0.8996737563183762,269.1281613969255,67.61116887666869,1.0,518.67,normal,0.0,none,0.0
1636,100.0,30.0,1487.0215279917209,2880.0,1269.5201734925315,18.178013638844355,0.8798225225129064,0.8996228071252109,268.26401034511,67.76165619629383,1.0,518.67,normal,0.0,none,0.0
1637,100.0,30.0,1488.9396731207196,2880.0,1270.871384022596,18.152982334328964,0.8780831841282349,0.8988680135599231,265.8362179626357,68.2863398879698,1.0,518.67,normal,0.0,none,0.0
1638,100.0,30.0,1485.770011948855,2880.0,1272.6221084524661,18.194345603877274,0.8809610934861202,0.89789004935312,265.849636352213,68.43848219439485,1.0,518.67,normal,0.0,none,0.0
1639,100.0,30.0,1487.6700496007848,2880.0,1269.5605010287695,18.16955059731748,0.8792336846503843,0.8996002799437103,267.86140743259637,67.83190893928831,1.0,518.67,normal,0.0,none,0.0
1640,100.0,30.0,1484.9117316188215,2880.0,1267.4690000898067,18.205545943192508,0.8817436218672916,0.9007686037654964,271.50385751519843,67.05446511813699,1.0,518.67,normal,0.0,none,0.0
1641,100.0,30.0,1487.439606715079,2880.0,1266.5096289768667,18.172557818178042,0.8794428294729469,0.9013045136971156,271.0577390179885,67.04312477487328,1.0,518.67,normal,0.0,none,0.0
1642,100.0,30.0,1487.641616873653,2880.0,1267.0384707447647,18.16992163715189,0.8792594841794988,0.901009099803734,270.4127808954189,67.19327975913623,1.0,518.67,normal,0.0,none,0.0
1643,100.0,30.0,1488.3235502076236,2880.0,1266.9236168203497,18.161022581140045,0.878641122754077,0.9010732578317892,270.1475965128674,67.22629708932102,1.0,518.67,normal,0.0,none,0.0
1644,100.0,30.0,1487.2732572827256,2880.0,1270.6861330565346,18.17472863582591,0.879593866354529,0.8989714957590588,266.95258722965696,68.08223446881357,1.0,518.67,normal,0.0,none,0.0
1645,100.0,30.0,1487.065187348602,2880.0,1268.3484393905944,18.17744389537682,0.8797828563869237,0.9002773441797203,269.4171613204637,67.46951013174431,1.0,518.67,normal,0.0,none,0.0
1646,100.0,30.0,1487.3708491609937,2880.0,1267.8532610377765,18.173455086715244,0.8795052515694743,0.9005539535059953,269.7443842191391,67.37287650797288,1.0,518.67,normal,0.0,none,0.0
1647,100.0,30.0,1487.468053837268,2880.0,1267.734359784637,18.17218659049181,0.8794170061163359,0.9006203723939313,269.8096853270498,67.35186903488803,1.0,518.67,normal,0.0,none,0.0
1648,100.0,30.0,1486.3399534485436,2880.0,1268.9539960224408,18.1869080127279,0.8804422220620366,0.8999390769452921,269.2134259938108,67.55572440560975,1.0,518.67,normal,0.0,none,0.0
1649,100.0,30.0,1487.312074449521,2880.0,1268.5736491233415,18.174222081703494,0.8795586176876341,0.9001515407957653,269.05292631214206,67.54887349048435,1.0,518.67,normal,0.0,none,0.0
1650,100.0,30.0,1486.221233351335,2880.0,1265.1539575337715,18.188457279704835,0.8805502537430338,0.9020617991527317,273.10299529765086,66.59925959391806,1.0,518.67,normal,0.0,none,0.0
1651,100.0,30.0,1485.793804754897,2880.0,1267.0977430879861,18.194035113829205,0.8809394204217982,0.9009759899498159,271.38484159610573,67.04145672552656,1.0,518.67,normal,0.0,none,0.0
1652,100.0,30.0,1483.440203973515,2880.0,1267.9212786864996,18.224749003500932,0.8830885121948603,0.9005159584767679,271.8705960803137,67.03464540209832,1.0,518.67,normal,0.0,none,0.0
1653,100.0,30.0,1486.2933314408256,2880.0,1267.5846249754072,18.187516418032935,0.8804846435113117,0.9007040150743216,270.6161662030278,67.20779720302401,1.0,518.67,normal,0.0,none,0.0
1654,100.0,30.0,1487.9375477451802,2880.0,1269.6395936695267,18.166059814785733,0.8789910340224117,0.8995560983635813,267.6326034523971,67.87685648328294,1.0,518.67,normal,0.0,none,0.0
1655,100.0,30.0,1487.3834284120426,2880.0,1267.6855926569249,18.173290930698677,0.8794938307333077,0.9006476139772196,269.90598001128103,67.33193140047918,1.0,518.67,normal,0.0,none,0.0
1656,100.0,30.0,1487.0178927354527,2880.0,1268.597489510697,18.178061078011115,0.8798258254377788,0.9001382234254743,269.1932143228536,67.52793202361141,1.0,518.67,normal,0.0,none,0.0
1657,100.0,30.0,1485.6313153261897,2880.0,1267.2997447176635,18.196155559414375,0.8810874546201485,0.9008631507387042,271.2723457965508,67.07707527644986,1.0,518.67,normal,0.0,none,0.0
1658,100.0,30.0,1487.0041863781858,2880.0,1270.044339918834,18.17823994247625,0.8798382789969588,0.8993300049031218,267.74721195716666,67.89329311628592,1.0,518.67,normal,0.0,none,0.0
1659,100.0,30.0,1485.5788373477842,2880.0,1267.4595347052139,18.196840383642716,0.8811352747316532,0.9007738911809099,271.14091101321526,67.11211641077585,1.0,518.67,normal,0.0,none,0.0
1660,100.0,30.0,1488.5966310241272,2880.0,1269.405532763628,18.157458946161714,0.8783937431817046,0.8996868460610917,267.4997475636916,67.87841525659171,1.0,518.67,normal,0.0,none,0.0
1661,100.0,30.0,1486.6441697102082,2880.0,1267.4506938745042,18.18293806813448,0.8801655154620167,0.9007788297171211,270.55499314349163,67.2060709612961,1.0,518.67,normal,0.0,none,0.0
1662,100.0,30.0,1485.825993092897,2880.0,1268.3366925996115,18.19361506423121,0.8809101014949398,0.9002839060011755,270.12085398586623,67.35361152524408,1.0,518.67,normal,0.0,none,0.0
1663,100.0,30.0,1486.182783600844,2880.0,1268.7301173308963,18.18895903913822,0.8805852475313588,0.9000641368023782,269.52617764549393,67.48494412688196,1.0,518.67,normal,0.0,none,0.0
1664,100.0,30.0,1487.568156471951,2880.0,1269.3126415325646,18.170880276650553,0.8793261483118194,0.8997387356089588,268.1673050840874,67.7594916761118,1.0,518.67,normal,0.0,none,0.0
1665,100.0,30.0,1486.8053386340844,2880.0,1268.9070150903344,18.180834854800423,0.8800189911866401,0.8999653207499815,269.00079926090496,67.5865458569391,1.0,518.67,normal,0.0,none,0.0
1666,100.0,30.0,1488.9051513058455,2880.0,1269.5564969121556,18.15343283520477,0.8781144270955565,0.8996025166650706,267.17583133554785,67.94563993479544,1.0,518.67,normal,0.0,none,0.0
1667,100.0,30.0,1486.7643996124102,2880.0,1269.3486340222341,18.18136909858761,0.8800562056530892,0.8997186300080943,268.579907783222,67.69444985163327,1.0,518.67,normal,0.0,none,0.0
1668,100.0,30.0,1487.0978580414817,2880.0,1267.9713446248052,18.177017551170724,0.8797531762044885,0.9004879913708046,269.7780615604745,67.3776712829412,1.0,518.67,normal,0.0,none,0.0
1669,100.0,30.0,1488.0147335271251,2880.0,1271.7594093264452,18.16505256002544,0.8789210428129514,0.8983719577860488,265.46154559989134,68.42818804123198,1.0,518.67,normal,0.0,none,0.0
1670,100.0,30.0,1487.209432054976,2880.0,1267.4770368176974,18.175561538762924,0.8796518302091634,0.9007641144055019,270.21289098257705,67.26385803679092,1.0,518.67,normal,0.0,none,0.0
1671,100.0,30.0,1484.9731774689772,2880.0,1267.4447889518478,18.20474409052599,0.8816875530394866,0.9007821282390948,271.49390340512787,67.05397013413062,1.0,518.67,normal,0.0,none,0.0
1672,100.0,30.0,1488.4442823533357,2880.0,1269.260910652211,18.15944705744352,0.8785317362401311,0.8997676327606232,267.7301100774705,67.82743656359344,1.0,518.67,normal,0.0,none,0.0
1673,100.0,30.0,1486.543970794822,2880.0,1268.527014560092,18.184245638414342,0.8802566343810815,0.9001775911169236,269.52866049189674,67.46683490070268,1.0,518.67,normal,0.0,none,0.0
1674,100.0,30.0,1486.233264503518,2880.0,1270.4866088760707,18.18830027623861,0.8805393045529428,0.8990829510535393,267.7335549295086,67.93433225442135,1.0,518.67,normal,0.0,none,0.0
1675,100.0,30.0,1486.7547882065298,2880.0,1268.0924829722906,18.181494524981986,0.8800649430875508,0.9004203228297761,269.84780341141106,67.37684833870003,1.0,518.67,normal,0.0,none,0.0
1676,100.0,30.0,1485.918698729252,2880.0,1270.2873075982525,18.19240527933078,0.8808256709533037,0.8991942818333872,268.1092935674393,67.85443740970032,1.0,518.67,normal,0.0,none,0.0
1677,100.0,30.0,1487.2061146909791,2880.0,1273.6852327630227,18.17560482951665,0.8796548431327571,0.8972961823199267,263.98222973480927,68.85162250419457,1.0,518.67,normal,0.0,none,0.0
1678,100.0,30.0,1487.5104335443211,2880.0,1269.7837262708981,18.171633546128017,0.8793785380324223,0.899475585107029,267.72630020783777,67.87392023877092,1.0,518.67,normal,0.0,none,0.0
1679,100.0,30.0,1487.9492569902484,2880.0,1268.5484589744012,18.16590701212523,0.8789804154918326,0.9001656121502327,268.72248662051834,67.60099327965273,1.0,518.67,normal,0.0,none,0.0
1680,100.0,30.0,1564.289544435816,2880.0,1272.8893153529298,17.1696857393168,0.8799440545679548,0.8977407861224224,236.81667294995236,72.5020140070347,1.0,545.67,normal,0.0,none,0.0
1681,100.0,30.0,1563.975408025457,2880.0,1270.506793398692,17.173785139319538,0.8802155079693018,0.899071675869211,239.3822601479776,71.74209621340911,1.0,545.67,normal,0.0,none,0.0
1682,100.0,30.0,1563.662936435516,2880.0,1271.1396678494561,17.1778628138406,0.8804856889591905,0.8987181487522714,238.92146560564674,71.89752821202606,1.0,545.67,normal,0.0,none,0.0
1683,100.0,30.0,1564.1900565132892,2880.0,1269.3518444044155,17.17098403132126,0.8800300065385309,0.8997168366711135,240.42235725804449,71.42008017537115,1.0,545.67,normal,0.0,none,0.0
1684,100.0,30.0,1563.874082291373,2880.0,1268.6217036458067,17.175107414295898,0.8803031018849503,0.9001246972776513,241.332503060441,71.1678170014026,1.0,545.67,normal,0.0,none,0.0
1685,100.0,30.0,1564.5202114394172,2880.0,1271.5951253939902,17.166675593774894,0.8797448358249785,0.8984637276859557,237.98580220360964,72.13319212667939,1.0,545.67,normal,0.0,none,0.0
1686,100.0,30.0,1565.9374536368036,2880.0,1269.890191480273,17.14818094471079,0.8785227920365389,0.8994161130609079,238.90594900164888,71.77795704280447,1.0,545.67,normal,0.0,none,0.0
1687,100.0,30.0,1564.2343699861055,2880.0,1269.9338018820981,17.170405751807667,0.8799917201160704,0.8993917520528009,239.81303794691496,71.59913363679797,1.0,545.67,normal,0.0,none,0.0
1688,100.0,30.0,1563.5016494346214,2880.0,1269.3447868118346,17.179967568049623,0.8806252119305795,0.8997207790807883,240.81380854144197,71.34128923962056,1.0,545.67,normal,0.0,none,0.0
1689,100.0,30.0,1565.3429652040345,2880.0,1269.342773537125,17.155938867073676,0.8790349872752204,0.8997219037070121,239.78776328480137,71.54634845439205,1.0,545.67,normal,0.0,none,0.0
1690,100.0,30.0,1563.9634322784977,2880.0,1268.263333634535,17.173941419761725,0.8802258598363165,0.9003248847188247,241.64286780245152,71.07158417686803,1.0,545.67,normal,0.0,none,0.0
1691,100.0,30.0,1562.0552898573658,2880.0,1270.042396226956,17.19884219149166,0.8818783791319932,0.8993310906599966,240.92063113861195,71.38800072956987,1.0,545.67,normal,0.0,none,0.0
1692,100.0,30.0,1564.309841233172,2880.0,1268.0820979732716,17.169420871290068,0.8799265213384097,0.9004261239468194,103.29323507771355,71.0561682133208,1.0,545.67,normal,0.0,W_net,-138.33843889244773
1693,100.0,30.0,1564.2518979491513,2880.0,1269.7411259937062,17.17017701636221,0.8799765770407992,0.8994993818540113,239.99677147981572,71.54336664818952,1.0,545.67,normal,0.0,none,0.0
1694,100.0,30.0,1566.0211344436846,2880.0,1269.7594151333421,17.1470889315323,0.8784507428236558,0.899489165440947,238.99057751341877,71.7479706101364,1.0,545.67,normal,0.0,none,0.0
1695,100.0,30.0,1565.4690598910306,2880.0,1271.935856704985,17.154293363581655,0.8789262975872822,0.8982733933188762,237.11421425272158,72.34611985470525,1.0,545.67,normal,0.0,none,0.0
1696,100.0,30.0,1565.146577198944,2880.0,1270.7194078479772,17.15850168043137,0.8792043211583295,0.8989529082792336,238.51491433900628,71.93890465081621,1.0,545.67,normal,0.0,none,0.0
1697,100.0,30.0,1563.549531383936,2880.0,1267.7688753027724,17.179342720828227,0.8805837865452929,0.9006010918374143,242.3711487287294,70.88031232651363,1.0,545.67,normal,0.0,none,0.0
1698,100.0,30.0,1565.2720558806127,2880.0,1269.310787342851,17.156864215651694,0.8790961207104191,0.899739771369437,239.85949083503476,71.52881112155559,1.0,545.67,normal,0.0,none,0.0
1699,100.0,30.0,1566.3801581301177,2880.0,1269.7298869415029,17.14240376402986,0.8781417573378875,0.8995056600498174,238.8197818827416,71.77966426770554,1.0,545.67,normal,0.0,none,0.0
1700,100.0,30.0,1563.7631945853943,2880.0,1267.3681523014704,17.17655447056573,0.8803989819007023,0.9008249378896142,242.6548991131831,70.78593728517288,1.0,545.67,normal,0.0,none,0.0
1701,100.0,30.0,1565.0507709964843,2880.0,1266.9619318265627,17.159751926928354,0.8792869529183087,0.9010518548605275,242.3446795296071,70.80721541003321,1.0,545.67,normal,0.0,none,0.0
1702,100.0,30.0,1565.982148720742,2880.0,1271.0784019799132,17.147597685269425,0.8784843080784865,0.8987523722008562,237.6880577532936,72.14328665627633,1.0,545.67,normal,0.0,none,0.0
1703,100.0,30.0,1563.4040510768232,2880.0,1265.853338330425,17.181241201716496,0.8807096618656379,0.9016711212285633,244.3799200411197,70.30545389664404,1.0,545.67,normal,0.0,none,0.0
1704,100.0,30.0,1563.6539842406041,2880.0,1268.9171530804351,17.177979637700034,0.8804934319881838,0.899959657613466,241.15845054186434,71.23109142185334,1.0,545.67,normal,0.0,none,0.0
1705,100.0,30.0,1566.7719527308996,2880.0,1272.4654619483172,17.137290944456723,0.8778048162534778,0.8979775529439565,235.85562106208465,72.66009123414383,1.0,545.67,normal,0.0,none,0.0
1706,100.0,30.0,1564.0750234892641,2880.0,1269.4859271291261,17.172485182933915,0.8801294095368959,0.8996419373304289,240.35187889546626,71.44726832113747,1.0,545.67,normal,0.0,none,0.0
1707,100.0,30.0,1565.5063442073597,2880.0,1268.7276186469796,17.153806812766717,0.8788941648178479,0.9000655325808301,240.31470099842693,71.38059694849466,1.0,545.67,normal,0.0,none,0.0
1708,100.0,30.0,1564.091545145253,2880.0,1267.154266133569,17.17226957953879,0.8801151313675079,0.9009444158685403,242.68673694516747,70.75899489067952,1.0,545.67,normal,0.0,none,0.0
1709,100.0,30.0,1564.0667007712236,2880.0,1266.6458956904703,17.172593792280782,0.8801366022830127,0.9012283943683344,243.2121374134622,70.60747039563762,1.0,545.67,normal,0.0,none,0.0
1710,100.0,30.0,1564.215533761274,2880.0,1269.0514027701993,17.170651559735624,0.8800079940295488,0.8998846650051927,240.7100094569098,71.33335085847102,1.0,545.67,normal,0.0,none,0.0
1711,100.0,30.0,1562.9943877837843,2880.0,1270.596511014788,17.186587203164358,0.8810643121862471,0.8990215591199586,239.83992575971456,71.65857456269758,1.0,545.67,normal,0.0,none,0.0
1712,100.0,30.0,2114.942727342514,2880.0,1268.1731577162684,17.212905856311696,0.8828144474532662,0.9003752574781667,243.40062326901398,70.71841322808551,1.0,545.67,normal,0.0,T2,553.9651340212528
1713,100.0,30.0,1563.784186736337,2880.0,1267.9049209921454,17.17628052835211,0.8803808292528377,0.9005250959739726,242.1033213618955,70.9460755504343,1.0,545.67,normal,0.0,none,0.0
1714,100.0,30.0,1562.0567220500136,2880.0,1267.4262084446395,17.198823501743036,0.8818771364753316,0.9007925074116726,243.54928075924715,70.61742678166388,1.0,545.67,normal,0.0,none,0.0
1715,100.0,30.0,1566.0859508135673,2880.0,1266.3324794560908,17.14624309444334,0.878394944020996,0.9014034703847675,242.40016667397504,70.73527765970888,1.0,545.67,normal,0.0,none,0.0
1716,100.0,30.0,1564.6195095402775,2880.0,1268.6531072148784,17.165379778894746,0.879659103420555,0.9001071550728393,240.88474152766537,71.25972226399121,1.0,545.67,normal,0.0,none,0.0
1717,100.0,30.0,1565.7076126827358,2880.0,1267.902940982547,17.151180310517063,0.8787207460278247,0.900526202018124,241.0313996136848,71.15745225728377,1.0,545.67,normal,0.0,none,0.0
1718,100.0,30.0,1564.9792771019843,2880.0,1268.6656123468179,17.160684904009788,0.8793486257099324,0.9001001696379934,240.6713022005655,71.30341152892747,1.0,545.67,normal,0.0,none,0.0
1719,100.0,30.0,1564.5537225513292,2880.0,1265.398828669847,17.166238282314858,0.8797159009946393,0.9019250128017359,244.19571492676005,70.2970495918137,1.0,545.67,normal,0.0,none,0.0
1720,100.0,30.0,1561.935578502664,2880.0,1268.7616666689567,17.20040439412596,0.8819822603001456,0.9000465131702148,242.2741581247891,70.99562135416227,1.0,545.67,normal,0.0,none,0.0
1721,100.0,30.0,1564.150740825163,2880.0,1269.513460510329,17.17149709101984,0.8800639777113689,0.8996265570336505,240.28194358010705,71.46395120320423,1.0,545.67,normal,0.0,none,0.0
1722,100.0,30.0,1562.9462477985833,2880.0,1269.4337564972916,17.18721541768823,0.8811060062915028,0.8996710801296667,241.03452346358188,71.30603189416168,1.0,545.67,normal,0.0,none,0.0
1723,100.0,30.0,1564.7126962106634,2880.0,1267.0930834237233,17.164163716622948,0.8795786627253543,0.900978592863665,242.40148191435253,70.80882336638331,1.0,545.67,normal,0.0,none,0.0
1724,100.0,30.0,1564.8482212585054,2880.0,1268.9125212744107,17.162395149328063,0.8794617009046833,0.8999622449655514,240.49632296995696,71.36240145955166,1.0,545.67,normal,0.0,none,0.0
1725,100.0,30.0,1566.0583671810984,2880.0,1267.584311210474,17.146603053809045,0.878418689218489,0.9007041903451232,241.15600349516387,71.10170514230181,1.0,545.67,normal,0.0,none,0.0
1726,100.0,30.0,1561.9832763126908,2880.0,1267.553815575859,17.19978194987529,0.8819408669391818,0.9007212253727999,243.4619349463137,70.64669864579878,1.0,545.67,normal,0.0,none,0.0
1727,100.0,30.0,1562.5356348346659,2880.0,1270.359601861785,17.192573812098747,0.8814617991675473,0.8991538978638227,240.33391518163194,71.53619496068829,1.0,545.67,normal,0.0,none,0.0
1728,100.0,30.0,1563.9513265791002,2880.0,1270.5333520253544,17.174099396050075,0.8802363242820282,0.8990568400756306,239.36904195382363,71.74737073711941,1.0,545.67,normal,0.0,none,0.0
1729,100.0,30.0,1564.4884815230764,2880.0,1267.4625416639885,17.167089661087196,0.8797722344544187,0.9007722114773525,242.15500175937962,70.89297985323256,1.0,545.67,normal,0.0,none,0.0
1730,100.0,30.0,1564.1069478620188,2880.0,1271.3738040810829,17.172068578015022,0.8801018206131033,0.8985873589773988,238.43860455342985,72.01882685975487,1.0,545.67,normal,0.0,none,0.0
1731,100.0,30.0,1565.7491429044157,2880.0,1271.3174546646067,17.150638351720644,0.8786849708944623,0.8986188360685092,237.5782555869696,72.18942789754747,1.0,545.67,normal,0.0,none,0.0
1732,100.0,30.0,1563.6562727304074,2880.0,1265.1502064373085,17.17794977349201,0.8804914525899395,0.9020638945356567,244.94721013697756,70.1291913628487,1.0,545.67,normal,0.0,none,0.0
1733,100.0,30.0,1562.6502487149633,2880.0,1272.2390734355504,17.191078130204797,0.8813624582440002,0.898104014800854,238.38393096881816,72.11508787668024,1.0,545.67,normal,0.0,none,0.0
1734,100.0,30.0,1562.5826158449067,2880.0,1267.1686151728334,17.191960721902387,0.8814210759380698,0.9009364004170146,243.51478661848557,70.59924762941407,1.0,545.67,normal,0.0,none,0.0
1735,100.0,30.0,1566.0165380029673,2880.0,1269.387716392145,17.14714891391087,0.8784547000544712,0.8996967983832895,239.3665321559987,71.63553216677684,1.0,545.67,normal,0.0,none,0.0
1736,100.0,30.0,1562.958352050443,2880.0,1267.859562435417,17.187057460289882,0.8810955224114958,0.9005504335109348,242.61002498235803,70.84232179416196,1.0,545.67,normal,0.0,none,0.0
1737,100.0,30.0,1565.7422540157102,2880.0,1267.7515995701542,17.15072824996054,0.878690904947612,0.9006107421557962,241.16425239282376,71.11637848392364,1.0,545.67,normal,0.0,none,0.0
1738,100.0,30.0,1566.7048575108672,2880.0,1269.243823343752,17.138166519958684,0.8778624994039195,0.8997771778242428,239.12679068348803,71.66978852922853,1.0,545.67,normal,0.0,none,0.0
1739,100.0,30.0,1562.9093608820442,2880.0,1268.8120044425625,17.187696782537305,0.8811379567694001,0.9000183942155714,241.67987167625608,71.11761796018,1.0,545.67,normal,0.0,none,0.0
1740,100.0,30.0,1564.802608545237,2880.0,1267.2528502322991,17.16299038359805,0.879501062450038,0.9008893462537724,242.19054859223877,70.86564890066917,1.0,545.67,normal,0.0,none,0.0
1741,100.0,30.0,1563.0978095329012,2880.0,1266.499736492363,17.18523757572662,0.8809747518150866,0.9013100396928669,243.90019883260368,70.46012122163701,1.0,545.67,normal,0.0,none,0.0
1742,100.0,30.0,1563.21378441988,2880.0,1266.9090860595816,17.183724133042737,0.8808743424284464,0.9010813747939371,243.42350330614795,70.59188574503085,1.0,545.67,normal,0.0,none,0.0
1743,100.0,30.0,1563.3771882792719,2880.0,1268.3695912261485,17.181591754370455,0.8807329085574376,0.9002655286491165,241.86336346156872,71.0384223078108,1.0,545.67,normal,0.0,none,0.0
1744,100.0,30.0,1564.1211948241564,2880.0,1269.2696690338669,17.171882658794264,0.8800895089997638,0.8997627402809026,240.54336740421888,71.38788670043824,1.0,545.67,normal,0.0,none,0.0
1745,100.0,30.0,1565.629976282329,2880.0,1270.5551054551945,17.15219344573331,0.8787876317069403,0.8990446884911802,238.40995673072962,71.94411542595819,1.0,545.67,normal,0.0,none,0.0
1746,100.0,30.0,1564.5513082696818,2880.0,1268.4126922906705,17.166269788074345,0.8797179855180648,0.9002414521596025,241.16448436337328,71.18075380539517,1.0,545.67,normal,0.0,none,0.0
1747,100.0,30.0,1562.5598457868437,2880.0,1268.9197574971001,17.19225786535029,0.8814408125980042,0.8999582027721245,241.76672719257397,71.1109343497717,1.0,545.67,normal,0.0,none,0.0
1748,100.0,30.0,1563.0646370412246,2880.0,1266.9127722704977,17.185670468278982,0.8810034762908777,0.9010793156564322,243.50306817026865,70.5768128402471,1.0,545.67,normal,0.0,none,0.0
1749,100.0,30.0,1564.492744607576,2880.0,1267.7803353163683,17.167034028922206,0.8797685532023112,0.9005946902113702,241.8329963806458,70.98714520288723,1.0,545.67,normal,0.0,none,0.0
1750,100.0,30.0,1564.5067355773492,2880.0,1266.4780822080627,17.166851450336488,0.8797564719582751,0.9013221358940785,243.13534283732417,70.60615396348362,1.0,545.67,normal,0.0,none,0.0
1751,100.0,30.0,1563.4893617412426,2880.0,1270.9761042946257,17.18012791931299,0.880635843338266,0.8988095162453117,239.18253373487562,71.82852213764272,1.0,545.67,normal,0.0,none,0.0
1752,100.0,30.0,1564.0378641795323,2880.0,1265.8945285242673,17.172970102444648,0.8801615246521538,0.901648112161824,243.98456857870326,70.38547643600289,1.0,545.67,normal,0.0,none,0.0
1753,100.0,30.0,1564.434595175634,2880.0,1268.0434462141425,17.167792864172124,0.8798187689654533,0.9004477150300951,241.600883561484,71.05848542893744,1.0,545.67,normal,0.0,none,0.0
1754,100.0,30.0,1563.5933513375896,2880.0,1270.70066685357,17.178770881613783,0.8805458788377392,0.8989633771008354,239.40094500756481,71.7573227669212,1.0,545.67,normal,0.0,none,0.0
1755,100.0,30.0,1563.6340110006631,2880.0,1271.3401383325856,17.17824028338506,0.8805107079492135,0.8986061648479654,238.73644229240915,71.95483068456221,1.0,545.67,normal,0.0,none,0.0
1756,100.0,30.0,1564.9494292899292,2880.0,1266.919203802704,17.161074410341385,0.8793743758935986,0.9010757229674942,242.44425440292946,70.78358879901765,1.0,545.67,normal,0.0,none,0.0
1757,100.0,30.0,1563.8120266143098,2880.0,1269.3900009939825,17.175917225047957,0.8803567562903084,0.8996955221922535,240.59508909828958,71.38930927235648,1.0,545.67,normal,0.0,none,0.0
1758,100.0,30.0,1563.7082927013505,2880.0,1268.9525087348507,17.177270926144192,0.8804464610212452,0.8999399077522449,241.09259786786401,71.24760808939712,1.0,545.67,normal,0.0,none,0.0
1759,100.0,30.0,1564.2102275935983,2880.0,1267.6691149274081,17.170720803869912,0.8800125785023518,0.9006568185267202,242.10258925394135,70.92332575534559,1.0,545.67,normal,0.0,none,0.0
1760,100.0,30.0,1565.0673735880398,2880.0,1268.7727241419323,17.15953526734473,0.8792726322593408,0.9000403364055547,240.5144592389256,71.34512960943671,1.0,545.67,normal,0.0,none,0.0
1761,100.0,30.0,1564.5863490474853,2880.0,1271.6834364919484,17.165812514864726,0.8796877318053934,0.8984143966253998,237.86027664940752,72.16763032764044,1.0,545.67,normal,0.0,none,0.0
1762,100.0,30.0,1565.2912821265254,2880.0,1266.0375735211533,17.156613318048148,0.8790795442437507,0.9015682064470638,243.14072645938575,70.56248275590305,1.0,545.67,normal,0.0,none,0.0
1763,100.0,30.0,1563.7796834783815,2880.0,1271.2143843666736,17.17633929471942,0.8803847233145853,0.8986764116985987,238.78130043064095,71.93335183174717,1.0,545.67,normal,0.0,none,0.0
1764,100.0,30.0,972.5784173882853,2880.0,1269.045725964324,17.14722387643903,0.8784596456241516,0.8998878360998894,239.7133604959006,71.53219929404924,1.0,545.67,normal,0.0,T2,-593.4323762473375
1765,100.0,30.0,1562.4209932213678,2880.0,1269.1792624967425,17.19406985590128,0.8815611865331765,0.8998132418651956,241.5834837991107,71.17237315030629,1.0,545.67,normal,0.0,none,0.0
1766,100.0,30.0,1562.7142450215676,2880.0,1268.2149165415287,17.190242994732376,0.881306999553404,0.9003519307708187,242.38900816231194,70.92005996914351,1.0,545.67,normal,0.0,none,0.0
1767,100.0,30.0,1563.679630100839,2880.0,1271.236103109156,17.177644965767556,0.8804712504578459,0.8986642794906955,238.81536847781172,71.92855750974638,1.0,545.67,normal,0.0,none,0.0
1768,100.0,30.0,1563.1408065791315,2880.0,1269.4445193119896,17.184676475244082,0.8809375229217498,0.8996650679627264,240.91508217158207,71.3308453764841,1.0,545.67,normal,0.0,none,0.0
1769,100.0,30.0,1563.226780017115,2880.0,1270.3024378039881,17.18355454381467,0.8808630924536109,0.8991858300180139,240.00542267594437,71.59652624605873,1.0,545.67,normal,0.0,none,0.0
1770,100.0,30.0,1564.019902053772,2880.0,1268.2147873213087,17.173204503602754,0.88017704934751,0.9003520029539377,241.66014623643957,71.06345324644694,1.0,545.67,normal,0.0,none,0.0
1771,100.0,30.0,1564.4031032177375,2880.0,1268.1207276603952,17.168203826187447,0.8798459666834242,0.9004045451930862,241.54076194381344,71.07787392912617,1.0,545.67,normal,0.0,none,0.0
1772,100.0,30.0,1564.5332206534295,2880.0,1270.006862046282,17.166505826851353,0.8797336029248075,0.8993509402469587,239.5728054806557,71.65465125480388,1.0,545.67,normal,0.0,none,0.0
1773,100.0,30.0,1562.369905896375,2880.0,1266.967126896123,17.194736532457416,0.881605483382794,0.9010489528663614,243.83626873869787,70.51755106572682,1.0,545.67,normal,0.0,none,0.0
1774,100.0,30.0,1565.10621030143,2880.0,1267.8273200097813,17.159028458144242,0.8792391352549518,0.9005684443055947,241.44322790538286,71.0685845571471,1.0,545.67,normal,0.0,none,0.0
1775,100.0,30.0,1565.0851250574517,2880.0,1270.9657228867234,17.159303615198226,0.8792573211452989,0.8988153153563377,238.3019854311118,72.00654910262436,1.0,545.67,normal,0.0,none,0.0
1776,100.0,30.0,1563.0296091179669,2880.0,1271.895565197798,17.186127573740063,0.881033809441399,0.8982959003743526,238.5166567215889,72.05420288026572,1.0,545.67,normal,0.0,none,0.0
1777,100.0,30.0,1563.1531269770587,2880.0,1269.2973497403373,17.184515697194705,0.8809268559135766,0.899747277687427,241.05606041488136,71.2884615620883,1.0,545.67,normal,0.0,none,0.0
1778,100.0,30.0,1564.4696995553127,2880.0,1268.1114079759143,17.16733476097426,0.8797884533969195,0.9004097512196233,241.5129495087541,71.08246077857616,1.0,545.67,normal,0.0,none,0.0
1779,100.0,30.0,1563.5525225910626,2880.0,1270.3242299201543,17.179303686338436,0.8805811988119943,0.8991736568231711,239.8016686226348,71.63963363980066,1.0,545.67,normal,0.0,none,0.0
1780,100.0,30.0,1563.3947328290965,2880.0,1268.6419804612935,17.181362802471764,0.8807177256087501,0.9001133705380252,241.57975894876256,71.12087071051269,1.0,545.67,normal,0.0,none,0.0
1781,100.0,30.0,1565.6806832960744,2880.0,1269.1490378520582,17.151531732141912,0.878743945207132,0.8998301255164203,239.7938599236461,71.5261505761791,1.0,545.67,normal,0.0,none,0.0
1782,100.0,30.0,1562.6285324005864,2880.0,1265.8435396976172,17.191361522566456,0.881381279015559,0.9016765947982457,244.82278390968781,70.21961456376603,1.0,545.67,normal,0.0,none,0.0
1783,100.0,30.0,1563.3951686511514,2880.0,1270.9758531933876,17.18135711510515,0.8807173484576086,0.8988096565118316,239.2353768997997,71.81779441550283,1.0,545.67,normal,0.0,none,0.0
1784,100.0,30.0,1563.65725047877,2880.0,1267.3217456395303,17.177937014125355,0.8804906069024558,0.9008508609038592,242.7607333552255,70.7607724556892,1.0,545.67,normal,0.0,none,0.0
1785,100.0,30.0,1563.3855087767595,2880.0,1267.4397298361578,17.18148317400123,0.8807257079833187,0.900784954288688,242.7937739293801,70.765748626646,1.0,545.67,normal,0.0,none,0.0
1786,100.0,30.0,1563.804501498764,2880.0,1268.9745638205827,17.176015425885787,0.8803632630792475,0.8999275876611694,241.01671755982056,71.26483009056284,1.0,545.67,normal,0.0,none,0.0
1787,100.0,30.0,1564.9294276121223,2880.0,1272.2425648432295,17.161335427133306,0.879391632504096,0.8981020644814985,237.10788794893926,72.37774995840276,1.0,545.67,normal,0.0,none,0.0
1788,100.0,30.0,1563.8318201291204,2880.0,1268.511866611323,17.17565892473003,0.8803396417667133,0.9001860528436522,241.46650471098303,71.13060648013264,1.0,545.67,normal,0.0,none,0.0
1789,100.0,30.0,1563.5798296157354,2880.0,1450.2554951321827,17.17894733663389,0.8805575758428248,0.8986624563067072,238.86781515427174,71.9182168830026,1.0,545.67,normal,0.0,EGT,179.0161282095596
1790,100.0,30.0,1563.478759496146,2880.0,1265.1669435476376,17.180266275906316,0.880645016689315,0.9020545450946208,245.02946241054133,70.11510414662368,1.0,545.67,normal,0.0,none,0.0
1791,100.0,30.0,1564.1339924541069,2880.0,1268.9553248037832,17.171715652988752,0.8800784501307779,0.8999383346807934,240.85208554807105,71.29569010753487,1.0,545.67,normal,0.0,none,0.0
1792,100.0,30.0,1563.867257547128,2880.0,1265.2066998191476,17.17519647546695,0.8803090023560857,0.9020323370247103,244.77250522832503,70.16799725706872,1.0,545.67,normal,0.0,none,0.0
1793,100.0,30.0,1565.4109858758186,2880.0,1268.481157835098,17.15505121466249,0.8789763522383001,0.900203206933394,240.61567282999408,71.29648294682498,1.0,545.67,normal,0.0,none,0.0
1794,100.0,30.0,1565.1511905612954,2880.0,1269.8241659549378,17.158441477229793,0.8792003425777024,0.899452995279155,239.41125984896144,71.66931700728956,1.0,545.67,normal,0.0,none,0.0
1795,100.0,30.0,1564.282187823888,2880.0,1266.432992516286,17.16978174122541,0.879950409692118,0.9013473232416136,243.3060976770838,70.56864544353988,1.0,545.67,normal,0.0,none,0.0
1796,100.0,30.0,1562.1444897626277,2880.0,1268.0426816055408,17.197678155487502,0.8818009906006887,0.9004481421446268,242.88029456450442,70.80721878373761,1.0,545.67,normal,0.0,none,0.0
1797,100.0,30.0,1564.6608620164309,2880.0,1264.3825011965255,17.164840139632098,0.8796234052769765,0.9024927388666385,245.1598113537682,70.01490189133428,1.0,545.67,normal,0.0,none,0.0
1798,100.0,30.0,1564.7198992547042,2880.0,1269.8673649490468,17.164069718736084,0.8795724455186705,0.8994288640856403,239.60867614165306,71.63375715405624,1.0,545.67,normal,0.0,none,0.0
1799,100.0,30.0,1566.283343805462,2880.0,1266.3456888072199,17.143667166264276,0.8782250569554213,0.9013960915692447,242.2766595415609,70.76070471957038,1.0,545.67,normal,0.0,none,0.0
1800,94.0,26.25,1427.5219914228119,2718.0,1229.48272101912,16.840408744238946,0.8809682455923713,0.9024178055361165,242.54698194588542,69.43153284832958,0.85,518.67,degradation,0.0,none,0.0
1801,94.0,26.25,1430.0648533503445,2718.0,1231.1317275847478,16.807225044900264,0.8785102762469803,0.9014180906471585,239.4664340795121,70.18614157556468,0.85,518.67,degradation,0.002004008016032064,none,0.0
1802,94.0,26.25,1428.6566864322015,2718.0,1232.2734142250179,16.825601263885805,0.8798697347167629,0.9007259398961589,239.10389884084657,70.36941407252142,0.85,518.67,degradation,0.004008016032064128,none,0.0
1803,94.0,26.25,1430.540924942182,2718.0,1231.2476021878028,16.80101243209727,0.8780516216564908,0.9013478413417034,239.0839945181225,70.2724264999837,0.85,518.67,degradation,0.006012024048096192,none,0.0
1804,94.0,26.25,1428.1233573300585,2718.0,1233.799461665923,16.832561072588927,0.8803857151481254,0.8998007693239313,237.8675477991148,70.7644284743056,0.85,518.67,degradation,0.008016032064128256,none,0.0
1805,94.0,26.25,1428.3730073461106,2718.0,1235.0640585385197,16.829303203578082,0.8801441106836531,0.8990341038973546,236.45806267361428,71.17246505909065,0.85,518.67,degradation,0.01002004008016032,none,0.0
1806,94.0,26.25,1429.744315267496,2718.0,1234.631944218773,16.811407985095585,0.8788193575096086,0.8992960744244508,236.12628777461515,71.19668099446106,0.85,518.67,degradation,0.012024048096192385,none,0.0
1807,94.0,26.25,1431.1704429000279,2718.0,1232.5121636678518,16.792797383369976,0.8774458693326984,0.9005811973719589,237.46026737921437,70.71834614147285,0.85,518.67,degradation,0.014028056112224449,none,0.0
1808,94.0,26.25,1428.1189409358706,2718.0,1235.1565765893474,16.83261870540623,0.8803899904077697,0.898978014567671,236.50703846408283,71.17174530923113,0.85,518.67,degradation,0.01603206412825651,none,0.0
1809,94.0,26.25,1429.0947227860547,2718.0,1234.5038398127836,16.819885001233754,0.8794463994087304,0.899373738082485,236.6176266964987,71.08466615975335,0.85,518.67,degradation,0.018036072144288578,none,0.0
1810,94.0,26.25,1429.2191007663328,2718.0,1235.167122374578,16.81826190032638,0.879326269954065,0.8989716211555826,235.88219611725975,71.29941206739413,0.85,518.67,degradation,0.02004008016032064,none,0.0
1811,94.0,26.25,1430.579612584268,2718.0,1232.4626863717506,16.80050756823927,0.8780143704350948,0.9006111931224967,237.83990526100587,70.6378837050173,0.85,518.67,degradation,0.022044088176352707,none,0.0
1812,94.0,26.25,1429.8330997735557,2718.0,1230.9287489349827,16.81024936994503,0.8787337246052563,0.9015411470270058,239.80015873922054,70.1010769064,0.85,518.67,degradation,0.02404809619238477,none,0.0
1813,94.0,26.25,1429.8227514278929,2718.0,1235.8578264221153,16.81038441321553,0.8787437047543734,0.8985528798754812,234.85195492252655,71.5786437407386,0.85,518.67,degradation,0.026052104208416832,none,0.0
1814,94.0,26.25,1428.703849145925,2718.0,1233.35590316259,16.82498580250536,0.8798241352652135,0.9000696779196571,237.98918408024554,70.6964304597653,0.85,518.67,degradation,0.028056112224448898,none,0.0
1815,94.0,26.25,1429.325152315107,2718.0,1232.4986364696924,16.816877954674112,0.8792238668516724,0.9005893982740583,238.504158297753,70.50978932484527,0.85,518.67,degradation,0.03006012024048096,none,0.0
1816,94.0,26.25,1430.8605098250598,2718.0,1234.73851741051,16.796841930918347,0.8777439972933285,0.8992314641258844,235.3960607053579,71.35566279481087,0.85,518.67,degradation,0.03206412825651302,none,0.0
1817,94.0,26.25,1430.4645778524475,2718.0,1236.7237838513342,16.802008742138213,0.878125143354885,0.8980278907376334,233.62496779224347,71.91872042152531,0.85,518.67,degradation,0.03406813627254509,none,0.0
1818,94.0,26.25,1430.664337133099,2718.0,1232.456511638283,16.799401934494636,0.877932802635413,0.9006149365721052,237.79881055553165,70.64544139328898,0.85,518.67,degradation,0.036072144288577156,none,0.0
1819,94.0,26.25,1430.2482519899056,2718.0,1236.9472469115794,16.804831739448467,0.8783335304885634,0.8978924156260628,233.52167836724357,71.96261973169214,0.85,518.67,degradation,0.03807615230460922,none,0.0
1820,94.0,26.25,1432.2175389129152,2718.0,1232.0470516407902,16.779133047570152,0.876440152572303,0.9008631728523354,237.34345144417847,70.69558037297055,0.85,518.67,degradation,0.04008016032064128,none,0.0
1821,94.0,26.25,1430.7966264609474,2718.0,1235.9270606527546,16.79767559252006,0.8778054725729112,0.8985109064275649,234.23874112890547,71.71177368681306,0.85,518.67,degradation,0.04208416833667335,none,0.0
1822,94.0,26.25,1431.0916941422324,2718.0,1237.3620687433927,16.793825034566325,0.8775215994174678,0.8976409287186286,232.63489507489572,72.18962154907857,0.85,518.67,degradation,0.04408817635270541,none,0.0
1823,94.0,26.25,1429.4343135713355,2718.0,1235.6397268206092,16.81545342813301,0.8791184859310748,0.8986851033750392,235.28768648821455,71.46763045322089,0.85,518.67,degradation,0.04609218436873747,none,0.0
1824,94.0,26.25,1429.5958479913068,2718.0,1234.972308088711,16.813345445168174,0.8789625919084999,0.8990897278667519,235.86742307100644,71.28303360530894,0.85,518.67,degradation,0.04809619238476954,none,0.0
1825,94.0,26.25,1429.6353040586234,2718.0,1234.7002060589045,16.812830553556974,0.8789245219545283,0.8992546904910271,236.11860445139837,71.2050225462757,0.85,518.67,degradation,0.050100200400801605,none,0.0
1826,94.0,26.25,1430.337005344236,2718.0,1234.0036016568033,16.803673530820024,0.8782480222420274,0.8996770088777517,236.42649315557787,71.07356416170565,0.85,518.67,degradation,0.052104208416833664,none,0.0
1827,94.0,26.25,1430.6798387377664,2718.0,1234.6819304203586,16.799199642508988,0.8779178802446086,0.8992657701485255,235.55375784187987,71.31790125711254,0.85,518.67,degradation,0.05410821643286573,none,0.0
1828,94.0,26.25,1431.674401717322,2718.0,1232.1624864014173,16.786220849390247,0.8769615380614395,0.900793190202595,237.53058435624223,70.66972404789232,0.85,518.67,degradation,0.056112224448897796,none,0.0
1829,94.0,26.25,1432.4812237026672,2718.0,1235.3809575225207,16.775692028343517,0.8761872513916575,0.8988419829930446,233.84620085741352,71.73814227827634,0.85,518.67,degradation,0.05811623246492986,none,0.0
1830,94.0,26.25,1431.6251231003528,2718.0,1234.790357469411,16.786863922768173,0.8770088738511596,0.8992000359437243,234.91709776617074,71.4586723673783,0.85,518.67,degradation,0.06012024048096192,none,0.0
1831,94.0,26.25,1432.1923542461207,2718.0,1235.0011187274083,16.779461701045907,0.8764643149292558,0.8990722613356498,234.38878195297576,71.58816032591648,0.85,518.67,degradation,0.06212424849699399,none,0.0
1832,94.0,26.25,1432.0251720150713,2718.0,1238.1957908234094,16.781643386504264,0.8766247445891457,0.8971354823523017,231.27824412577405,72.56040640544663,0.85,518.67,degradation,0.06412825651302605,none,0.0
1833,94.0,26.25,1431.9437084759218,2718.0,1237.4678651035715,16.78270646490461,0.876702939059804,0.8975767893763887,232.05314421758322,72.3226850534221,0.85,518.67,degradation,0.06613226452905811,none,0.0
1834,94.0,26.25,1433.8688227452756,2718.0,1235.4928499879288,16.75758421488577,0.8748588006102966,0.8987741478697876,232.95915505904406,71.9335722635091,0.85,518.67,degradation,0.06813627254509018,none,0.0
1835,94.0,26.25,1431.654276399584,2718.0,1234.915954431098,16.786483479651718,0.8769808693139635,0.8991238924308822,234.77471309541056,71.500389706918,0.85,518.67,degradation,0.07014028056112225,none,0.0
1836,94.0,26.25,1431.6760485144016,2718.0,1239.0386028049168,16.786199359108544,0.876959956278162,0.8966245252075163,230.62908172561896,72.78440010041406,0.85,518.67,degradation,0.07214428857715431,none,0.0
1837,94.0,26.25,1433.792706105206,2718.0,1232.6616753290957,16.758577517617386,0.8749315682424332,0.9004905555049499,235.8458217363559,71.05734328569635,0.85,518.67,degradation,0.07414829659318638,none,0.0
1838,94.0,26.25,1433.569340516082,2718.0,1234.9754964083681,16.76149238156334,0.8751451760094621,0.8990877949389524,233.6456887276919,71.73893288096761,0.85,518.67,degradation,0.07615230460921844,none,0.0
1839,94.0,26.25,1433.2975366318688,2718.0,1235.9177575056774,16.76503935290109,0.8754052467470717,0.8985165464867626,232.85173383944675,71.99877396859209,0.85,518.67,degradation,0.0781563126252505,none,0.0
1840,94.0,26.25,1433.3461403764493,2718.0,1235.1890380065377,16.764405086435648,0.8753587297656623,0.898958334741794,233.55593245435642,71.77897350011392,0.85,518.67,degradation,0.08016032064128256,none,0.0
1841,94.0,26.25,1432.6467617887313,2718.0,1236.9208420413916,16.77353179855771,0.876028557684451,0.8979084236532096,232.20898538372398,72.23463713447414,0.85,518.67,degradation,0.08216432865731463,none,0.0
1842,94.0,26.25,1433.9916416596354,2718.0,1235.8058223946846,16.755981459390835,0.8747414110466519,0.8985844074640256,232.57650547017658,72.04503062558683,0.85,518.67,degradation,0.0841683366733467,none,0.0
1843,94.0,26.25,1434.266660477894,2718.0,1235.6085009483136,16.752392533984086,0.8744786639664884,0.8987040341483333,232.62096261477063,72.01583359332366,0.85,518.67,degradation,0.08617234468937876,none,0.0
1844,94.0,26.25,1430.3685164650472,2718.0,1234.1526580848515,16.803262318733555,0.8782176672737664,0.8995866429971539,236.2591590174968,71.12216258032622,0.85,518.67,degradation,0.08817635270541083,none,0.0
1845,94.0,26.25,1432.4581977622909,2718.0,1236.587050879924,16.775992510990324,0.876209329850822,0.8981107854878301,232.6489851954458,72.10859955781454,0.85,518.67,degradation,0.09018036072144289,none,0.0
1846,94.0,26.25,1435.342831319786,2718.0,1238.693035719415,16.738348779084244,0.8734520289361227,0.8968340262293504,228.92782746250782,73.11626971965885,0.85,518.67,degradation,0.09218436873747494,none,0.0
1847,94.0,26.25,1432.078698140603,2718.0,1237.8807505883658,16.780944884223363,0.8765733740184273,0.8973264763848051,231.56400001448765,72.46784855665594,0.85,518.67,degradation,0.09418837675350701,none,0.0
1848,94.0,26.25,1434.2536098768596,2718.0,1236.917414138659,16.7525628409977,0.874491128663359,0.8979105018289252,231.3152655745551,72.42307505899645,0.85,518.67,degradation,0.09619238476953908,none,0.0
1849,94.0,26.25,1434.738617413136,2718.0,1238.7338154380266,16.74623361639981,0.8740281341018749,0.896809303409737,229.22434134281912,73.05608784084055,0.85,518.67,degradation,0.09819639278557114,none,0.0
1850,94.0,26.25,1433.7844039096212,2718.0,1238.2469573033388,16.75868585915145,0.8749395058871384,0.8971044625292959,230.2447485586286,72.7863977965347,0.85,518.67,degradation,0.10020040080160321,none,0.0
1851,94.0,26.25,1434.612205866504,2718.0,1238.1310679164362,16.747883254829233,0.8741487609793394,0.8971747207975003,229.89865780162484,72.84898230802487,0.85,518.67,degradation,0.10220440881763528,none,0.0
1852,94.0,26.25,1433.3950350100288,2718.0,1237.2915086528917,16.763767023942986,0.8753119393721511,0.8976837059728313,231.4195917904015,72.43884104300926,0.85,518.67,degradation,0.10420841683366733,none,0.0
1853,94.0,26.25,1434.2330075358261,2718.0,1235.990085558653,16.75283169629147,0.8745108067896212,0.8984726974003149,232.256861142018,72.13062130400368,0.85,518.67,degradation,0.1062124248496994,none,0.0
1854,94.0,26.25,1434.2996692019778,2718.0,1237.499818442772,16.751961778557025,0.8744471387484806,0.8975574175742282,230.70570651504283,72.61182235847615,0.85,518.67,degradation,0.10821643286573146,none,0.0
1855,94.0,26.25,1433.7635671749251,2718.0,1236.0047797159816,16.758957773222708,0.874959428311482,0.8984637890259224,232.50422284919955,72.08022963132345,0.85,518.67,degradation,0.11022044088176353,none,0.0
1856,94.0,26.25,1434.5148294934747,2718.0,1237.0401072267334,16.74915399165151,0.8742417040556016,0.8978361187976646,231.04640277373647,72.49259798281274,0.85,518.67,degradation,0.11222444889779559,none,0.0
1857,94.0,26.25,1435.2853673583568,2718.0,1238.6588559377267,16.739098669118867,0.8735067869245753,0.8968547478185589,228.99414174662098,73.09837073317125,0.85,518.67,degradation,0.11422845691382766,none,0.0
1858,94.0,26.25,1433.7655585737718,2718.0,1236.5713688480648,16.758931785975864,0.8749575242554738,0.8981202927639474,231.93476951779138,72.25709116756775,0.85,518.67,degradation,0.11623246492985972,none,0.0
1859,94.0,26.25,1434.1988072764148,2718.0,1236.908139029909,16.753278000950527,0.874543474791122,0.8979161248898077,231.35516356518963,72.41367662939543,0.85,518.67,degradation,0.11823647294589178,none,0.0
1860,94.0,26.25,1434.7322815624273,2718.0,1236.2887977810858,16.74631629763495,0.8740341792277188,0.8982916022715843,231.6784336802608,72.2825859602734,0.85,518.67,degradation,0.12024048096192384,none,0.0
1861,94.0,26.25,1433.9063966981219,2718.0,1236.0005748700762,16.757093884388183,0.874822884312125,0.8984663382256315,232.42869502839216,72.09563295246842,0.85,518.67,degradation,0.12224448897795591,none,0.0
1862,94.0,26.25,1435.096512248323,2718.0,1235.2819232673346,16.741563180118103,0.8736867972343546,0.8989020227900291,232.48540276932306,72.01124449404436,0.85,518.67,degradation,0.12424849699398798,none,0.0
1863,94.0,26.25,1434.8563327396957,2718.0,1236.592757072657,16.74469746142347,0.8739158354312313,0.8981073260923654,231.3043038249677,72.39250279620607,0.85,518.67,degradation,0.12625250501002003,none,0.0
1864,94.0,26.25,1434.9051612356168,2718.0,1237.2945264134573,16.744060262010372,0.8738692622395322,0.8976818764469631,230.57341294035228,72.61921506250134,0.85,518.67,degradation,0.1282565130260521,none,0.0
1865,94.0,26.25,1436.0789067339556,2718.0,1236.6112075843905,16.728743182740246,0.8727512219576454,0.8980961404175031,230.60319635733902,72.54341417201198,0.85,518.67,degradation,0.13026052104208416,none,0.0
1866,94.0,26.25,1432.434485095156,2718.0,1238.452396651577,16.7763019552461,0.8762320679420018,0.8969799143440476,230.79266522854135,72.68992685982221,0.85,518.67,degradation,0.13226452905811623,none,0.0
1867,94.0,26.25,1435.4419773095967,2718.0,1238.6362974026642,16.737054949214485,0.8733575678617175,0.8968684239941698,228.92929346045588,73.11014984679348,0.85,518.67,degradation,0.1342685370741483,none,0.0
1868,94.0,26.25,1436.1344844666928,2718.0,1235.4188697858197,16.72801790750878,0.872698352843929,0.8988189985763151,231.76841128447825,72.17557308522255,0.85,518.67,degradation,0.13627254509018036,none,0.0
1869,94.0,26.25,1436.434361164009,2718.0,1238.8144995077832,16.72410459312286,0.872413201326962,0.8967603884645093,228.19675326822403,73.28809176117083,0.85,518.67,degradation,0.13827655310621242,none,0.0
1870,94.0,26.25,1437.503075305934,2718.0,1239.3482890393427,16.710158146254997,0.8713984791201566,0.8964367770530128,227.0656235254546,73.59175680937783,0.85,518.67,degradation,0.1402805611222445,none,0.0
1871,94.0,26.25,1437.736277938677,2718.0,1237.12259011036,16.70711491139976,0.8711773716501329,0.8977861133164464,229.16506703621678,72.90428304572006,0.85,518.67,degradation,0.14228456913827656,none,0.0
1872,94.0,26.25,1433.1094878671256,2718.0,1238.8356768132164,16.767493341300025,0.8755852683641219,0.8967475496632633,230.0319344291342,72.89202424398852,0.85,518.67,degradation,0.14428857715430862,none,0.0
1873,94.0,26.25,1437.9037943333103,2718.0,1236.8124313171916,16.70492886519189,0.8710186128084928,0.8979741479610229,229.3825124323439,72.82564258301507,0.85,518.67,degradation,0.1462925851703407,none,0.0
1874,94.0,26.25,1437.0185373087302,2718.0,1236.2198285433137,16.716481243487802,0.8718582453817513,0.8983334150668262,230.4711250092962,72.53178133622393,0.85,518.67,degradation,0.14829659318637275,none,0.0
1875,94.0,26.25,1436.655605010643,2718.0,1239.4713478739732,16.721217417375033,0.8722029408920898,0.8963621722868692,227.41561508022573,73.52712966291372,0.85,518.67,degradation,0.15030060120240482,none,0.0
1876,94.0,26.25,1436.6515307406562,2718.0,1237.2453585937426,16.721270585558806,0.8722068119833325,0.8977116845765675,229.64764383607212,72.81272433822505,0.85,518.67,degradation,0.1523046092184369,none,0.0
1877,94.0,26.25,1436.8090758130827,2718.0,1239.380741012649,16.71921466256154,0.8720571485075209,0.896417102952517,227.42062182313703,73.51670454741752,0.85,518.67,degradation,0.15430861723446893,none,0.0
1878,94.0,26.25,1436.8844775222242,2718.0,1240.725412094296,16.718230689496117,0.8719855371344961,0.8956018923104891,226.03312003481335,73.96363279381887,0.85,518.67,degradation,0.156312625250501,none,0.0
1879,94.0,26.25,1436.3628333159459,2718.0,1241.6407918611574,16.72503801328963,0.8724811999389673,0.8950469407408245,225.40919397782648,74.19856181613814,0.85,518.67,degradation,0.15831663326653306,none,0.0
1880,94.0,26.25,1437.3540367876137,2718.0,1237.5071506824995,16.712103060891643,0.8715398464815062,0.8975529723831795,228.99300239605464,72.98084607837596,0.85,518.67,degradation,0.16032064128256512,none,0.0
1881,94.0,26.25,1436.6725768171682,2718.0,1237.852130182007,16.72099593963027,0.8721868158180028,0.8973438275870145,229.02776276137558,73.0085983377129,0.85,518.67,degradation,0.1623246492985972,none,0.0
1882,94.0,26.25,1437.1657353486767,2718.0,1236.962492352075,16.71456034662433,0.8717185214615497,0.897883173034693,229.64413111591307,72.78461794517904,0.85,518.67,degradation,0.16432865731462926,none,0.0
1883,94.0,26.25,1436.2294125792773,2718.0,1238.2221736360016,16.726779119860623,0.8726080659302367,0.8971194876976345,228.90444637738085,73.07319444675268,0.85,518.67,degradation,0.16633266533066132,none,0.0
1884,94.0,26.25,1436.3317928857748,2718.0,1237.7863779103352,16.725443082983347,0.8725107121099789,0.8973836900874698,229.28392126105666,72.94642812716116,0.85,518.67,degradation,0.1683366733466934,none,0.0
1885,94.0,26.25,1437.8775277110367,2718.0,1241.3070256305275,16.705271637910585,0.8710435024185168,0.8952492874610543,224.89711634385458,74.27961687320705,0.85,518.67,degradation,0.17034068136272545,none,0.0
1886,94.0,26.25,1437.0765977588326,2718.0,1238.2556452398262,16.71572356942819,0.8718031276569047,0.8970991954432563,228.39790373333926,73.18685196403663,0.85,518.67,degradation,0.17234468937875752,none,0.0
1887,94.0,26.25,1436.4766151939843,2718.0,1240.7669583475895,16.723553188812875,0.872373037121399,0.895576704777059,226.21929381058771,73.92629031374936,0.85,518.67,degradation,0.1743486973947896,none,0.0
1888,94.0,26.25,1438.6882533030107,2718.0,1238.5300345346684,16.69469187579336,0.8702759336701817,0.8969328461580914,227.22321577519915,73.47265031364608,0.85,518.67,degradation,0.17635270541082165,none,0.0
1889,94.0,26.25,1437.9118314260675,2718.0,1242.4652607943642,16.704823983182084,0.8710109973398042,0.8945471041208919,223.72053557939444,74.66826386732764,0.85,518.67,degradation,0.17835671342685372,none,0.0
1890,94.0,26.25,1437.5467384018075,2718.0,1242.4763806843832,16.709588353994565,0.87135707209161,0.8945403626561533,223.91327144674813,74.62527007010614,0.85,518.67,degradation,0.18036072144288579,none,0.0
1891,94.0,26.25,1439.0472205983883,2718.0,1237.257396134161,16.69000744417981,0.8699365069751808,0.8977043867836818,228.29798341245248,73.10624121469772,0.85,518.67,degradation,0.18236472945891782,none,0.0
1892,94.0,26.25,1436.2311200160082,2718.0,1241.5582716004074,16.726756838246942,0.8726064421440597,0.895096968882029,225.56521265802144,74.15486032239518,0.85,518.67,degradation,0.1843687374749499,none,0.0
1893,94.0,26.25,1438.6078767350477,2718.0,1239.5488809949202,16.695740769497057,0.8703519711880382,0.8963151676132591,226.24799290723388,73.79398400383882,0.85,518.67,degradation,0.18637274549098196,none,0.0
1894,94.0,26.25,1436.487817745677,2718.0,1240.4982730759627,16.723406998371633,0.8723623892522309,0.8957395959820353,226.48176505721085,73.83997115241125,0.85,518.67,degradation,0.18837675350701402,none,0.0
1895,94.0,26.25,1438.9757373234154,2718.0,1237.1968214979663,16.690940282679126,0.8700040779008145,0.897741110328002,228.3986183799144,73.07811404934026,0.85,518.67,degradation,0.1903807615230461,none,0.0
1896,94.0,26.25,1438.9737333243422,2718.0,1238.626264750009,16.690966434355705,0.8700059723703278,0.8968745063181849,226.96744411876273,73.53903331449602,0.85,518.67,degradation,0.19238476953907815,none,0.0
1897,94.0,26.25,1440.2475716965214,2718.0,1240.166075493627,16.674343168620826,0.868803418157132,0.8959409917048055,224.71488461207025,74.20221939194671,0.85,518.67,degradation,0.19438877755511022,none,0.0
1898,94.0,26.25,1440.5474929538007,2718.0,1241.6906559309866,16.670429272738758,0.8685207638831165,0.8950167105076214,223.0229222588024,74.74760488248782,0.85,518.67,degradation,0.1963927855711423,none,0.0
1899,94.0,26.25,1438.0085514432308,2718.0,1240.0981714267714,16.703561811636387,0.8709193616757935,0.8959821587371698,226.03294162224358,73.89879409503122,0.85,518.67,degradation,0.19839679358717435,none,0.0
1900,94.0,26.25,1439.3389487507086,2718.0,1241.3170101070514,16.686200466226968,0.8696608541792867,0.8952432343439549,224.07117486548054,74.4683044405172,0.85,518.67,degradation,0.20040080160320642,none,0.0
1901,94.0,26.25,1439.3408021734526,2718.0,1239.6513970343908,16.68617627953307,0.8696591034457968,0.8962530169747159,225.73617296761404,73.91892960782587,0.85,518.67,degradation,0.20240480961923848,none,0.0
1902,94.0,26.25,1438.1741898059813,2718.0,1244.5443062117026,16.70140027326541,0.8707624753246982,0.8932866769631977,221.49873405745745,75.40178658056355,0.85,518.67,degradation,0.20440881763527055,none,0.0
1903,94.0,26.25,1440.2007110831976,2718.0,1240.0178732574584,16.67495468766814,0.8688475975431721,0.896030839729163,224.88932740102723,74.14738120468039,0.85,518.67,degradation,0.20641282565130262,none,0.0
1904,94.0,26.25,1439.5301377241074,2718.0,1239.68105034864,16.683705498906317,0.8694802952006709,0.89623503956918,225.60078340867267,73.95233849292099,0.85,518.67,degradation,0.20841683366733466,none,0.0
1905,94.0,26.25,1439.2482903893556,2718.0,1240.9153939012062,16.68738353471099,0.8697464982019582,0.8954867153033392,224.52333806107538,74.32360341164912,0.85,518.67,degradation,0.21042084168336672,none,0.0
1906,94.0,26.25,1440.1961431859406,2718.0,1240.883581739448,16.675014297561834,0.8688519043190428,0.8955060015162766,224.02593148674077,74.43341128814262,0.85,518.67,degradation,0.2124248496993988,none,0.0
1907,94.0,26.25,1438.5282637284977,2718.0,1241.7521741512635,16.69677969891914,0.8704272994640512,0.8949794149127857,224.08884304136427,74.5096430161724,0.85,518.67,degradation,0.21442885771543085,none,0.0
1908,94.0,26.25,1439.9165987932668,2718.0,1240.308436571165,16.678662280559994,0.8691155499902828,0.8958546848993691,224.75725705357343,74.20744717748734,0.85,518.67,degradation,0.21643286573146292,none,0.0
1909,94.0,26.25,1438.3051157528987,2718.0,1241.1723181250388,16.699691723064113,0.8706385072424998,0.8953309542668137,224.7930522542199,74.28918089593947,0.85,518.67,degradation,0.218436873747495,none,0.0
1910,94.0,26.25,1439.0469501860243,2718.0,1238.7109563969059,16.690010972992162,0.8699367625678347,0.8968231617679945,226.84174761232748,73.575570408298,0.85,518.67,degradation,0.22044088176352705,none,0.0
1911,94.0,26.25,1440.2363458905895,2718.0,1241.1567652762465,16.674489662523953,0.8688140012460315,0.895340383225332,223.73033169998257,74.52941018692125,0.85,518.67,degradation,0.22244488977955912,none,0.0
1912,94.0,26.25,1440.6242011540792,2718.0,1241.2972748325983,16.669428250297354,0.8684485014381723,0.8952551989098456,223.37330486130895,74.62587465698866,0.85,518.67,degradation,0.22444889779559118,none,0.0
1913,94.0,26.25,1439.475810147517,2718.0,1240.5603661820996,16.684414459919044,0.8695315945699957,0.8957019518610231,224.7513624378396,74.23498696046178,0.85,518.67,degradation,0.22645290581162325,none,0.0
1914,94.0,26.25,1440.2379976730344,2718.0,1242.8635532193107,16.674468107184506,0.8688124440177871,0.8943056382130671,222.0239544642269,75.1021129563348,0.85,518.67,degradation,0.22845691382765532,none,0.0
1915,94.0,26.25,1441.6221725925316,2718.0,1237.5380684687784,16.65640497765969,0.8675094638304404,0.8975342283879032,226.57897233662118,73.512580650749,0.85,518.67,degradation,0.23046092184368738,none,0.0
1916,94.0,26.25,1440.8892273752547,2718.0,1242.4177141518683,16.665969725732914,0.8681989277817254,0.8945759294072272,222.10565180066635,75.0362252856589,0.85,518.67,degradation,0.23246492985971945,none,0.0
1917,94.0,26.25,1439.289408482175,2718.0,1240.741020300855,16.686846954091052,0.8697076522718017,0.8955924297911685,224.67475740571763,74.27112483294216,0.85,518.67,degradation,0.23446893787575152,none,0.0
1918,94.0,26.25,1440.299456148974,2718.0,1241.4996737293789,16.673666089754732,0.8687545076222754,0.8951324940068828,223.35229618008964,74.65186781115831,0.85,518.67,degradation,0.23647294589178355,none,0.0
1919,94.0,26.25,1441.3583819106814,2718.0,1241.6178083665725,16.659847378751188,0.8677574792140325,0.8950608745493464,222.64298415018004,74.82763241941446,0.85,518.67,degradation,0.23847695390781562,none,0.0
1920,94.0,26.25,1442.5980110876865,2718.0,1241.5492250939874,16.643670534284798,0.866593213733509,0.8951024533521031,222.01940737956704,74.9649354113921,0.85,518.67,degradation,0.24048096192384769,none,0.0
1921,94.0,26.25,1440.9180603584539,2718.0,1238.418005898847,16.665593462658947,0.8681717845800486,0.8970007638350461,226.09044949966403,73.71206302406733,0.85,518.67,degradation,0.24248496993987975,none,0.0
1922,94.0,26.25,1441.247736313613,2718.0,1245.386584455064,16.661291275561513,0.8678615501672096,0.8927760433986714,218.942735268756,76.09885413694813,0.85,518.67,degradation,0.24448897795591182,none,0.0
1923,94.0,26.25,1441.5456822583274,2718.0,1237.0837761102428,16.65740315700441,0.8675813652686182,0.8978096444136695,227.07706224953472,73.35572775157542,0.85,518.67,degradation,0.24649298597194388,none,0.0
1924,94.0,26.25,1440.6316164608802,2718.0,1243.0061785945018,16.66933148243563,0.8684415165355862,0.894219171176432,221.661759270409,75.20165651171445,0.85,518.67,degradation,0.24849699398797595,none,0.0
1925,94.0,26.25,1441.0303877500514,2718.0,1242.9586813171156,16.66412761885913,0.8680660564142301,0.8942479665350301,221.48654088747423,75.2376535029517,0.85,518.67,degradation,0.250501002004008,none,0.0
1926,94.0,26.25,1443.2085481750687,2718.0,1242.375485846977,16.63570318107405,0.8660209419794511,0.8946015304363651,220.85288196573413,75.32481819121165,0.85,518.67,degradation,0.25250501002004005,none,0.0
1927,94.0,26.25,1441.7747500800378,2718.0,1244.955047104047,16.65441388037814,0.8673660755374352,0.8930376641368453,219.07876288435932,76.02021145778137,0.85,518.67,degradation,0.2545090180360721,none,0.0
1928,94.0,26.25,1443.2040137684319,2718.0,1241.9160329681445,16.6357623539237,0.8660251894068562,0.8948800750421403,221.31446555812374,75.16798466819898,0.85,518.67,degradation,0.2565130260521042,none,0.0
1929,94.0,26.25,1442.5204422369495,2718.0,1241.3479604851705,16.644682787995087,0.8666659751206043,0.8952244705897834,222.26390059636265,74.88702728304175,0.85,518.67,degradation,0.25851703406813625,none,0.0
1930,94.0,26.25,1443.4879757148683,2718.0,1240.887389737219,16.632056722976085,0.8657592795684831,0.89550369290687,222.1841837349067,74.85706877686754,0.85,518.67,degradation,0.2605210420841683,none,0.0
1931,94.0,26.25,1443.5619995813156,2718.0,1239.421762928845,16.631090730406264,0.8656899883979299,0.8963922332999337,223.60917705436304,74.3757074261893,0.85,518.67,degradation,0.2625250501002004,none,0.0
1932,94.0,26.25,1444.2379270728134,2718.0,1243.9996694026943,16.622270049106287,0.8650577888098101,0.893616864567292,218.65652492240906,76.02000468545245,0.85,518.67,degradation,0.26452905811623245,none,0.0
1933,94.0,26.25,1442.0678962416864,2718.0,1239.5185235024148,16.65058839776538,0.8670907174964186,0.8963335719288524,224.34653336173778,74.21816663829553,0.85,518.67,degradation,0.2665330661322645,none,0.0
1934,94.0,26.25,1442.283626581887,2718.0,1241.4013279108208,16.64777317186973,0.8668881893287014,0.8951921164372165,222.34277396282164,74.87436121784393,0.85,518.67,degradation,0.2685370741482966,none,0.0
1935,94.0,26.25,1442.707551809719,2718.0,1244.0888808050297,16.642241055811777,0.8664904827934566,0.8935627799025982,219.4219655630144,75.84582980609751,0.85,518.67,degradation,0.27054108216432865,none,0.0
1936,94.0,26.25,1443.3562539818809,2718.0,1244.4609886400137,16.633775657982543,0.8658826071427426,0.8933371884764115,218.68852680802456,76.06149211743734,0.85,518.67,degradation,0.2725450901803607,none,0.0
1937,94.0,26.25,1444.3063593314928,2718.0,1241.8654073677633,16.621377025591126,0.8649938351224035,0.894910766955392,220.74957944214395,75.29516961071904,0.85,518.67,degradation,0.2745490981963928,none,0.0
1938,94.0,26.25,1444.2471523768338,2718.0,1242.0670972698342,16.622149661242673,0.8650491667072908,0.8947884918824749,220.58109827538829,75.35618324146007,0.85,518.67,degradation,0.27655310621242485,none,0.0
1939,94.0,26.25,1444.54560470902,2718.0,1242.171428572407,16.61825493445827,0.864770321536356,0.8947252407355477,220.31022027314577,75.43115754618451,0.85,518.67,degradation,0.2785571142284569,none,0.0
1940,94.0,26.25,1443.7829168770252,2718.0,1240.4062370401393,16.628207816064684,0.8654832613188126,0.8957953930887609,222.50072926849998,74.73327332783165,0.85,518.67,degradation,0.280561122244489,none,0.0
1941,94.0,26.25,1443.022272851406,2718.0,1240.7541328226546,16.638134026519378,0.866195462382553,0.8955844802877837,222.5774613103904,74.75210620412749,0.85,518.67,degradation,0.28256513026052105,none,0.0
1942,94.0,26.25,1444.2827520281369,2718.0,1242.7660322524766,16.62168509487648,0.8650158963697472,0.8943647605747131,219.8630249665007,75.60018378446777,0.85,518.67,degradation,0.2845691382765531,none,0.0
1943,94.0,26.25,1444.6313361765826,2718.0,1243.606982961872,16.61713616068111,0.8646902555272544,0.893854931831404,218.8287745714082,75.93670527665732,0.85,518.67,degradation,0.2865731462925852,none,0.0
1944,94.0,26.25,1443.9691811807254,2718.0,1244.1881483168165,16.625777114427056,0.8653090380618245,0.8935025986931405,218.61850887464618,76.04926591078399,0.85,518.67,degradation,0.28857715430861725,none,0.0
1945,94.0,26.25,1445.0971976005455,2718.0,1245.3885373842186,16.611056787963744,0.8642554390249219,0.8927748594298544,216.79150577817018,76.62226768682,0.85,518.67,degradation,0.2905811623246493,none,0.0
1946,94.0,26.25,1446.4115881241314,2718.0,1244.865503615599,16.593904326999958,0.8630309933672585,0.8930919501296829,216.57915939744282,76.61819527403652,0.85,518.67,degradation,0.2925851703406814,none,0.0
1947,94.0,26.25,1443.3397787072086,2718.0,1245.825882198199,16.633990656113323,0.8658980349788361,0.8925097179008524,217.33679306243232,76.53554845329401,0.85,518.67,degradation,0.29458917835671344,none,0.0
1948,94.0,26.25,1445.5832769692963,2718.0,1240.301261438565,16.604713576225535,0.8638022178351095,0.895859034843778,221.60053955108913,74.93083550185754,0.85,518.67,degradation,0.2965931863727455,none,0.0
1949,94.0,26.25,1444.9062122652326,2718.0,1242.7918605087364,16.613549097859334,0.8644336442307129,0.8943491021213893,219.48913169144373,75.69189859120016,0.85,518.67,degradation,0.2985971943887776,none,0.0
1950,94.0,26.25,1443.64505423216,2718.0,1242.2947082517305,16.630006888404285,0.8656122570262601,0.8946505020816851,220.68986282489107,75.35464780998824,0.85,518.67,degradation,0.30060120240480964,none,0.0
1951,94.0,26.25,1446.0715546598374,2718.0,1243.8347686545922,16.59834167694887,0.8633474252483498,0.8937168361116837,217.7973085905827,76.21004035523038,0.85,518.67,degradation,0.3026052104208417,none,0.0
1952,94.0,26.25,1446.2822661612743,2718.0,1239.4846076830233,16.59559194561852,0.8631513118086379,0.8963541334901729,222.02745708708153,74.74567408619896,0.85,518.67,degradation,0.3046092184368738,none,0.0
1953,94.0,26.25,1446.3648610208556,2718.0,1245.3142518380637,16.594514103775204,0.8630744634133392,0.8928198952520721,216.15778653570283,76.77037394641476,0.85,518.67,degradation,0.3066132264529058,none,0.0
1954,94.0,26.25,1445.8770460780538,2718.0,1246.1206817596455,16.600879964311947,0.8635285374217117,0.8923309948338983,215.62637371889764,76.98909775273484,0.85,518.67,degradation,0.30861723446893785,none,0.0
1955,94.0,26.25,1443.4214816774493,2718.0,1239.7223145156042,16.632924453198335,0.865821531785508,0.8962100230513841,223.38681993966782,74.45794903070174,0.85,518.67,degradation,0.3106212424849699,none,0.0
1956,94.0,26.25,1445.4858848133595,2718.0,1245.9622049571212,16.605984519010736,0.8638929883556373,0.8924270718431355,216.00269262804352,76.87859959971068,0.85,518.67,degradation,0.312625250501002,none,0.0
1957,94.0,26.25,1447.4871496676417,2718.0,1244.2529605211957,16.579868523288535,0.8620316115754223,0.8934633061111372,216.58964519976337,76.54968227126793,0.85,518.67,degradation,0.31462925851703405,none,0.0
1958,94.0,26.25,1445.52989154848,2718.0,1244.9907180204914,16.605410242345805,0.8638519712501852,0.8930160385429785,216.94657071822633,76.5414737249439,0.85,518.67,degradation,0.3166332665330661,none,0.0
1959,94.0,26.25,1445.0606754725416,2718.0,1243.3307024836536,16.611533392415506,0.8642895115265213,0.8940224276518335,218.8648520144609,75.8985887387617,0.85,518.67,degradation,0.3186372745490982,none,0.0
1960,94.0,26.25,1445.0590595474898,2718.0,1244.5700833888518,16.611554479825127,0.8642910191296814,0.8932710494767289,217.62896918673914,76.32970252949819,0.85,518.67,degradation,0.32064128256513025,none,0.0
1961,94.0,26.25,1446.6964161136348,2718.0,1243.0164777469186,16.590187394411295,0.8627661136413676,0.8942129272861835,218.2652953357083,76.00927746618788,0.85,518.67,degradation,0.3226452905811623,none,0.0
1962,94.0,26.25,1445.6070662957657,2718.0,1242.715540152626,16.604403131584995,0.8637800488295618,0.8943953715528907,219.17404385956115,75.75898513888123,0.85,518.67,degradation,0.3246492985971944,none,0.0
1963,94.0,26.25,1444.8807478310844,2718.0,1246.5921402393328,16.61388140222768,0.8644574102188108,0.8920451717986884,215.71293714507533,77.01847474754932,0.85,518.67,degradation,0.32665330661322645,none,0.0
1964,94.0,26.25,1447.3780137942376,2718.0,1245.5593348418129,16.581292718590255,0.8621329120610794,0.8926713129886743,215.3477865059947,76.99773927385446,0.85,518.67,degradation,0.3286573146292585,none,0.0
1965,94.0,26.25,1447.0789050256678,2718.0,1243.1334288936716,16.58519601170197,0.8624106684594448,0.8941420253230703,217.9349635190888,76.10158436211307,0.85,518.67,degradation,0.3306613226452906,none,0.0
1966,94.0,26.25,1445.6736104298432,2718.0,1242.6322319591131,16.603534747614138,0.8637180431429218,0.8944458773805588,219.22009575058723,75.73910909383252,0.85,518.67,degradation,0.33266533066132264,none,0.0
1967,94.0,26.25,1445.7326690660555,2718.0,1244.1672591519962,16.60276404748048,0.8636630198835431,0.8935152628083263,217.65473700378107,76.28027892263175,0.85,518.67,degradation,0.3346693386773547,none,0.0
1968,94.0,26.25,1444.9786314627363,2718.0,1243.8027287310144,16.612604045809796,0.8643660624456749,0.8937362604058673,218.43949971447182,76.05128224302189,0.85,518.67,degradation,0.3366733466933868,none,0.0
1969,94.0,26.25,1446.3006205496295,2718.0,1242.2016713936318,16.595352425533644,0.8631342332279668,0.8947069059397423,219.30012083775637,75.67415996916525,0.85,518.67,degradation,0.33867735470941884,none,0.0
1970,94.0,26.25,1446.3577138912706,2718.0,1245.2117584789694,16.59460737199269,0.8630811127468803,0.892882032140573,216.26396462851233,76.73311363036414,0.85,518.67,degradation,0.3406813627254509,none,0.0
1971,94.0,26.25,1447.4911399731968,2718.0,1243.6162427738782,16.579816450819173,0.8620279082041482,0.8938493180442157,217.22280824368602,76.32631483255442,0.85,518.67,degradation,0.342685370741483,none,0.0
1972,94.0,26.25,1445.368324095854,2718.0,1244.9254210374481,16.60751865637836,0.8640025816039667,0.8930556250234163,217.10189488848982,76.49642424774085,0.85,518.67,degradation,0.34468937875751504,none,0.0
1973,94.0,26.25,1445.3997891799238,2718.0,1248.1575837752594,16.60710804505962,0.8639732462851025,0.8910961172325575,213.8646034810954,77.6524388549768,0.85,518.67,degradation,0.3466933867735471,none,0.0
1974,94.0,26.25,1446.9723319551465,2718.0,1245.0403365123661,16.586586763079968,0.8625096768857131,0.892985957192104,216.09172936942582,76.75715684020415,0.85,518.67,degradation,0.3486973947895792,none,0.0
1975,94.0,26.25,1447.8036860249854,2718.0,1241.1081885846086,16.57573780459,0.8617379354873121,0.8953698329818697,219.5538010759867,75.49738480206591,0.85,518.67,degradation,0.35070140280561124,none,0.0
1976,94.0,26.25,1447.199633523243,2718.0,1245.7789659448893,16.583620535612695,0.862298536826229,0.8925381610119628,215.2284666219516,77.0512413896522,0.85,518.67,degradation,0.3527054108216433,none,0.0
1977,94.0,26.25,1447.2082972263306,2718.0,1248.4761296687434,16.583507476497964,0.8622904911715498,0.8909029978847207,212.53791607584344,78.02611309400528,0.85,518.67,degradation,0.35470941883767537,none,0.0
1978,94.0,26.25,1448.163380736067,2718.0,1243.6168145020913,16.571043880387116,0.8614044607319697,0.8938489714323713,216.8469031577854,76.41817171043223,0.85,518.67,degradation,0.35671342685370744,none,0.0
1979,94.0,26.25,1448.1302313432145,2718.0,1246.6719677582862,16.57147647150571,0.8614351829015803,0.891996776139805,213.81912678378865,77.5023110456465,0.85,518.67,degradation,0.3587174348697395,none,0.0
1980,94.0,26.25,1446.1510213935273,2718.0,1243.1601500554775,16.59730465635029,0.8632734534922258,0.8941258255432365,218.42635214838492,75.98581624013545,0.85,518.67,degradation,0.36072144288577157,none,0.0
1981,94.0,26.25,1447.1111487208107,2718.0,1246.187685465515,16.58477523970739,0.8623807179270709,0.8922903736479253,214.87056967308706,77.18495494725103,0.85,518.67,degradation,0.3627254509018036,none,0.0
1982,94.0,26.25,1448.0343500967058,2718.0,1246.8295180010039,16.572727697308384,0.8615240559889918,0.8919012608600684,213.71573890389175,77.54565846346563,0.85,518.67,degradation,0.36472945891783565,none,0.0
1983,94.0,26.25,1448.9581360065852,2718.0,1247.291943371187,16.56067252689003,0.860668553534278,0.8916209141730143,212.73947530891473,77.84484991721733,0.85,518.67,degradation,0.3667334669338677,none,0.0
1984,94.0,26.25,1448.6593460919494,2718.0,1247.3420621688913,16.564571659039263,0.8609450718457198,0.8915905295103174,212.85640008032067,77.82040686955467,0.85,518.67,degradation,0.3687374749498998,none,0.0
1985,94.0,26.25,1449.7904442123192,2718.0,1245.3395255209284,16.549811117170076,0.8598992207331602,0.8928045730104354,214.2199720576583,77.25615384132166,0.85,518.67,degradation,0.37074148296593185,none,0.0
1986,94.0,26.25,1447.955322554224,2718.0,1242.9621181608795,16.573758986573754,0.8615973210317952,0.894245882938789,217.61668700636505,76.16033133566172,0.85,518.67,degradation,0.3727454909819639,none,0.0
1987,94.0,26.25,1449.0385253488485,2718.0,1245.3452366708464,16.559623466484975,0.8605941866817456,0.8928011106096634,214.6340996169506,77.15280794635294,0.85,518.67,degradation,0.374749498997996,none,0.0
1988,94.0,26.25,1448.0872318244983,2718.0,1246.3184582158494,16.572037604253556,0.8614750372285734,0.892211092298594,214.19529494824974,77.36882179534994,0.85,518.67,degradation,0.37675350701402804,none,0.0
1989,94.0,26.25,1447.729810477882,2718.0,1244.6871477348566,16.576701861630223,0.8618064578372467,0.8932000788862495,216.02103450912034,76.7365173456308,0.85,518.67,degradation,0.3787575150300601,none,0.0
1990,94.0,26.25,1448.2876231416765,2718.0,1246.4536534036906,16.569422548694572,0.861289334942893,0.8921291298340304,213.94872069473558,77.44576595218818,0.85,518.67,degradation,0.3807615230460922,none,0.0
1991,94.0,26.25,1449.1358252514456,2718.0,1248.354171317074,16.55835372758232,0.8605041933383393,0.8909769354799605,211.5830472147344,78.25935936529613,0.85,518.67,degradation,0.38276553106212424,none,0.0
1992,94.0,26.25,1449.7293936274798,2718.0,1247.1901912325236,16.55060781172507,0.8599556052674745,0.8916826016945352,212.41016881578116,77.91815196041324,0.85,518.67,degradation,0.3847695390781563,none,0.0
1993,94.0,26.25,1450.1824509301325,2718.0,1245.504671119419,16.544695529523803,0.8595373508828612,0.892704453024804,213.83646647271348,77.37078620140304,0.85,518.67,degradation,0.3867735470941884,none,0.0
1994,94.0,26.25,1447.7823222059278,2718.0,1247.7942547748767,16.576016596977684,0.861757750113476,0.8913163864654665,212.89593374380115,77.85971439419437,0.85,518.67,degradation,0.38877755511022044,none,0.0
1995,94.0,26.25,1448.8762012190696,2718.0,1248.0682804959183,16.561741754961307,0.860744363279432,0.8911502575979453,212.01247134151413,78.11682798736545,0.85,518.67,degradation,0.3907815631262525,none,0.0
1996,94.0,26.25,1449.6209279103396,2718.0,1247.5673320673482,16.552023261658533,0.8600557992719466,0.8914539589979765,212.09525324165043,78.04051721421605,0.85,518.67,degradation,0.3927855711422846,none,0.0
1997,94.0,26.25,1448.7486384249473,2718.0,1247.6144060830147,16.563406416876735,0.8608624166906906,0.8914254202429915,212.53542213305593,77.9324512151549,0.85,518.67,degradation,0.39478957915831664,none,0.0
1998,94.0,26.25,1448.4143042747596,2718.0,1246.9661827286432,16.567769392230748,0.8611719810549892,0.8918184074828508,213.36749203199383,77.64898595586651,0.85,518.67,degradation,0.3967935871743487,none,0.0
1999,94.0,26.25,1450.319926299351,2718.0,1248.694281313414,16.542901511032582,0.8594105165308861,0.8907707428338473,210.5835796033582,78.55741431592975,0.85,518.67,degradation,0.39879759519038077,none,0.0
2000,94.0,26.25,1449.4506655378784,2718.0,1245.2164525642709,16.554245142176413,0.8602131243499747,0.8928791863380979,214.53238638800894,77.1643173363856,0.85,518.67,degradation,0.40080160320641284,none,0.0
2001,94.0,26.25,1449.5373269190409,2718.0,1243.0663048866352,16.553114233264044,0.8601330406954146,0.8941827194419656,216.6293666954915,76.41214340312499,0.85,518.67,degradation,0.4028056112224449,none,0.0
2002,94.0,26.25,1448.3955996474408,2718.0,1247.3325771158597,16.568013482844737,0.8611893064905466,0.8915962798505135,213.01310195048188,77.77931653563836,0.85,518.67,degradation,0.40480961923847697,none,0.0
2003,94.0,26.25,1450.3949765405623,2718.0,1246.116674618736,16.541922124533972,0.8593412912034675,0.8923334241743952,213.10785541000394,77.62230112404126,0.85,518.67,degradation,0.40681362725450904,none,0.0
2004,94.0,26.25,1451.0678941090732,2718.0,1245.0337742187928,16.533140721960986,0.8587210990560472,0.8929899356011217,213.81158422160206,77.3257481915734,0.85,518.67,degradation,0.4088176352705411,none,0.0
2005,94.0,26.25,1449.8756729192492,2718.0,1246.6006280407062,16.548698904290895,0.8598205183575148,0.8920400260451271,212.91564915107415,77.72420190940862,0.85,518.67,degradation,0.41082164328657317,none,0.0
2006,94.0,26.25,1449.6318910823318,2718.0,1244.2479943650721,16.551880195061308,0.8600456711026405,0.8934663168573169,215.39711932231,76.84355411593904,0.85,518.67,degradation,0.41282565130260523,none,0.0
2007,94.0,26.25,1450.299377526211,2718.0,1247.3423311450588,16.543169667279003,0.8594294723862556,0.8915903664427559,211.9404480676751,78.05574546108618,0.85,518.67,degradation,0.4148296593186373,none,0.0
2008,94.0,26.25,1448.9597760199392,2718.0,1245.6260329547206,16.56065112513421,0.8606670362565891,0.8926308770692978,214.39815166971016,77.24250883770037,0.85,518.67,degradation,0.4168336673346693,none,0.0
2009,94.0,26.25,1451.0504811223611,2718.0,1247.2795413363924,16.533367956994624,0.8587371363920813,0.891628432941645,211.5835973415244,78.14106653223946,0.85,518.67,degradation,0.4188376753507014,none,0.0
2010,94.0,26.25,1450.5988506694796,2718.0,1246.7574054839238,16.53926161917044,0.8591532967476022,0.8919449792772703,212.35571543446633,77.88470202147448,0.85,518.67,degradation,0.42084168336673344,none,0.0
2011,94.0,26.25,1452.3944346853116,2718.0,1249.9646115081227,16.515829705910193,0.8575011155799226,0.8900006015645431,208.1622688396941,79.34113034975155,0.85,518.67,degradation,0.4228456913827655,none,0.0
2012,94.0,26.25,1451.992796827045,2718.0,1249.0777438808843,16.52107097748198,0.8578701250080577,0.8905382675690127,209.26818208471775,78.94688438968603,0.85,518.67,degradation,0.4248496993987976,none,0.0
2013,94.0,26.25,1451.8368477761612,2718.0,1246.5056009393309,16.52310607280534,0.8580134906152861,0.8920976364937934,211.91532048800843,77.97032340443893,0.85,518.67,degradation,0.42685370741482964,none,0.0
2014,94.0,26.25,1451.4295117348981,2718.0,1247.2947043919232,16.528421704211333,0.8583881850721322,0.891619240296393,211.35687487124028,78.20148606133836,0.85,518.67,degradation,0.4288577154308617,none,0.0
2015,94.0,26.25,1452.6868988634599,2718.0,1248.4462321694314,16.5120131230081,0.857232610417613,0.8909211233281411,209.50877374281606,78.81299111261819,0.85,518.67,degradation,0.4308617234468938,none,0.0
2016,94.0,26.25,1450.8259628297333,2718.0,1246.7695150330242,16.53629786342719,0.8589439710885985,0.8919376378289182,212.21685002042955,77.92170066531138,0.85,518.67,degradation,0.43286573146292584,none,0.0
2017,94.0,26.25,1452.3608723607827,2718.0,1247.5503282722352,16.51626768568181,0.8575319391978642,0.8914642675968004,210.58237756688038,78.43138574326471,0.85,518.67,degradation,0.4348697394789579,none,0.0
2018,94.0,26.25,1449.2970028546881,2718.0,1247.9121253095245,16.556250400984748,0.8603551604787328,0.8912449271208446,211.93292481915955,78.1202374058304,0.85,518.67,degradation,0.43687374749499,none,0.0
2019,94.0,26.25,1452.544932983583,2248.5175253128014,1248.235826267796,16.51386574151765,0.8573629252783065,0.8910486825004174,209.79737783046994,78.71340391519068,0.85,518.67,degradation,0.43887775551102204,TIT,-469.48247468719853
2020,94.0,26.25,1451.79922051285,2718.0,1248.2646692701308,16.523597098990894,0.8580480889311741,0.8910311963487684,210.18503532841964,78.61452682952589,0.85,518.67,degradation,0.4408817635270541,none,0.0
2021,94.0,26.25,1452.04259325012,2718.0,1250.4623638976655,16.520421146866493,0.8578243567221692,0.8896988377722015,207.86411425387587,79.4770237574014,0.85,518.67,degradation,0.44288577154308617,none,0.0
2022,94.0,26.25,1453.1662622422316,2718.0,1248.3938681353306,16.505757553225525,0.8567928805469581,0.8909528691717462,209.29322510136785,78.86427066729571,0.85,518.67,degradation,0.44488977955911824,none,0.0
2023,94.0,26.25,1452.406492042924,2718.0,1249.1475705169437,16.515672360469807,0.85749004265122,0.8904959349736371,208.96776589740443,79.03454530196969,0.85,518.67,degradation,0.4468937875751503,none,0.0
2024,94.0,26.25,1452.528408011488,2718.0,1248.1791231206066,16.51408138818712,0.8573780966343644,0.8910830589435906,209.8630252403551,78.68980907557975,0.85,518.67,degradation,0.44889779559118237,none,0.0
2025,94.0,26.25,1451.4771761817663,2718.0,1248.5095244691536,16.527799695341372,0.8583443232761637,0.8908827521926297,210.1212364971724,78.65839727039578,0.85,518.67,degradation,0.45090180360721444,none,0.0
2026,94.0,26.25,1452.1193564504124,2718.0,1249.3053454642625,16.51941940668894,0.8577538126241359,0.8904002834661012,208.97120231929034,79.05117654177374,0.85,518.67,degradation,0.4529058116232465,none,0.0
2027,94.0,26.25,1452.0401472549195,2718.0,1247.858341174203,16.52045306647976,0.8578266047416346,0.8912775339048269,210.45486407703265,78.49879421381675,0.85,518.67,degradation,0.45490981963927857,none,0.0
2028,94.0,26.25,1451.8296316670799,2718.0,1247.3673743824509,16.523200241187652,0.8580201256204143,0.8915751839093383,211.06112310603567,78.2863276667324,0.85,518.67,degradation,0.45691382765531063,none,0.0
2029,94.0,26.25,1452.2401336964679,2718.0,1248.7726594321914,16.517843294444443,0.8576428438393141,0.8907232258779154,209.43350364185108,78.86915420510438,0.85,518.67,degradation,0.4589178356713427,none,0.0
2030,94.0,26.25,1452.7236879502193,2718.0,1246.922200134664,16.511533034812686,0.8571988470426758,0.8918450720547041,211.00522081172244,78.25177486743675,0.85,518.67,degradation,0.46092184368737477,none,0.0
2031,94.0,26.25,1453.8115760864764,2718.0,1249.7790888712916,16.49733637221107,0.8562016328454269,0.890113075187235,207.55542191298048,79.48400586291467,0.85,518.67,degradation,0.46292585170340683,none,0.0
2032,94.0,26.25,1453.0113466962166,2718.0,1248.1236618495066,16.507779161574046,0.8569349384119784,0.8911166824958767,209.64857185156484,78.74024142297456,0.85,518.67,degradation,0.4649298597194389,none,0.0
2033,94.0,26.25,1454.2185233271662,2718.0,1248.9980864989009,16.49202581455336,0.8558292001139625,0.8905865600818773,208.10470097740597,79.24869422504737,0.85,518.67,degradation,0.46693386773547096,none,0.0
2034,94.0,26.25,1453.5304474320046,2718.0,1252.5949319441768,16.501005029421464,0.8564591074381961,0.8884059623693665,204.91623504258416,80.52561099413303,0.85,518.67,degradation,0.46893787575150303,none,0.0
2035,94.0,26.25,1453.776977656337,2718.0,1249.2664820978157,16.497787872896538,0.8562333118223645,0.8904238444918009,208.0843387375187,79.28414013755808,0.85,518.67,degradation,0.4709418837675351,none,0.0
2036,94.0,26.25,1453.8216466712595,2718.0,1246.7375834540069,16.497204953649177,0.8561924124679986,0.891956996438906,210.57606397854113,78.34321072375222,0.85,518.67,degradation,0.4729458917835671,none,0.0
2037,94.0,26.25,1455.085639354572,2718.0,1250.499408408585,16.480710171641867,0.8550367067115111,0.8896763794328034,206.12827703161952,79.95365996832045,0.85,518.67,degradation,0.4749498997995992,none,0.0
2038,94.0,26.25,1456.7275512758647,2718.0,1249.9985847717157,16.459283640005662,0.8535401088108991,0.8899800051775133,205.70918201602694,80.01239166233866,0.85,518.67,degradation,0.47695390781563124,none,0.0
2039,94.0,26.25,1454.4073913528837,2718.0,1250.112630707046,16.48956113500775,0.8556564606542908,0.8899108645070325,206.8912689365725,79.70158054404425,0.85,518.67,degradation,0.4789579158316633,none,0.0
2040,94.0,26.25,1452.8754648234153,2718.0,1247.9179777778593,16.509552385343614,0.857059581147099,0.8912413790453831,209.9291257175164,78.64345801906069,0.85,518.67,degradation,0.48096192384769537,none,0.0
2041,94.0,26.25,1454.1088277748806,2718.0,1250.014975405981,16.493457313521677,0.8559295601310809,0.8899700683091856,207.15501353562206,79.61891451246719,0.85,518.67,degradation,0.48296593186372744,none,0.0
2042,94.0,26.25,1453.182827811715,2718.0,1249.502359182953,16.505541376770495,0.8567776926741189,0.890280843342569,208.18155708498102,79.28435932503295,0.85,518.67,degradation,0.4849699398797595,none,0.0
2043,94.0,26.25,1455.308751526949,2718.0,1252.3667928089587,16.477798614719802,0.854833032566292,0.8885442723645997,204.1496923947551,80.71429558099662,0.85,518.67,degradation,0.48697394789579157,none,0.0
2044,94.0,26.25,1455.0056096421436,2718.0,1248.3572244674226,16.48175453896934,0.855109787710513,0.8909750844989361,208.3027132797788,79.12405114393353,0.85,518.67,degradation,0.48897795591182364,none,0.0
2045,94.0,26.25,1452.148056766544,2718.0,1249.566478100556,16.51904487488636,0.8577274404931503,0.8902419710676324,208.69556201764306,79.15379088650599,0.85,518.67,degradation,0.4909819639278557,none,0.0
2046,94.0,26.25,1455.5802199560956,2718.0,1251.688786915632,16.47425602098508,0.8545853458876853,0.888955315352838,204.67100083950277,80.4914030488556,0.85,518.67,degradation,0.49298597194388777,none,0.0
2047,94.0,26.25,1454.2477596436656,2718.0,1252.7110188604597,16.491644288082743,0.8558024558983096,0.8883355843484173,204.40057587472563,80.68296391782306,0.85,518.67,degradation,0.49498997995991983,none,0.0
2048,94.0,26.25,1454.3590735187715,2718.0,1248.5176404657848,11.611075143996963,0.8557006457026073,0.8908778318467439,208.50410322472658,79.08809186666862,0.85,518.67,degradation,0.4969939879759519,Wf,-4.8791165264175715
2049,94.0,26.25,1454.5934272216698,2718.0,1250.2948749692468,16.48713341438746,0.8554863796536337,0.8898003784082218,206.6063078691626,79.79975821855476,0.85,518.67,degradation,0.49899799599198397,none,0.0
2050,94.0,26.25,1454.562291433298,2718.0,1249.7167005373008,16.487539728481366,0.8555148404531461,0.8901508982909679,207.1982853120528,79.5737267016962,0.85,518.67,degradation,0.501002004008016,none,0.0
2051,94.0,26.25,1456.1438222200798,2718.0,1247.0125584316409,16.466901155244177,0.854071575556937,0.8917902920818941,209.00566135260567,78.78686657900371,0.85,518.67,degradation,0.503006012024048,none,0.0
2052,94.0,26.25,1455.7858563402049,2718.0,1248.8512965556756,16.47157251864093,0.8543978196183855,0.8906755518996483,207.37559489018622,79.42869327204724,0.85,518.67,degradation,0.5050100200400801,none,0.0
2053,94.0,26.25,1458.168845938544,2718.0,1248.0914841424913,16.440475112406517,0.8522306843144987,0.8911361903216587,206.80098786061114,79.49901633684553,0.85,518.67,degradation,0.5070140280561122,none,0.0
2054,94.0,26.25,1454.0123333612962,2718.0,1250.21389446832,16.49471654099824,0.8560178619410473,0.8898494730656837,207.01121723072083,79.6803031335946,0.85,518.67,degradation,0.5090180360721442,none,0.0
2055,94.0,26.25,1455.1174420237924,2718.0,1249.4079580438422,16.480295154923045,0.855007668830329,0.890338074299844,207.19524910347036,79.53992780352324,0.85,518.67,degradation,0.5110220440881763,none,0.0
2056,94.0,26.25,1456.545363659336,2718.0,1249.4928616259137,16.46166114191587,0.8537059138251488,0.8902866012633551,206.31358323454333,79.78951692774281,0.85,518.67,degradation,0.5130260521042084,none,0.0
2057,94.0,26.25,1456.8377324822543,2718.0,1251.4655689519086,16.457845803375204,0.8534398665241154,0.8890906418739498,204.1904875996022,80.60045302231437,0.85,518.67,degradation,0.5150300601202404,none,0.0
2058,94.0,26.25,1454.8244765795616,2718.0,1248.919874498664,16.48411827921962,0.8552752397363986,0.8906339763279747,207.84416006988545,79.3099901083437,0.85,518.67,degradation,0.5170340681362725,none,0.0
2059,94.0,26.25,1456.945634454184,2718.0,1251.803678288514,16.45643771017289,0.8533417206902689,0.8888856621334529,203.79460003161273,80.75011657629868,0.85,518.67,degradation,0.5190380761523046,none,0.0
2060,94.0,26.25,1456.9889816173543,2718.0,1249.451300384956,16.455872040753626,0.8533022991891255,0.8903117978830988,206.107215373823,79.84131953317161,0.85,518.67,degradation,0.5210420841683366,none,0.0
2061,94.0,26.25,1457.489128463433,2718.0,1250.1374944455074,16.449345252025626,0.8528477106099711,0.8898957907953485,205.1459246551682,80.18363162551483,0.85,518.67,degradation,0.5230460921843687,none,0.0
2062,94.0,26.25,1455.6800013765965,2718.0,1250.9375538095196,16.472953898906944,0.8544943418006142,0.8894107525456989,205.36120471434367,80.21453673209959,0.85,518.67,degradation,0.5250501002004008,none,0.0
2063,94.0,26.25,1455.5012770308037,2718.0,1251.3600588584504,16.475286206017714,0.8546573582860433,0.8891546076661815,205.04143130254135,80.35101053166278,0.85,518.67,degradation,0.5270541082164328,none,0.0
2064,94.0,26.25,1456.9549608815482,2718.0,1252.5361626100319,16.456316002675443,0.8533332385873827,0.8884415914442189,203.06251851567367,81.0406377452924,0.85,518.67,degradation,0.5290581162324649,none,0.0
2065,94.0,26.25,1455.7131963548334,2718.0,1252.2546866040193,16.472520712910708,0.8544640711351954,0.8886122370680511,204.0351142676392,80.73375395228877,0.85,518.67,degradation,0.531062124248497,none,0.0
2066,94.0,26.25,1456.5557439629906,2718.0,1251.174074370229,16.461525681601735,0.8536964652044886,0.8892673612875834,204.63736098442382,80.44242557865434,0.85,518.67,degradation,0.533066132264529,none,0.0
2067,94.0,26.25,1458.2096082650771,2718.0,1252.127252999885,16.439943174445837,0.8521937099228604,0.8886894940505654,202.7677400650067,81.07770579864057,0.85,518.67,degradation,0.5350701402805611,none,0.0
2068,94.0,26.25,1455.641817166236,2718.0,1250.8560333135142,16.473452193109377,0.8545291648242112,0.8894601745767026,205.46349062763375,80.17702874017944,0.85,518.67,degradation,0.5370741482965932,none,0.0
2069,94.0,26.25,1458.3824761456883,2718.0,1250.7511421166987,16.4376872927114,0.8520369418430019,0.8895237651610961,204.0374742270659,80.56209946227081,0.85,518.67,degradation,0.5390781563126252,none,0.0
2070,94.0,26.25,1457.541896164768,2718.0,1245.6235157765564,16.448656646986976,0.8527997777519726,0.892632403115671,209.60897697488917,78.47305437189125,0.85,518.67,degradation,0.5410821643286573,none,0.0
2071,94.0,26.25,1457.1775888702489,2718.0,1252.0148285250507,16.453410764226817,0.8531308152241078,0.8887576517060399,203.45552184085102,80.8698167312321,0.85,518.67,degradation,0.5430861723446894,none,0.0
2072,94.0,26.25,1456.0407164136388,2718.0,1254.4898544853718,16.468246659710605,0.854165518899751,0.8872571602254928,201.63601941841773,81.6731390909732,0.85,518.67,degradation,0.5450901803607214,none,0.0
2073,94.0,26.25,1457.6081404416989,2718.0,1248.2294556142185,16.44779217607537,0.8527396107375435,0.8910525447271461,206.9767591748589,79.46685532060093,0.85,518.67,degradation,0.5470941883767535,none,0.0
2074,94.0,26.25,1457.950393869911,2718.0,1254.4443704878324,16.443325856163757,0.8524288908960009,0.8872847350274963,200.61484774171777,81.96465037988499,0.85,518.67,degradation,0.5490981963927856,none,0.0
2075,94.0,26.25,1458.3692084635625,2718.0,1249.2522480017005,16.43786043257787,0.8520489718151485,0.8904324739527828,205.5344963281533,79.97616325355638,0.85,518.67,degradation,0.5511022044088176,none,0.0
2076,94.0,26.25,1457.628898279018,2718.0,1253.1012268671643,16.447521291594757,0.8527207589750783,0.8880990196419906,202.12574852504622,81.37271679444977,0.85,518.67,degradation,0.5531062124248497,none,0.0
2077,94.0,26.25,1458.9096227711398,2718.0,1252.70687707091,16.430808163751628,0.8515592461707768,0.8883380953200326,201.8018108516202,81.42051894585222,0.85,518.67,degradation,0.5551102204408818,none,0.0
2078,94.0,26.25,1457.866001788219,2718.0,1249.6424521858348,16.444427151297052,0.8525054864612083,0.8901959115638004,205.42751856097084,80.0497774908202,0.85,518.67,degradation,0.5571142284569138,none,0.0
2079,94.0,26.25,1457.2153273871843,2718.0,1251.1637054864777,16.452918286209854,0.8530965111891519,0.8892736474526503,204.27939006835516,80.54125421416447,0.85,518.67,degradation,0.5591182364729459,none,0.0
2080,94.0,26.25,1459.956409831634,2718.0,1254.1723922604092,16.41714785970171,0.8506122430154935,0.8874496225962271,199.76432357989881,82.18258178185364,0.85,518.67,degradation,0.561122244488978,none,0.0
2081,94.0,26.25,1458.0076420463483,2718.0,1254.2674330451746,16.442578782068217,0.8523769393959633,0.8873920038519669,200.75820461961825,81.90240002007587,0.85,518.67,degradation,0.56312625250501,none,0.0
2082,94.0,26.25,1458.955254867207,2718.0,1251.6125317939793,16.430212676541064,0.8515179199528793,0.8890015452357654,202.8623042409548,80.9919454381513,0.85,518.67,degradation,0.5651302605210421,none,0.0
2083,94.0,26.25,1460.0743331798883,2718.0,1253.8698292189026,16.415608990095336,0.8505056925777835,0.8876330522948997,199.99834959107113,82.0787222677572,0.85,518.67,degradation,0.5671342685370742,none,0.0
2084,94.0,26.25,1459.031404145389,2718.0,1251.4156840173368,16.42921894789041,0.8514489651077768,0.889120884756462,203.0152150851792,80.92604754277748,0.85,518.67,degradation,0.5691382765531062,none,0.0
2085,94.0,26.25,1457.8671937283775,2718.0,1251.3112342163497,16.44441159678211,0.8525044045419568,0.8891842077433878,203.76893941860578,80.70126705130507,0.85,518.67,degradation,0.5711422845691383,none,0.0
2086,94.0,26.25,1459.0674353350046,2718.0,1253.609497071463,16.428748750059345,0.8514163419657337,0.8877908793947396,200.81859584578467,81.80890161524448,0.85,518.67,degradation,0.5731462925851704,none,0.0
2087,94.0,26.25,1460.4443019530624,2718.0,1253.287457326927,16.410780992003584,0.8501715779740954,0.8879861168996468,200.3691398307526,81.90273714737414,0.85,518.67,degradation,0.5751503006012024,none,0.0
2088,94.0,26.25,1458.917380532902,2718.0,1251.9556356821324,16.43070692694004,0.8515522201541189,0.8887935375342827,202.5428850513507,81.12211358485568,0.85,518.67,degradation,0.5771543086172345,none,0.0
2089,94.0,26.25,1461.8081325974201,2718.0,1253.8729560593138,16.392983350078463,0.8489421821826116,0.8876311566390672,199.02721229255587,82.36553766317111,0.85,518.67,degradation,0.5791583166332666,none,0.0
2090,94.0,26.25,1458.2617797028197,2718.0,1252.5124478989328,16.439262350494932,0.8521463913191413,0.8884559685548182,202.35640539899134,81.23914989536019,0.85,518.67,degradation,0.5811623246492986,none,0.0
2091,94.0,26.25,1461.2724089798148,2718.0,1248.8233500819554,16.3999744065974,0.8494246744536305,0.8906924945282916,204.34006514977705,80.25824203675653,0.85,518.67,degradation,0.5831663326653307,none,0.0
2092,94.0,26.25,1459.8454330385646,2718.0,1252.1413839111572,16.418596078535344,0.8507125412336172,0.8886809271456861,201.84038154256643,81.34445621364823,0.85,518.67,degradation,0.5851703406813628,none,0.0
2093,94.0,26.25,1459.4823999449084,2718.0,1253.447785387658,16.423333567779036,0.8510408073211754,0.887888917559892,200.74723166676245,81.8110089559867,0.85,518.67,degradation,0.5871743486973948,none,0.0
2094,94.0,26.25,1460.841119186638,2718.0,1249.407902702321,16.40560262835403,0.8498135084825073,0.8903381078507975,203.99958437535645,80.4197845725408,0.85,518.67,degradation,0.5891783567134269,none,0.0
2095,94.0,26.25,1459.0367909804852,2718.0,1251.6179013842084,16.429148651066864,0.8514440876331448,0.8889982899065195,202.81144942982178,81.00700772690742,0.85,518.67,degradation,0.591182364729459,none,0.0
2096,94.0,26.25,1459.6193194913997,2718.0,1254.694727874212,16.421546802632587,0.8509169705544437,0.8871329551547286,199.43499773186682,82.34034642560965,0.85,518.67,degradation,0.593186372745491,none,0.0
2097,94.0,26.25,1458.9551541591163,2718.0,1254.4966181631075,16.43021399075595,0.8515180111536641,0.8872530597267578,200.00209044033602,82.15021130320314,0.85,518.67,degradation,0.5951903807615231,none,0.0
2098,94.0,26.25,1460.1652443911205,2718.0,1255.8761373557604,16.414422621984908,0.8504235673592728,0.8864167223189844,197.96032030341723,82.91774127676818,0.85,518.67,degradation,0.5971943887775552,none,0.0
2099,94.0,26.25,1462.85688633972,2718.0,1252.7130989854236,16.37929738133278,0.8479992213096731,0.8883343232667814,199.59175003948155,82.06400003052613,0.85,518.67,degradation,0.5991983967935872,none,0.0
2100,94.0,26.25,1461.5986545503163,2718.0,1256.585310111252,16.395716985144485,0.8491307804923242,0.8859867843325103,196.45820797561703,83.45651298610747,0.85,518.67,degradation,0.6012024048096193,none,0.0
2101,94.0,26.25,1460.213160012186,2718.0,1249.8733113974984,16.413797335355756,0.8503802888616645,0.8900559525145377,203.88755384169303,80.50416529152204,0.85,518.67,degradation,0.6032064128256514,none,0.0
2102,94.0,26.25,1459.38487106578,2718.0,1253.8608867401597,16.424606294767,0.8511290392164959,0.8876384736979007,200.39216299618352,81.96231853178715,0.85,518.67,degradation,0.6052104208416834,none,0.0
2103,94.0,26.25,1461.0245134729507,2718.0,1252.0383072220925,16.403209379711015,0.8496481238638112,0.8887434176796296,201.2843544509285,81.4927192153426,0.85,518.67,degradation,0.6072144288577155,none,0.0
2104,94.0,26.25,1459.9022303799657,2718.0,1254.1353236538093,16.417854887721997,0.8506612061761475,0.8874720955436993,199.83130868724118,82.15857162511915,0.85,518.67,degradation,0.6092184368737475,none,0.0
2105,94.0,26.25,1461.2187238588454,2718.0,1253.1389235707127,16.400674983728205,0.8494730554712356,0.888076165908969,200.0840455045501,81.96892931853098,0.85,518.67,degradation,0.6112224448897795,none,0.0
2106,94.0,26.25,1460.753491524595,2718.0,1253.9203985420625,16.40674614698534,0.8498925536749883,0.8876023944998725,199.5690298945716,82.21088289927903,0.85,518.67,degradation,0.6132264529058116,none,0.0
2107,94.0,26.25,1461.612412041683,2718.0,1251.4910018439214,16.395537453392393,0.8491183917088391,0.8890752231113175,201.49937483451708,81.36768397846076,0.85,518.67,degradation,0.6152304609218436,none,0.0
2108,94.0,26.25,1460.2491361734635,2718.0,1253.045636936207,16.413327855630467,0.8503477972555491,0.8881327211946786,200.7179125355567,81.77310957597211,0.85,518.67,degradation,0.6172344689378757,none,0.0
2109,94.0,26.25,1459.7960442985843,2718.0,1254.536659259922,16.419240588990466,0.8507571852223276,0.8872287846986954,199.49292263450798,82.30487764757571,0.85,518.67,degradation,0.6192384769539078,none,0.0
2110,94.0,26.25,1460.0132855977763,2718.0,1253.0704705533374,16.416405645465503,0.8505608492001324,0.8881176657441368,200.8249672871782,81.74484411587214,0.85,518.67,degradation,0.6212424849699398,none,0.0
2111,94.0,26.25,1458.3033390363064,2718.0,1255.9984198465324,16.438720011796867,0.8521087014729161,0.8863425882134981,198.87885006477097,82.65695425352214,0.85,518.67,degradation,0.6232464929859719,none,0.0
2112,94.0,26.25,1462.8024334649674,2718.0,1253.406762488893,16.380007977454557,0.8480481296976825,0.8879137878081604,198.93422007221943,82.33881516969828,0.85,518.67,degradation,0.625250501002004,none,0.0
2113,94.0,26.25,1461.7055730830991,2718.0,1250.9469619997144,16.394321725572116,0.8490345086020772,0.8894050488038143,201.98758322567528,81.16499768827464,0.85,518.67,degradation,0.627254509018036,none,0.0
2114,94.0,26.25,1463.002235512536,2718.0,1252.7371402569302,16.377400611713625,0.8478686994649971,0.8883197481780125,199.48674864687098,82.09768680276954,0.85,518.67,degradation,0.6292585170340681,none,0.0
2115,94.0,26.25,1461.0786269272098,2718.0,1253.13359341452,16.40250321294008,0.849599336752177,0.8880793973312187,200.16755213721729,81.9438667147009,0.85,518.67,degradation,0.6312625250501002,none,0.0
2116,94.0,26.25,1463.551669505816,2718.0,1252.0399394383185,16.37023063829035,0.847375677004769,0.8887424281439316,199.8717391395537,81.9036783727608,0.85,518.67,degradation,0.6332665330661322,none,0.0
2117,94.0,26.25,1461.2267767269027,2718.0,1253.4391155092876,16.400569895854762,0.8494657978772072,0.887894173698147,199.78188396488827,82.09237779906594,0.85,518.67,degradation,0.6352705410821643,none,0.0
2118,94.0,26.25,1462.4769158678762,2718.0,1254.1212676625978,16.384255899040216,0.8483406202322992,0.8874806170280805,198.40770565833986,82.57872769948803,0.85,518.67,degradation,0.6372745490981964,none,0.0
2119,94.0,26.25,1462.9035245678808,2718.0,1253.5033786427002,16.378688764355108,0.8479573363520492,0.8878552139919682,198.78198542261566,82.39523681954171,0.85,518.67,degradation,0.6392785571142284,none,0.0
2120,94.0,26.25,1462.8927564968756,2718.0,1256.026072487086,16.37882928493423,0.8479670065964319,0.8863258237220423,196.28905639527125,83.44239656413576,0.85,518.67,degradation,0.6412825651302605,none,0.0
2121,94.0,26.25,1464.2084518532977,2718.0,1255.933027870966,16.361659796234868,0.8467870796978577,0.886382232283422,195.6465518464172,83.62866425102544,0.85,518.67,degradation,0.6432865731462926,none,0.0
2122,94.0,26.25,1462.9032274397207,2718.0,1254.8031358051828,16.37869264180178,0.8479576031844331,0.8870672325403184,197.49409409498014,82.93256928445078,0.85,518.67,degradation,0.6452905811623246,none,0.0
2123,94.0,26.25,1463.0223786504248,2718.0,1253.998704403794,16.37713774890373,0.8478506143343709,0.887554921349979,198.22462333295948,82.61908875667238,0.85,518.67,degradation,0.6472945891783567,none,0.0
2124,94.0,26.25,1464.0737291896676,2718.0,1252.4733228529801,16.363417892620518,0.8469077492143637,0.8884796882244577,199.1502171036526,82.16620664844054,0.85,518.67,degradation,0.6492985971943888,none,0.0
2125,94.0,26.25,1463.7842386288485,2718.0,1255.67193444419,16.367195670575192,0.8471671589124316,0.8865405209110101,196.14185587974907,83.44570615569997,0.85,518.67,degradation,0.6513026052104208,none,0.0
2126,94.0,26.25,1463.0597585227388,2718.0,1258.0523990263812,16.376649951107574,0.8478170555760098,0.8850973575330959,194.19168625665168,84.33239479399506,0.85,518.67,degradation,0.6533066132264529,none,0.0
2127,94.0,26.25,1464.5917696102397,2718.0,1253.470972390619,16.35665759731096,0.8464439344881529,0.8878748603738422,197.87151109629883,82.66302464001808,0.85,518.67,degradation,0.655310621242485,none,0.0
2128,94.0,26.25,1465.7633652040656,2718.0,1253.3119277908504,16.34136857374617,0.8453968466080121,0.8879712816117629,197.3750651856334,82.79348031311319,0.85,518.67,degradation,0.657314629258517,none,0.0
2129,94.0,26.25,1462.2493637741172,2718.0,1255.8308598798192,16.387225395803462,0.8485452047026317,0.8864441719166853,196.84150477003186,83.25086426741407,0.85,518.67,degradation,0.6593186372745491,none,0.0
2130,94.0,26.25,1943.305654225102,2718.0,1253.4416549104153,16.36804759944504,0.8472256805028973,0.8878926341790394,198.38789974511064,82.50527184608917,0.85,518.67,degradation,0.6613226452905812,T2,479.5866987783962
2131,94.0,26.25,1464.6778897938373,2718.0,1253.9222988144093,16.35553375088873,0.8463668781466258,0.887601242454394,197.37602406244855,82.86484555851595,0.85,518.67,degradation,0.6633266533066132,none,0.0
2132,94.0,26.25,1465.0184275582567,2718.0,1256.2075796690392,16.351089819951852,0.8460623181387371,0.886215784480214,194.92259134302196,83.88504229957337,0.85,518.67,degradation,0.6653306613226453,none,0.0
2133,94.0,26.25,1465.2739560765983,2718.0,1254.9207084167242,16.347755237986036,0.8458339300687412,0.8869959538124214,196.0539794126854,83.38395010883558,0.85,518.67,degradation,0.6673346693386774,none,0.0
2134,94.0,26.25,1463.2001544474983,2718.0,1255.8556983552442,16.374817820111726,0.8476910351848301,0.8864291135207887,196.2860601735722,83.42323344628636,0.85,518.67,degradation,0.6693386773547094,none,0.0
2135,94.0,26.25,1466.026965446269,2718.0,1257.404019470934,16.337928657843477,0.8451616165715505,0.8854904394702984,193.1759696095388,84.57536768608887,0.85,518.67,degradation,0.6713426853707415,none,0.0
2136,94.0,26.25,1464.2752470701616,2718.0,1252.6424035971208,16.360788135697703,0.8467272647520319,0.8883771825456588,198.8699615962928,82.26877505467719,0.85,518.67,degradation,0.6733466933867736,none,0.0
2137,94.0,26.25,1464.3881385492793,2718.0,1256.3885191292554,16.35931493069968,0.8466261899291742,0.8861060894212927,195.09545471858473,83.85287578481599,0.85,518.67,degradation,0.6753507014028056,none,0.0
2138,94.0,26.25,1464.0841117023851,2718.0,1256.2115009772444,16.36328240347867,0.8468984484959083,0.8862134071760366,195.44037047791778,83.72519128706578,0.85,518.67,degradation,0.6773547094188377,none,0.0
2139,94.0,26.25,1465.47561283373,2718.0,1257.4635209251126,16.34512366875854,0.8456537789108923,0.8854543665456074,193.4249744514376,84.50368787750436,0.85,518.67,degradation,0.6793587174348698,none,0.0
2140,94.0,26.25,1463.5911049062831,2718.0,1260.1370407919349,16.369716016376266,0.8473403125717013,0.8838335375734864,191.8361149922623,85.3317740355435,0.85,518.67,degradation,0.6813627254509018,none,0.0
2141,94.0,26.25,1464.384415907835,2718.0,1256.7797239511126,16.359363510220682,0.8466295225269326,0.8858689203928638,194.71049364122996,84.01891035397482,0.85,518.67,degradation,0.6833667334669339,none,0.0
2142,94.0,26.25,1465.8482064411205,2718.0,1253.2894640362372,16.340261417249994,0.8453211221944,0.8879849003264585,197.34997000444105,82.7983982813997,0.85,518.67,degradation,0.685370741482966,none,0.0
2143,94.0,26.25,1466.3010925653432,2718.0,1257.2687683309748,16.334351368883564,0.84491713143285,0.8855724358559917,193.1566575037176,84.56530352089564,0.85,518.67,degradation,0.687374749498998,none,0.0
2144,94.0,26.25,1465.7590842677819,2718.0,1255.5304896195942,16.341424438872384,0.8454006678853289,0.8866262722355116,195.17926667154757,83.72520666537872,0.85,518.67,degradation,0.6893787575150301,none,0.0
2145,94.0,26.25,1466.2204873523133,2718.0,1258.875276468976,16.33540324634705,0.8449890059411541,0.8845984857588429,191.61387710255747,85.25167119082849,0.85,518.67,degradation,0.6913827655310621,none,0.0
2146,94.0,26.25,1466.808501102592,2718.0,1254.2318133619945,16.327729816938636,0.8444649631417636,0.8874135983855227,195.87968837061806,83.35591072641196,0.85,518.67,degradation,0.6933867735470942,none,0.0
2147,94.0,26.25,1465.8660052620028,2718.0,1255.6673971598796,16.34002914717888,0.8453052377109792,0.8865432716524413,194.98402795968184,83.80188530394715,0.85,518.67,degradation,0.6953907815631263,none,0.0
2148,94.0,26.25,1466.3552585037025,2718.0,1257.565392670382,16.333644517208505,0.8448688393138691,0.8853926065122436,192.83311602564197,84.70352423821508,0.85,518.67,degradation,0.6973947895791583,none,0.0
2149,94.0,26.25,1464.2971756915633,2718.0,1256.8540958962064,16.36050197278354,0.8467076295701159,0.8858238321910451,194.68563439681543,84.03548635456563,0.85,518.67,degradation,0.6993987975951904,none,0.0
2150,94.0,26.25,1466.7843322241533,2718.0,1254.8017276240125,16.328045214635523,0.8444864898399118,0.8870680862541309,195.32853881004348,83.59272697224499,0.85,518.67,degradation,0.7014028056112225,none,0.0
2151,94.0,26.25,1467.2102452669078,2718.0,1257.6568893632957,16.32248715810003,0.8441072989597699,0.885337136383681,192.26528953002116,84.89565224174987,0.85,518.67,degradation,0.7034068136272545,none,0.0
2152,94.0,26.25,1466.500129301704,2718.0,1256.7415661440025,16.331753990258623,0.8447397056018526,0.8858920536712225,193.56696729968712,84.37262937003726,0.85,518.67,degradation,0.7054108216432866,none,0.0
2153,94.0,26.25,1466.3327908648876,2718.0,1253.3579632308515,16.33393771416239,0.8448888698649373,0.8879433724962091,197.01148930969168,126.95729484871009,0.85,518.67,degradation,0.7074148296593187,SFC,44.04874077709299
2154,94.0,26.25,1466.3592214145076,2718.0,1260.7967792264783,16.333592802233646,0.8448653063625848,0.8834335692837422,189.63960343924202,86.1296506953871,0.85,518.67,degradation,0.7094188376753507,none,0.0
2155,94.0,26.25,1466.482792944242,2718.0,1256.8778633902086,16.3319802253001,0.8447551566588625,0.8858094230806619,193.44182153119084,84.42838314912532,0.85,518.67,degradation,0.7114228456913828,none,0.0
2156,94.0,26.25,1466.9127681205382,2718.0,1256.6007724676733,16.326369158958343,0.8443721073389807,0.8859774102352479,193.4758636013256,84.38452660224478,0.85,518.67,degradation,0.7134268537074149,none,0.0
2157,94.0,26.25,1467.1063354014307,2718.0,1257.1593505868557,16.323843155331723,0.8441997786261528,0.8856387706724757,192.81526966704075,84.66053120958848,0.85,518.67,degradation,0.7154308617234469,none,0.0
2158,94.0,26.25,1466.4983395186193,2718.0,1258.0328291795622,16.331777346471213,0.8447413007227969,0.8851092218080159,192.2911540255924,84.93254632138505,0.85,518.67,degradation,0.717434869739479,none,0.0
2159,94.0,26.25,1468.3656317451243,2718.0,1252.2171332458825,16.307409659358157,0.8430803697765853,0.8886350038975122,197.00810190258687,82.77532498344439,0.85,518.67,degradation,0.7194388777555111,none,0.0
2160,94.0,26.25,1468.2173807676406,2718.0,1257.105718631326,16.30934429678783,0.8432119982676416,0.8856712851970292,192.2479770132718,84.83493324697986,0.85,518.67,degradation,0.7214428857715431,none,0.0
2161,94.0,26.25,1469.2093943039008,2718.0,1257.1449013893227,16.296398773253603,0.8423319950597459,0.8856475305392999,191.65535157648503,85.02970900215172,0.85,518.67,degradation,0.7234468937875751,none,0.0
2162,94.0,26.25,1468.688066682451,2718.0,1258.1329735160969,16.303201965695877,0.8427942293591303,0.8850485090210778,190.9695798991903,85.37067513214446,0.85,518.67,degradation,0.7254509018036072,none,0.0
2163,94.0,26.25,1466.5757454719358,2718.0,1256.6906670809594,16.330767218530696,0.8446723191747891,0.8859229113719853,193.57510084920466,84.36398662270305,0.85,518.67,degradation,0.7274549098196392,none,0.0
2164,94.0,26.25,1467.2235450468957,2718.0,1260.456908610401,16.322313599364648,0.8440954636327913,0.8836396168048947,189.49234448542063,86.13706080680463,0.85,518.67,degradation,0.7294589178356713,none,0.0
2165,94.0,26.25,1465.9124973275023,2718.0,1259.5674391599714,16.33942243758664,0.8452637488772439,0.8841788601720241,191.10228092420516,85.50092839586341,0.85,518.67,degradation,0.7314629258517034,none,0.0
2166,94.0,26.25,1466.3705420627061,2718.0,1255.9825568686938,16.33344507066314,0.8448552141209071,0.8863522051886268,194.39036216353873,84.02394485443659,0.85,518.67,degradation,0.7334669338677354,none,0.0
2167,94.0,26.25,1467.5514319224642,2718.0,1259.1439587261016,16.318034759299387,0.8438037856475964,0.8844355963814162,190.6053860450719,85.611614120079,0.85,518.67,degradation,0.7354709418837675,none,0.0
2168,94.0,26.25,1468.1432390403938,2718.0,1258.5765663846187,16.31031182741101,0.8432778423498296,0.8847795795913591,190.83543725811057,85.46794066005063,0.85,518.67,degradation,0.7374749498997996,none,0.0
2169,94.0,26.25,1468.3941073479807,2718.0,1258.2780622230582,16.30703806000648,0.8430550916757137,0.8849605485825979,190.99032254587792,85.38148866725619,0.85,518.67,degradation,0.7394789579158316,none,0.0
2170,94.0,26.25,1470.8425448554724,2718.0,1256.0816580254977,16.27508657525678,0.8408872411968344,0.8862921248323474,191.79541090467444,84.85649629722252,0.85,518.67,degradation,0.7414829659318637,none,0.0
2171,94.0,26.25,1468.7440763598743,2718.0,1258.7977933451782,16.30247105369647,0.8427445441460558,0.8846454601215399,190.2814132291279,85.67558321666344,0.85,518.67,degradation,0.7434869739478958,none,0.0
2172,94.0,26.25,1469.3977395894667,2718.0,1257.4729668332918,16.29394091533359,0.8421651236689739,0.8854486399370883,191.22578066496794,85.2078671540683,0.85,518.67,degradation,0.7454909819639278,none,0.0
2173,94.0,26.25,1469.8875200042082,2718.0,1261.850208778332,16.287549405889536,0.8417314941627075,0.8827949246419268,186.63080323928068,87.2714960402713,0.85,518.67,degradation,0.7474949899799599,none,0.0
2174,94.0,26.25,1468.532590936599,2718.0,1257.3402118214856,16.305230884509342,0.8429321799034086,0.885529123038037,191.84008960987546,84.9938660770412,0.85,518.67,degradation,0.749498997995992,none,0.0
2175,94.0,26.25,1469.3299035437394,2718.0,1260.156010714121,16.294826158421852,0.8422252178747212,0.8838220370045696,188.61323022515728,86.39280573780472,0.85,518.67,degradation,0.751503006012024,none,0.0
2176,94.0,26.25,1469.117332279722,2718.0,1260.744395029539,16.29760015917935,0.8424135848394865,0.8834653273511254,188.15133618820414,86.6196354985073,0.85,518.67,degradation,0.7535070140280561,none,0.0
2177,94.0,26.25,1470.4916738803888,2718.0,1259.6330529563377,16.279665351956282,0.8411972183011079,0.8841390816226141,188.48079280239347,86.37307340395245,0.85,518.67,degradation,0.7555110220440882,none,0.0
2178,94.0,26.25,1468.4920172423863,2718.0,1259.059023753734,16.305760360866365,0.8429681875678855,0.8844870884483608,190.1641118060894,85.74572881287597,0.85,518.67,degradation,0.7575150300601202,none,0.0
2179,94.0,26.25,1470.0630667385876,2718.0,1255.3027966296895,16.285258565796934,0.841576181684416,0.8867643117538883,193.00165842943613,84.37885300219341,0.85,518.67,degradation,0.7595190380761523,none,0.0
2180,94.0,26.25,1469.2722366980984,2718.0,1258.0339643815048,16.29557869604367,0.8422763101925794,0.8851085335886312,190.74127276571232,85.43289273349635,0.85,518.67,degradation,0.7615230460921844,none,0.0
2181,94.0,26.25,1470.201272353359,2718.0,1259.6429405348647,16.28345501778757,0.8414539465493803,0.8841330872501989,188.633171794109,86.32339085916861,0.85,518.67,degradation,0.7635270541082164,none,0.0
2182,94.0,26.25,1472.373893700896,2718.0,1257.1274354911018,16.255102863550306,0.8395370404537704,0.8856581192894386,189.9057794861734,85.59561961479851,0.85,518.67,degradation,0.7655310621242485,none,0.0
2183,94.0,26.25,1469.5033804804546,2718.0,1259.0869920265052,16.292562328660654,0.8420715561987424,0.884470132603981,189.57181063624046,85.94401390153735,0.85,518.67,degradation,0.7675350701402806,none,0.0
2184,94.0,26.25,1470.2783180092542,2718.0,1257.6433202463961,16.28244959163647,0.8413858193903481,0.8853453626991349,190.56569709932842,85.4427099917651,0.85,518.67,degradation,0.7695390781563126,none,0.0
2185,94.0,26.25,1471.997921885549,2718.0,1259.8966800620724,16.26000919981072,0.839868135618303,0.8839792569449993,187.37955181073778,86.77579299706139,0.85,518.67,degradation,0.7715430861723447,none,0.0
2186,94.0,26.25,1471.6368645569512,2718.0,1256.0677322077156,16.26472090582452,0.8401863424276886,0.8863005673987192,191.3656980862645,84.99287525652929,0.85,518.67,degradation,0.7735470941883767,none,0.0
2187,94.0,26.25,1469.4734087548675,2718.0,1262.6891975733088,16.29295345203223,0.8420981004216329,0.8822862853147765,186.0351888122932,87.57995493245949,0.85,518.67,degradation,0.7755511022044088,none,0.0
2188,94.0,26.25,1472.292742897138,2718.0,1259.3403194757118,16.256161860833576,0.839608482862338,0.8843165521222337,187.76423738129927,86.57751916741009,0.85,518.67,degradation,0.7775551102204409,none,0.0
2189,94.0,26.25,1471.225019590379,2718.0,1261.3726674402983,16.27009537755534,0.840549603876104,0.8830844354271937,186.35486418943276,87.30706036745315,0.85,518.67,degradation,0.779559118236473,none,0.0
2190,94.0,26.25,1468.6064890701443,2718.0,1258.7387135917945,16.30426653272181,0.8428666059250253,0.8846812773889325,190.41659615714013,85.62418855164712,0.85,518.67,degradation,0.781563126252505,none,0.0
2191,94.0,26.25,1470.3793947579315,2718.0,1260.461814879493,16.281130565856138,0.8412964596094362,0.8836366423653971,187.72548723756347,86.72839690250818,0.85,518.67,degradation,0.7835671342685371,none,0.0
2192,94.0,26.25,1470.2128402153419,2718.0,1260.013978569779,16.283304060140253,0.8414437170329495,0.8839081443933267,188.26044051730332,86.49349813161426,0.85,518.67,degradation,0.7855711422845691,none,0.0
2193,94.0,26.25,1471.4649947790203,2718.0,1258.4447412464083,16.26696376257365,0.8403378993112625,0.8848594989538132,189.11103993220638,86.01805462232731,0.85,518.67,degradation,0.7875751503006012,none,0.0
2194,94.0,26.25,1473.1071646126031,2718.0,1256.8844256477007,16.24553386524786,0.838892044519108,0.8858054446935183,189.73672294863138,85.62145278352952,0.85,518.67,degradation,0.7895791583166333,none,0.0
2195,94.0,26.25,1471.1642505056293,2718.0,1257.4719096092886,16.270888398605983,0.8406032308980906,0.8854492808821272,190.24052406842634,85.52798347398168,0.85,518.67,degradation,0.7915831663326653,none,0.0
2196,94.0,26.25,1472.7055117316968,2718.0,1261.1736482245253,16.25077533286127,0.8392452215259463,0.8832050913889978,185.7245245128844,87.49935085570185,0.85,518.67,degradation,0.7935871743486974,none,0.0
2197,94.0,26.25,1472.9177736498903,2718.0,1259.304159803987,16.248005368987837,0.8390585406601637,0.8843384740253702,187.45096951938228,86.67869475760597,0.85,518.67,degradation,0.7955911823647295,none,0.0
2198,94.0,26.25,1471.6369991277973,2718.0,1260.5491678617047,16.264719149709318,0.8401862237828801,0.8835836843731536,186.93713378350265,87.0063578087485,0.85,518.67,degradation,0.7975951903807615,none,0.0
2199,94.0,26.25,1472.977564152558,2718.0,1261.9384638385668,16.24722511818367,0.839005970887275,0.8827414197623333,184.8185304764495,87.90906992009643,0.85,518.67,degradation,0.7995991983967936,none,0.0
2200,94.0,26.25,1471.9942667198175,2718.0,1260.6833285247753,16.260056898790896,0.839871355778888,0.8835023490921549,186.60529337733465,87.13609675536604,0.85,518.67,degradation,0.8016032064128257,none,0.0
2201,94.0,26.25,1472.831925962511,2718.0,1257.4295769151279,16.249125659403948,0.8391340322861988,0.8854749451975544,189.351262401452,85.81472050053438,0.85,518.67,degradation,0.8036072144288577,none,0.0
2202,94.0,26.25,1472.2602258248396,2718.0,1257.9526700858569,16.256586200330283,0.8396371131995627,0.8851578184850292,189.15333001382749,85.9439598506772,0.85,518.67,degradation,0.8056112224448898,none,0.0
2203,94.0,26.25,1472.886561192918,2718.0,1259.7099349865848,16.24841268358741,0.8390859862942711,0.8840924716745803,187.06774463182944,86.85844112551915,0.85,518.67,degradation,0.8076152304609219,none,0.0
2204,94.0,26.25,1472.4573715711786,2718.0,1262.9799877957144,16.25401349864264,0.839463562059896,0.8821099929209428,184.0826792775805,88.29735400652777,0.85,518.67,degradation,0.8096192384769539,none,0.0
2205,94.0,26.25,1470.8879145719034,2718.0,1260.468843139178,16.274494512033517,0.8408471759816146,0.8836323814631079,187.43462871378438,86.82757622597543,0.85,518.67,degradation,0.811623246492986,none,0.0
2206,94.0,26.25,1471.7744520306587,2718.0,1261.5524756578097,16.26292542439832,0.8400650554941821,0.882975426187358,185.87079783465776,87.49586064006182,0.85,518.67,degradation,0.8136272545090181,none,0.0
2207,94.0,26.25,1472.9234011548983,2718.0,1261.807985886181,16.24793193148335,0.8390535924921678,0.8828205223895756,184.9773930065636,87.83739281538485,0.85,518.67,degradation,0.8156312625250501,none,0.0
2208,94.0,26.25,1471.4464733988475,2718.0,1259.9305817735708,16.26720546185914,0.8403542349557093,0.883958703936629,187.65397954730702,86.68723946650023,0.85,518.67,degradation,0.8176352705410822,none,0.0
2209,94.0,26.25,1472.5465392765775,2718.0,1258.2700622712819,16.252849882838476,0.8393850895988252,0.8849653985759627,188.67978700732044,86.13985705955824,0.85,518.67,degradation,0.8196392785571143,none,0.0
2210,94.0,26.25,1471.764103280782,2718.0,1259.314052080689,16.26306047294371,0.8400741769682417,0.8843324768046733,188.08533344027194,86.46639360696449,0.85,518.67,degradation,0.8216432865731463,none,0.0
2211,94.0,26.25,1474.81241341627,2718.0,1261.790084775167,16.223280803457193,0.8373959079235036,0.8828313749886997,183.94034180856465,88.1986009373709,0.85,518.67,degradation,0.8236472945891784,none,0.0
2212,94.0,26.25,1474.4498695135396,2718.0,1259.5086394842856,6.539546711597314,0.8377135467337281,0.8842145076415215,186.39363748772064,87.06312150785296,0.85,518.67,degradation,0.8256513026052105,Wf,-9.688465197286803
2213,94.0,26.25,1473.2256836938664,2718.0,1263.0684188343535,16.243987221477727,0.8387878864106879,0.8820563813539445,183.56660106456104,88.49097345199881,0.85,518.67,degradation,0.8276553106212425,none,0.0
2214,94.0,26.25,1473.7489995709846,2718.0,1263.3054157710592,16.23715808280629,0.8383282898551251,0.8819127012915357,183.04100217462826,88.70776432547832,0.85,518.67,degradation,0.8296593186372746,none,0.0
2215,94.0,26.25,1473.7086856940157,2718.0,1263.637521981976,16.23768416861457,0.8383636771792649,0.8817113609629467,182.73648905742414,88.85846637620334,0.85,518.67,degradation,0.8316633266533067,none,0.0
2216,94.0,26.25,1473.1601675471347,2718.0,1260.3496940539228,16.244842190476017,0.8388454607599176,0.8837046159326473,186.28352606345243,87.20493182495724,0.85,518.67,degradation,0.8336673346693386,none,0.0
2217,94.0,26.25,1471.707148013292,2718.0,1259.6406985896979,16.26380372465222,0.8401243813590783,0.88413444643579,187.79460465100487,86.60421184557815,0.85,518.67,degradation,0.8356713426853707,none,0.0
2218,94.0,26.25,1474.472949579003,2718.0,1259.7559695684952,16.22771071991874,0.8376933182091073,0.8840645630792465,186.1365648097675,87.1817460288017,0.85,518.67,degradation,0.8376753507014028,none,0.0
2219,94.0,26.25,1475.7010368939632,2718.0,1262.7590448235908,16.21168449380711,0.836618368183183,0.8822439402219703,182.4892832000678,88.83636457727665,0.85,518.67,degradation,0.8396793587174348,none,0.0
2220,94.0,26.25,1473.8393697632198,2718.0,1264.7975626964942,16.235978774855727,0.8382489741954017,0.8810080830025828,181.52182908829116,89.44367108023488,0.85,518.67,degradation,0.8416833667334669,none,0.0
2221,94.0,26.25,1474.3758012369913,2718.0,1262.9865918194578,16.228978480994424,0.8377784704775911,0.8821059892128916,183.00505094813752,88.68049486565053,0.85,518.67,degradation,0.843687374749499,none,0.0
2222,94.0,26.25,1474.3321491922559,2718.0,1263.1475036077686,16.229548129040328,0.8378167379168766,0.8820084359866421,182.87093103923758,88.74864931681266,0.85,518.67,degradation,0.845691382765531,none,0.0
2223,94.0,26.25,1474.0781458381998,2718.0,1261.4040335937766,16.232862808001364,0.8380394785983771,0.8830654196080362,184.73093852659053,87.87300566691364,0.85,518.67,degradation,0.8476953907815631,none,0.0
2224,94.0,26.25,1473.0805975721503,2718.0,1261.4909165701667,16.245880558347146,0.8389153959770016,0.8830127465581498,185.20223112055032,87.71968058944447,0.85,518.67,degradation,0.8496993987975952,none,0.0
2225,94.0,26.25,1475.6692153998392,2718.0,1261.975368828545,16.212099756186113,0.8366461868543572,0.8827190460079002,183.2793140454395,88.45569856381464,0.85,518.67,degradation,0.8517034068136272,none,0.0
2226,94.0,26.25,1476.4428484452899,2718.0,1260.9643336219888,16.202004042336792,0.8359703928615003,0.8833319889581123,183.84429530161322,88.12894637691063,0.85,518.67,degradation,0.8537074148296593,none,0.0
2227,94.0,26.25,1474.3463606449275,2718.0,1257.6274772181296,16.229362673209042,0.8378042791040308,0.885354967579779,188.31003636200035,86.1842681715079,0.85,518.67,degradation,0.8557114228456913,none,0.0
2228,94.0,26.25,1475.845165725294,2718.0,1262.2081911643343,16.209803649332965,0.8364923924663095,0.8825778968090904,182.95159980240737,88.60159554133436,0.85,518.67,degradation,0.8577154308617234,none,0.0
2229,94.0,26.25,1475.9071011134943,2718.0,1261.4827048716465,16.208995408319872,0.836438269531674,0.8830177249235762,183.63219698794353,88.26880946909371,0.85,518.67,degradation,0.8597194388777555,none,0.0
2230,94.0,26.25,1474.9270526089917,2718.0,1261.9867333779866,16.22178479124256,0.8372955181897902,0.8827121562176958,183.68248624431055,88.31427058139039,0.85,518.67,degradation,0.8617234468937875,none,0.0
2231,94.0,26.25,1474.237238494785,2718.0,1262.982497512504,16.230786689425695,0.8378999531713821,0.8821084713980489,183.0864481190423,88.6509452565953,0.85,518.67,degradation,0.8637274549098196,none,0.0
2232,94.0,26.25,1474.4657811190834,2718.0,1261.142675657718,16.227804266491642,0.8376996009015981,0.8832238685951241,184.77225432335365,87.82597974960457,0.85,518.67,degradation,0.8657314629258517,none,0.0
2233,94.0,26.25,1475.7206804257219,2718.0,1262.6165073955367,16.21142815072974,0.8366011965330069,0.8823303539404053,182.61874637867356,88.77198246183411,0.85,518.67,degradation,0.8677354709418837,none,0.0
2234,94.0,26.25,1473.0529554063544,2718.0,1263.5107748494654,16.246241281557836,0.8389396938108356,0.8817882017700996,183.22740297099256,88.66709355766966,0.85,518.67,degradation,0.8697394789579158,none,0.0
2235,94.0,26.25,1475.5953603337723,2718.0,1263.4667182792111,16.213063545954043,0.8367107588282711,0.881814911190279,181.85127510650057,89.15562201287243,0.85,518.67,degradation,0.8717434869739479,none,0.0
2236,94.0,26.25,1474.0111526740336,2718.0,1260.8325610881798,16.233737051700313,0.8380982459991223,0.8834118764289997,185.33197675018266,87.59274754611019,0.85,518.67,degradation,0.87374749498998,none,0.0
2237,94.0,26.25,1476.9429997155569,2718.0,1261.515958308879,16.195477195874272,0.8355340749708582,0.882997564933311,183.02103154124427,88.48970557913492,0.85,518.67,degradation,0.875751503006012,none,0.0
2238,94.0,26.25,1475.9853279161173,2718.0,1263.2797437652466,16.207974568505342,0.8363699201701743,0.8819282650175844,181.8176675942717,89.14411224696619,0.85,518.67,degradation,0.8777555110220441,none,0.0
2239,94.0,26.25,1475.5273971865854,2718.0,1261.8515442468863,16.21395044768392,0.8367701882653243,0.8827941150103429,183.48055532462809,88.3687670281842,0.85,518.67,degradation,0.8797595190380761,none,0.0
2240,94.0,26.25,1476.2628587135102,2718.0,1262.628951366794,16.204352862411827,0.8361275223611805,0.8823228097476755,182.30376956259488,88.88654854088459,0.85,518.67,degradation,0.8817635270541082,none,0.0
2241,94.0,26.25,1476.130992724765,2718.0,1262.247547432898,16.20607367991912,0.8362426777390926,0.8825540369600897,182.75322619910924,88.67736026866436,0.85,518.67,degradation,0.8837675350701403,none,0.0
2242,94.0,26.25,1476.6719023017038,2718.0,1263.7493692804205,16.19901494795408,0.8357705161787164,0.881643553222289,180.97190833159425,89.51121252627053,0.85,518.67,degradation,0.8857715430861723,none,0.0
2243,94.0,26.25,1474.9162366833946,2718.0,1264.4907830423037,16.221925936311898,0.8373049886856522,0.8811940690346074,181.22241772766563,89.51390307952744,0.85,518.67,degradation,0.8877755511022044,none,0.0
2244,94.0,26.25,1476.4792082146703,2718.0,1263.3524806506312,16.20152955662364,0.835938658262968,0.8818841680753339,181.47028681985773,89.27924147001875,0.85,518.67,degradation,0.8897795591182365,none,0.0
2245,94.0,26.25,1475.0700042509227,2718.0,1264.3806357857088,16.21991930878972,0.8371703689127359,0.8812608461200908,181.2449531811542,89.49170183281143,0.85,518.67,degradation,0.8917835671342685,none,0.0
2246,94.0,26.25,1478.0438141563718,2718.0,1264.5561659968014,16.181111848296343,0.8345753579807247,0.8811544304337322,179.41185158885958,90.18976006878854,0.85,518.67,degradation,0.8937875751503006,none,0.0
2247,94.0,26.25,1476.943216569188,2718.0,1265.287400126031,16.195474365989714,0.835533885892634,0.8807111176771047,179.3070308522639,90.32258405602411,0.85,518.67,degradation,0.8957915831663327,none,0.0
2248,94.0,26.25,1477.979060646802,2718.0,1266.638973743065,16.181956865074255,0.8346316919461241,0.8798917223534984,177.40008331426077,91.21730138315796,0.85,518.67,degradation,0.8977955911823647,none,0.0
2249,94.0,26.25,1477.2684091794092,2718.0,1263.979900272171,16.191230685399788,0.8352504413942082,0.8815037931572758,180.41191843215586,89.74590385218103,0.85,518.67,degradation,0.8997995991983968,none,0.0
2250,94.0,26.25,1479.3717479425095,2718.0,1261.4302311613494,16.163782651211847,0.8334217628953468,0.8830495372586855,181.74951109862707,88.93439412027088,0.85,518.67,degradation,0.9018036072144289,none,0.0
2251,94.0,26.25,1479.2793208767814,2718.0,1261.9724898687336,16.16498880083667,0.8335019523400921,0.882720791385419,181.26650962275403,89.17802209839378,0.85,518.67,degradation,0.9038076152304609,none,0.0
2252,94.0,26.25,1478.6960207143231,2718.0,1260.711386421557,16.17260071912671,0.8340083780136875,0.8834853389129655,182.83579970376013,88.45423459371949,0.85,518.67,degradation,0.905811623246493,none,0.0
2253,94.0,26.25,1477.1441001385028,2718.0,1265.0820042554917,16.192852886665943,0.8353587689757999,0.8808356395038754,179.39688391597156,90.26273217906382,0.85,518.67,degradation,0.9078156312625251,none,0.0
2254,94.0,26.25,1479.1756266794798,2718.0,1262.4865641177632,16.166341983653705,0.8335919354838618,0.8824091324196531,180.8177695055698,89.40682117614402,0.85,518.67,degradation,0.9098196392785571,none,0.0
2255,94.0,26.25,1478.5371246051754,2718.0,1263.8308017672664,16.17467427280847,0.8341464395045604,0.8815941845470868,179.85032434656887,89.93408453153587,0.85,518.67,degradation,0.9118236472945892,none,0.0
2256,94.0,26.25,1476.8893495044208,2718.0,1264.8525314830922,16.196177317440654,0.835580856096241,0.8809747580204176,179.7648468833031,90.09646545608904,0.85,518.67,degradation,0.9138276553106213,none,0.0
2257,94.0,26.25,1478.3607852280875,2718.0,1262.1090613697265,16.176975456686172,0.8342997106058427,0.8826379945271192,181.64474581123102,89.05831756618834,0.85,518.67,degradation,0.9158316633266533,none,0.0
2258,94.0,26.25,1477.6508617656582,2718.0,1264.013086512001,16.186239776732673,0.8349173339212513,0.8814836739056257,180.16571603843136,89.84084282317046,0.85,518.67,degradation,0.9178356713426854,none,0.0
2259,94.0,26.25,1479.0291121255095,2718.0,1266.6840562599027,16.168253961199575,0.8337191101512115,0.8798643909503047,176.76950962432613,91.46517403120397,0.85,518.67,degradation,0.9198396793587175,none,0.0
2260,94.0,26.25,1480.0294698188127,2718.0,1263.3569055310495,16.15519954854496,0.8328515706385973,0.8818814854790797,179.48369993845404,90.0092852670447,0.85,518.67,degradation,0.9218436873747495,none,0.0
2261,94.0,26.25,1479.0859928725781,2718.0,1263.8245525202408,16.16751168196355,0.8336697330415186,0.8815979731707506,179.5500249619712,90.04460837801521,0.85,518.67,degradation,0.9238476953907816,none,0.0
2262,94.0,26.25,1477.8469271554939,2718.0,1265.972716279833,16.18368117342174,0.8347466684392933,0.8802956428228015,178.1286365461183,90.85389911033039,0.85,518.67,degradation,0.9258517034068137,none,0.0
2263,94.0,26.25,1479.4302275569744,2718.0,1263.769091229483,16.163019507164254,0.8333710341266252,0.8816315967349543,179.4124272313993,90.08862851132272,0.85,518.67,degradation,0.9278557114228457,none,0.0
2264,94.0,26.25,1480.0857065555601,2718.0,1261.7852885312075,16.15446567347931,0.8328028540904816,0.8828342827251499,181.00081475360628,89.25078981257707,0.85,518.67,degradation,0.9298597194388778,none,0.0
2265,94.0,26.25,1478.3427376425207,2718.0,1263.7340199817177,16.177210973072942,0.8343154004288676,0.8816528587779905,180.0541367608305,89.84637211952234,0.85,518.67,degradation,0.9318637274549099,none,0.0
2266,94.0,26.25,1477.4401283925108,2718.0,1266.7510925484833,16.188989793483263,0.8351008450057815,0.879823750010971,177.59082955478414,91.15892883697128,0.85,518.67,degradation,0.9338677354709419,none,0.0
2267,94.0,26.25,1479.6289613102213,2718.0,1263.7405464317928,16.16042608239164,0.8331986865445457,0.8816489020991946,179.32956985668943,90.11579125130443,0.85,518.67,degradation,0.935871743486974,none,0.0
2268,94.0,26.25,1480.7918108692859,2718.0,1263.9149004027224,16.145251192348923,0.8321916573780558,0.8815431995117576,178.50866960723965,90.44519365850526,0.85,518.67,degradation,0.9378757515030061,none,0.0
2269,94.0,26.25,1481.1297829559674,2718.0,1263.3379750645188,16.140840742851893,0.8318994295302602,0.8818929621278936,178.8880006693837,90.2287502932239,0.85,518.67,degradation,0.9398797595190381,none,0.0
2270,94.0,26.25,1478.7475139917028,2718.0,1264.0939370304193,16.1719287449955,0.8339636463913754,0.881434658050427,179.47383769812723,90.1074438058013,0.85,518.67,degradation,0.9418837675350702,none,0.0
2271,94.0,26.25,1482.2262109762707,2718.0,1266.2039594991534,16.126532636942436,0.8309528134073799,0.880155450967812,175.4562431682533,91.91199096562177,0.85,518.67,degradation,0.9438877755511023,none,0.0
2272,94.0,26.25,1479.546580567058,2718.0,1264.640400592421,16.161501130070334,0.8332701208248564,0.8811033629721697,178.48992629402198,90.54573255550511,0.85,518.67,degradation,0.9458917835671342,none,0.0
2273,94.0,26.25,1483.435551855039,2718.0,1262.6914586144371,16.110751047039923,0.8299112078031492,0.8822849145522049,178.23743129419915,90.38926857315104,0.85,518.67,degradation,0.9478957915831663,none,0.0
2274,94.0,26.25,1480.2718229392838,2718.0,1266.1586345537378,16.152036902159633,0.8326416665262939,0.8801829293440161,176.59199103179662,91.46528564396415,0.85,518.67,degradation,0.9498997995991983,none,0.0
2275,94.0,26.25,1479.3971057708982,2718.0,1265.9912877199115,16.163451738021468,0.8333997652168051,0.8802843838347886,177.24486460307276,91.1927788385766,0.85,518.67,degradation,0.9519038076152304,none,0.0
2276,94.0,26.25,1481.4576244951395,2718.0,1264.3487180485897,16.13656249441503,0.8316161571008326,0.8812801963383888,177.7099416577238,90.80281240255356,0.85,518.67,degradation,0.9539078156312625,none,0.0
2277,94.0,26.25,1478.722416983087,2718.0,1262.3278542835221,16.17225625455439,0.8339854472768775,0.882505350705027,181.2272059368845,89.23746393897757,0.85,518.67,degradation,0.9559118236472945,none,0.0
2278,94.0,26.25,1480.4771429064833,2718.0,1264.3093406037215,16.149357528975422,0.8324639199157378,0.8813040690255839,178.2961289308671,90.57604125122204,0.85,518.67,degradation,0.9579158316633266,none,0.0
2279,94.0,26.25,1480.0941884193653,2718.0,1267.2115118131667,16.15435498732081,0.8327955069481169,0.8795446195310436,175.65670308064193,91.965491233799,0.85,518.67,degradation,0.9599198396793587,none,0.0
2280,94.0,26.25,1480.3800596577305,2718.0,1266.4150948284614,16.150624440600687,0.8325479559523824,0.8800274495779487,176.27951377647685,91.6194065583806,0.85,518.67,degradation,0.9619238476953907,none,0.0
2281,94.0,26.25,1480.8722519884104,2718.0,1265.6455715191596,16.144201456269037,0.8321220852812254,0.8804939752581642,176.7611153275701,91.3334441590897,0.85,518.67,degradation,0.9639278557114228,none,0.0
2282,94.0,26.25,1480.7768302432796,2718.0,1265.141671298551,16.145446685695973,0.8322046151407415,0.8807994661904575,177.3099223210852,91.05777315980473,0.85,518.67,degradation,0.9659318637274549,none,0.0
2283,94.0,26.25,1485.0436668170044,2718.0,1265.1075137894693,16.089765557099586,0.8285301761420044,0.8808201742768355,174.96120156829022,91.9619059132918,0.85,518.67,degradation,0.9679358717434869,none,0.0
2284,94.0,26.25,1480.845572088156,2718.0,1264.7331543359041,16.14454962215994,0.8321451589643234,0.8810471307531481,177.67339864743803,90.86644227589741,0.85,518.67,degradation,0.969939879759519,none,0.0
2285,94.0,26.25,1481.8235340018678,2718.0,1262.8261064254011,16.131787468714666,0.8313002196650139,0.8822032839364194,179.0048232645721,90.119289382899,0.85,518.67,degradation,0.9719438877755511,none,0.0
2286,94.0,26.25,1481.4601469207619,2718.0,1264.8789934398746,16.13652957740426,0.8316139783395425,0.8809587153843614,177.18678647669935,91.07072766696555,0.85,518.67,degradation,0.9739478957915831,none,0.0
2287,94.0,26.25,1480.7279512619966,2718.0,1265.0689479539922,16.146084543930158,0.8322468967036698,0.8808435549235444,177.408742605233,91.0106475409623,0.85,518.67,degradation,0.9759519038076152,none,0.0
2288,94.0,26.25,1483.0950863302678,2718.0,1269.7551291251978,16.115194035267823,0.8302041866554034,0.8780025443497474,171.48515728609812,93.97427911724137,0.85,518.67,degradation,0.9779559118236473,none,0.0
2289,94.0,26.25,1482.722686046614,2718.0,1264.5440972771962,16.120053763950928,0.8305248831059979,0.8811617471290876,176.81135658586413,91.1709184026458,0.85,518.67,degradation,0.9799599198396793,none,0.0
2290,94.0,26.25,1482.695032334452,2718.0,1264.543845425042,16.12041463783875,0.8305487072757967,0.8811618998151676,176.82704438861674,91.16487069936291,0.85,518.67,degradation,0.9819639278557114,none,0.0
2291,94.0,26.25,1482.2290890913148,2718.0,1263.8068467354049,16.126495078275468,0.8309503313823331,0.8816087073528274,177.81256015811937,90.69379049452424,0.85,518.67,degradation,0.9839679358717435,none,0.0
2292,94.0,26.25,1482.8604862832074,2718.0,1265.2262733647601,16.118255506023353,0.8304061860984906,0.8807481759488122,176.06333896373565,91.54805083722333,0.85,518.67,degradation,0.9859719438877755,none,0.0
2293,94.0,26.25,1482.0473510762172,2718.0,1263.5868469659788,16.128866713001724,0.8311070874693449,0.881742082834555,178.13062857826844,90.54516251209934,0.85,518.67,degradation,0.9879759519038076,none,0.0
2294,94.0,26.25,1484.7356231403724,2718.0,1266.8859496254995,16.093785448481757,0.8287943646976738,0.8797419925270501,173.3850247970496,92.82108110155323,0.85,518.67,degradation,0.9899799599198397,none,0.0
2295,94.0,26.25,1481.8825131771503,2718.0,1263.6460066300845,16.13101780552587,0.8312493177085949,0.8817062171210612,178.1644149418371,90.54006553885604,0.85,518.67,degradation,0.9919839679358717,none,0.0
2296,94.0,26.25,1482.7043582084773,2718.0,1266.7448471251005,16.12029293756223,0.8305406727150468,0.8798275363165404,174.65777052760575,92.29645431099968,0.85,518.67,degradation,0.9939879759519038,none,0.0
2297,94.0,26.25,1482.2207542989286,2718.0,1264.8952447266004,16.126603845189475,0.8309575191702776,0.8809488629958729,176.74612711746352,91.24162496908299,0.85,518.67,degradation,0.9959919839679359,none,0.0
2298,94.0,26.25,1483.633994190258,2718.0,1265.84942671052,16.108161425198222,0.8297405387221343,0.8803703874724982,175.01872251579823,92.0367900853819,0.85,518.67,degradation,0.9979959919839679,none,0.0
2299,94.0,26.25,1481.9622308995672,2718.0,1263.342103927125,16.129977509588443,0.831180527262412,0.8818904589932745,178.41915121670172,90.40496717752868,0.85,518.67,degradation,1.0,none,0.0
2300,84.0,20.0,1315.774810618387,2448.0,1180.8568733382813,14.775249832216913,0.8807426049592353,0.9000441388966656,191.72046296948423,77.0666292130155,0.6,518.67,transient,0.0,none,0.0
2301,85.27928936593082,20.799555853706767,1332.1208835355674,2482.5408128801323,1186.2062198422182,15.0126865463141,0.8799459248239621,0.9005573965571937,197.63482597270792,75.96174648079106,0.6319822341482707,518.67,transient,0.0,none,0.0
2302,86.45629240175018,21.535182751093856,1346.179407279628,2514.3198948472545,1192.5302475164478,15.243935309694006,0.8798843271575205,0.9001896404990224,202.31316659291798,75.34821171756413,0.6614073100437543,518.67,transient,0.0,none,0.0
2303,87.53918747085751,22.21199216928595,1359.6634053643038,2543.5580617131527,1196.3581064266432,15.449523192585577,0.8789421237354691,0.9012970571964912,208.3889552997918,74.1379175799391,0.688479686771438,518.67,transient,0.0,none,0.0
2304,88.53549903081938,22.83468689426211,1371.0930421375829,2570.458473832123,1204.1203762360808,15.651412863451792,0.8788598152728513,0.899567888239547,210.31904950712214,74.4174762111683,0.7133874757704843,518.67,transient,0.0,none,0.0
2305,89.4521499167929,23.407593697995562,1380.129413777148,2595.208047753408,1205.2422588182862,15.856466143977524,0.8800975932608518,0.9019909868798887,219.02143661849664,72.39686849281868,0.7363037479198224,518.67,transient,0.0,none,0.0
2306,90.29550944459785,23.934693402873666,1389.9044474017498,2617.9787550041424,1213.881821541031,16.02605636892998,0.8795773170151476,0.8993339841860396,218.59735009044203,73.31313194006876,0.7573877361149466,518.67,transient,0.0,none,0.0
2307,91.07143766767925,24.419648542299527,1398.4293878188298,2638.92881702734,1214.4483293276376,16.188201035598563,0.8794491830826662,0.9016588971676114,225.92183241447276,71.65399139424443,0.7767859416919811,518.67,transient,0.0,none,0.0
2308,91.78532609547852,24.86582880967408,1408.339154331239,2658.2038045779204,1222.6057478110204,16.310414780594375,0.8771876530064939,0.8989972619878515,223.85234214298367,72.86238162375913,0.7946331523869632,518.67,transient,0.0,none,0.0
2309,92.44213515614376,25.276334472589852,1409.652921060077,2675.9376492158817,1223.70949836322,16.524692607697187,0.8827312887091595,0.9005908820734917,232.7582849109549,70.99507806572363,0.8110533789035941,518.67,transient,0.0,none,0.0
2310,93.04642866388676,25.654017914929216,1419.8492336336458,2692.2535739249424,1228.125829308872,16.604551984635748,0.8788940150506608,0.8999580820178252,232.53151947573207,71.40774731130016,0.8261607165971687,518.67,transient,0.0,none,0.0
2311,93.60240553048244,26.001503456551525,1424.3837151594373,2707.264949323026,1229.8180630758027,16.741272776471586,0.8800674545660678,0.9008461252459057,237.42487806159278,70.51187269485956,0.840060138262061,518.67,transient,0.0,none,0.0
2312,94.11392894125692,26.321205588285576,1427.782459999537,2721.076081413937,1233.4799894190678,16.87715177335608,0.8818395020028226,0.9003885516812793,240.25196717347046,70.24771522961215,0.8528482235314231,518.67,transient,0.0,none,0.0
2313,94.58455319829213,26.61534574893258,1435.0165093386718,2733.782936353887,1235.5119406231702,16.948570490050916,0.8794602116969871,0.9007870844420982,241.912797707116,70.06066091042675,0.8646138299573032,518.67,transient,0.0,none,0.0
2314,95.01754841736644,26.885967760854022,1439.54204575541,2745.473807268894,1241.0469381584642,17.042076277005844,0.8793017473031371,0.898966662504011,240.95296862716793,70.72781204607378,0.8754387104341609,518.67,transient,0.0,none,0.0
2315,95.41592325023696,27.134952031398097,1444.6442074354964,2756.229927756398,1244.2593760345037,17.11585899682529,0.8782400911280436,0.8984348716054996,241.4416807652334,70.890241248229,0.8853980812559239,518.67,transient,0.0,none,0.0
2316,95.78244579014837,27.36402861884273,1447.378127706548,2766.126036334006,1245.7498938664605,17.20932372678113,0.8791035548438757,0.8988222102322991,244.46050868657835,70.3971525676776,0.8945611447537093,518.67,transient,0.0,none,0.0
2317,96.11966280582962,27.574789253643512,1449.430280087051,2775.2308957573996,1247.7650636262263,17.301359754180467,0.8803132365273747,0.898800598174176,246.85419896704366,70.08736260747295,0.9029915701457405,518.67,transient,0.0,none,0.0
2318,96.42991743762512,27.768698398515703,1456.1579072759944,2783.607770815878,1249.3261887074814,17.32288201806946,0.8768563336979752,0.8989560882254105,246.6514896236257,70.23222136019962,0.9107479359406281,518.67,transient,0.0,none,0.0
2319,96.71536547872145,27.947103424200908,1456.101774442364,2791.314867925479,1250.2593868819672,17.424190188027094,0.8795281403522786,0.899394550512128,250.46002937846765,69.56874608402116,0.9178841369680363,518.67,transient,0.0,none,0.0
2320,96.977990354599,28.111243971624383,1456.5356108839355,2798.4057395741734,1251.824589496265,17.511062798926012,0.8815195246793092,0.8993864574407109,252.98559637964513,69.21762760219707,0.9244497588649753,518.67,transient,0.0,none,0.0
2321,97.21961690479287,28.26226056549555,1459.555355867653,2804.9296564294077,1252.2296069266463,17.556791347753798,0.8808809234631992,0.8999810174003191,254.8876613740971,68.8805070167198,0.930490422619822,518.67,transient,0.0,none,0.0
2322,97.4419240627249,28.401202539203062,1462.6896328234411,2810.9319496935723,1254.9585529765718,17.594218228798795,0.8799576952743274,0.899164619711152,254.0732653832507,69.24860119485305,0.9360481015681225,518.67,transient,0.0,none,0.0
2323,97.64645652171237,28.529035326070233,1464.676181073466,2816.4543260862342,1256.0538865930894,17.640359883887548,0.8799412173484192,0.8992349038731026,255.2478666268819,69.11070449679411,0.9411614130428093,518.67,transient,0.0,none,0.0
2324,97.8346354682142,28.646647167633873,1466.2356800861294,2821.5351576417834,1256.255553990316,17.686312375098126,0.8801700243142546,0.8997637503673763,257.28902627845514,68.74102883796074,0.9458658867053549,518.67,transient,0.0,none,0.0
2325,98.00776845689404,28.754855285558772,1469.0957011433652,2826.209748336139,1255.1455769948493,17.709992045871964,0.8790553720668084,0.9009918943397006,259.6754636868159,68.20048299685052,0.9501942114223508,518.67,transient,0.0,none,0.0
2326,98.167058496117,28.854411560073125,1469.1347804337693,2830.510579395159,1258.607708351384,17.76560681905907,0.8804268404800214,0.8995519372658578,258.81178326081067,68.64295974173731,0.954176462402925,518.67,transient,0.0,none,0.0
2327,98.31361240701017,28.946007754381355,1470.833835343968,2834.4675349892746,1258.8463742469287,17.79507184687693,0.8801454930470353,0.8999161774784981,260.0510847052475,68.42913909413832,0.9578403101752543,518.67,transient,0.0,none,0.0
2328,98.44844851416951,29.03028032135595,1473.2134445752645,2838.1081098825775,1259.3818695911102,17.811527127028544,0.8791324090627367,0.9000704962290211,260.41865181295634,68.3957427896583,0.9612112128542379,518.67,transient,0.0,none,0.0
2329,98.57250372145184,29.107814825907397,1474.1229463519135,2841.4576004791998,1261.9079785404406,17.843368358561836,0.8793789882451927,0.8990550661643799,259.4291051265053,68.77936209146958,0.9643125930362959,518.67,transient,0.0,none,0.0
2330,98.68664002201763,29.17915001376101,1476.2948970105106,2844.5392805944757,1261.5624705333435,17.855240095852448,0.8783772326697334,0.8996413926464614,260.4549987469661,68.55403114454694,0.9671660005504404,518.67,transient,0.0,none,0.0
2331,98.79165048785961,29.24478155491226,1474.9051539805719,2847.37456317221,1262.7850579091285,17.91037560201,0.8805669706595838,0.8993053406466212,261.7436800496,68.42715590541101,0.9697912621964905,518.67,transient,0.0,none,0.0
2332,98.88826478043518,29.305165487771983,1473.6971384446124,2849.9831490717497,1260.5782057550432,17.96018127693082,0.8825207086921579,0.9008856856536528,266.2384715639148,67.45900084022676,0.9722066195108794,518.67,transient,0.0,none,0.0
2333,98.97715422069268,29.360721387932923,1475.8514811846123,2852.3831639587024,1261.269920877565,17.963387235764877,0.8813043301326605,0.9007952430120738,265.8145489293174,67.57864574426101,0.974428855517317,518.67,transient,0.0,none,0.0
2334,99.05893645372112,29.4118352835757,1476.0239663937487,2854.5912842504704,1264.5576779865546,17.98995175419741,0.8818528649749385,0.8992129980165274,263.77058013337046,68.20302607326845,0.976473411343028,518.67,transient,0.0,none,0.0
2335,99.13417974043486,29.458862337771784,1481.548735585238,2856.622852991741,1264.4081739363096,17.944366379618188,0.8774392626143414,0.8995538743916471,262.08398253413327,68.46800100529283,0.9783544935108713,518.67,transient,0.0,none,0.0
2336,99.20340690611417,29.502129316321362,1478.787660865532,2858.491986465083,1263.7666380281073,18.004789415131842,0.8805582185755475,0.900151516971748,265.41870254818207,67.83542094914502,0.9800851726528544,518.67,transient,0.0,none,0.0
2337,99.26709897323806,29.541936858273786,1479.693177492266,2860.2116722774276,1262.0764016598937,18.015414115267387,0.8802754726109678,0.9013209100026699,267.6703370681852,67.3044847351846,0.9816774743309514,518.67,transient,0.0,none,0.0
2338,99.32569850385158,29.578561564907236,1480.1256374185723,2861.793859603993,1263.3538267349388,18.030417764485836,0.8803820575744625,0.9007989129275911,267.1163853348131,67.50023118905968,0.9831424625962895,518.67,transient,0.0,none,0.0
2339,99.37961267469245,29.61225792168278,1482.0763920277457,2863.249542216696,1267.0414808627656,18.02395720125038,0.8790604372581472,0.898904606310784,263.2164160491542,68.47580964663126,0.9844903168673111,518.67,transient,0.0,none,0.0
2340,99.42921610644396,29.643260066527475,1479.7489477761083,2864.588834873987,1265.2161096146683,18.071807182337626,0.8816141139230245,0.9001009015351471,425.1201934046759,67.64097418939977,0.985730402661099,518.67,transient,0.0,W_net,157.94770810404702
2341,99.4748534667734,29.671783416733366,1482.6210582397075,2865.8210436028817,1266.7754385912378,18.050406883123497,0.8793767708165539,0.8993786055064529,264.75962770976184,68.17658356473798,0.9868713366693347,518.67,transient,0.0,none,0.0
2342,99.5168418652429,29.698026165776817,1483.0419608864145,2866.954730361558,1267.185133562701,18.059708533916602,0.8793508768783618,0.8992910409789542,264.80996537279896,68.19874965238631,0.9879210466310726,518.67,transient,0.0,none,0.0
2343,99.55547305673402,29.722170660458758,1484.0989638921053,2867.9977725318186,1268.8275706016375,18.059526348576366,0.8787168521973964,0.8984995795977795,263.2121745548309,68.61204797658137,0.9888868264183504,518.67,transient,0.0,none,0.0
2344,99.59101546869589,29.744384667934927,1483.2366220891417,2868.957417654789,1267.42744272411,18.08330281307669,0.8798049956223456,0.8994070741296796,265.68892812678325,68.06193596613696,0.9897753867173971,518.67,transient,0.0,none,0.0
2345,99.62371606630386,29.76482254143991,1482.1156890019681,2869.840333790204,1266.0470176651975,18.109452534145884,0.8811071592854433,0.900293076653267,268.2447341875559,67.51093395736079,0.9905929016575964,518.67,transient,0.0,none,0.0
2346,99.65380206848812,29.78362629280507,1483.3174367650795,2870.6526558491787,1268.0751494611966,18.104370628069542,0.880265317680078,0.8992568795924456,266.0354544383845,68.05247317989577,0.9913450517122028,518.67,transient,0.0,none,0.0
2347,99.68148252675627,29.80092657922266,1483.9989459554065,2871.4000282224188,1266.2744731384312,18.105230125801448,0.87987897158422,0.9003610011036315,267.92379069201104,67.57604496053926,0.9920370631689065,518.67,transient,0.0,none,0.0
2348,99.70694977778025,29.816843611112656,1483.3182856742376,2872.087644000067,1267.2393803351083,18.123085779251014,0.8807161957397127,0.8999061081734817,267.7568287982846,67.6848686197434,0.9926737444445063,518.67,transient,0.0,none,0.0
2349,99.73038077984084,29.831487987400525,1483.1388137075166,2872.720281055703,1267.1992970119309,18.133683594781747,0.8810791237793242,0.900007989308908,268.28636857202923,67.59077507850807,0.993259519496021,518.67,transient,0.0,none,0.0
2350,99.75193834241585,29.844961464009906,1483.6527431616148,2873.302335245228,1268.2179519767856,18.13457260519693,0.8807928471185177,0.8995101477914109,267.33387910450926,67.8349211328638,0.9937984585603963,518.67,transient,0.0,none,0.0
2351,99.771772257456,29.857357660910008,1486.7006045231312,2873.8378509513122,1266.9847891404097,18.101787135422875,0.8781874116334314,0.9002683589880185,267.200670217269,67.7460394118913,0.9942943064364003,518.67,transient,0.0,none,0.0
2352,99.79002034020894,29.86876271263059,1484.0807065632046,2874.3305491856413,1266.546954250739,18.142405721573613,0.8807253240631466,0.9005753473318076,269.40675594115316,67.34205925235402,0.9947505085052236,518.67,transient,0.0,none,0.0
2353,99.80680938682347,29.879255866764673,1484.5691538843885,2874.783853444234,1268.298108886631,18.14194711357361,0.8804221866614375,0.899651413034045,267.6527257261323,67.78166396159484,0.9951702346705869,518.67,transient,0.0,none,0.0
2354,99.82225605538812,29.888910034617577,1486.063020749895,2875.200913495479,1266.7836655295555,18.12789505939662,0.8791932537485544,0.9005517282690438,268.5973673566526,67.49096328753585,0.995556401384703,518.67,transient,0.0,none,0.0
2355,99.83646767652566,29.897792297828538,1484.8400446899248,2875.584627266193,1268.8570091368838,18.14886195173736,0.8804264474161982,0.8994391009091562,267.4325097578011,67.86333482108734,0.9959116919131414,518.67,transient,0.0,none,0.0
2356,99.84954299917608,29.90596437448505,1484.2124889905613,2875.937660977754,1269.5115289898633,18.161658393350844,0.881109424189192,0.8991171344854524,267.34271412375824,67.93399420993181,0.9962385749794019,518.67,transient,0.0,none,0.0
2357,99.86157287675007,29.913483047968793,1486.183081437787,2876.2624676722517,1265.0827118928553,18.14018130920282,0.8794164766212089,0.9016364252123417,270.89511128184995,66.96385631828203,0.9965393219187517,518.67,transient,0.0,none,0.0
2358,99.8726408984207,29.920400561512935,1484.6908586724398,2876.5613042573586,1268.7137304460393,18.163554176734362,0.8808685819377339,0.899641990694109,268.2603694614935,67.70867502045093,0.9968160224605174,518.67,transient,0.0,none,0.0
2359,99.88282396993975,29.926764981212347,1485.4232147014602,2876.8362471883734,1267.8588314179935,18.15758505251513,0.8802873807096435,0.9001547922445239,268.87966350058025,67.53052579774575,0.9970705992484938,518.67,transient,0.0,none,0.0
2360,99.89219284801463,29.932620530009146,1488.85291832347,2877.089206896395,1269.8126825348857,18.11612935498928,0.8772543861350226,0.8990935260505266,265.15752461081627,68.32213938329355,0.9973048212003658,518.67,transient,0.0,none,0.0
2361,99.90081263195876,29.93800789497423,1485.9618613523899,2877.3219410628867,1268.881953643888,18.156894032293888,0.8799491533828907,0.8996433885234407,267.8495510342598,67.78765901299383,0.9975203157989692,518.67,transient,0.0,none,0.0
2362,99.90874321603188,29.942964510019927,1485.7080583138018,2877.536066832861,1266.272812111883,18.163000383852783,0.8802471025648304,0.901129482312948,270.74631005789035,67.08494154534999,0.9977185804007971,518.67,transient,0.0,none,0.0
2363,99.9160397056131,29.947524816008187,1486.4009272841336,2877.733072051554,1270.22786422774,18.15652948841438,0.8796784642153461,0.8989423452038772,266.50566224181864,68.12811906390093,0.9979009926403275,518.67,transient,0.0,none,0.0
2364,99.92275280009869,29.951720500061686,1485.7526509460504,2877.914325602665,1268.9613075292857,18.167354641812388,0.880324851658511,0.8996733766664322,268.2509952446012,67.7252087182257,0.9980688200024674,518.67,transient,0.0,none,0.0
2365,99.92892914518505,29.95558071574066,1486.3385853327893,2878.0810869199963,1268.936414248723,18.161884540209353,0.8798439364991781,0.8997082262808469,268.0514302862688,67.75522339430589,0.9982232286296263,518.67,transient,0.0,none,0.0
2366,99.93461165698457,29.95913228561536,1483.7611002245696,2878.2345147385836,1272.4568097003003,18.197522257107032,0.882241837800011,0.897759295739002,266.05184176156126,68.39840738037762,0.9983652914246144,518.67,transient,0.0,none,0.0
2367,99.9398398202268,29.962399887641745,1486.6954062013178,2878.3756751461237,1268.4872233631597,18.161072420104784,0.8796116660968674,0.8999963109743516,268.4847793283209,67.64283794984232,0.9984959955056698,518.67,transient,0.0,none,0.0
2368,99.94464996261657,29.965406226635352,1487.1725644859343,2878.505548990647,1266.9000625563078,18.156540446771793,0.8792188575077172,0.9008998258321284,269.8941668003491,67.27281534840606,0.9986162490654141,518.67,transient,0.0,none,0.0
2369,99.94907550725586,29.968172192034903,1485.460458378889,2878.6250386959077,1268.6219739257022,18.18044230478755,0.8808132576787197,0.8999522453815115,269.19227328129637,67.53701390897514,0.9987268876813962,518.67,transient,0.0,none,0.0
2370,99.95314720488291,29.970717003051817,1486.6894479574112,2878.7349745318384,1268.7614946350661,18.16583893897523,0.8797293262446563,0.8998880431657684,268.4335103320867,67.67351407244854,0.9988286801220727,518.67,transient,0.0,none,0.0
2371,99.95689334754275,29.97305834221422,1486.5417052199516,2878.836120383655,1268.7240999740754,18.169086871560925,0.8798952133463522,0.8999216269718743,268.61579911832143,67.63968065615418,0.9989223336885688,518.67,transient,0.0,none,0.0
2372,99.96033996517335,29.975212478233335,1486.6652269870037,2878.9291790596803,1268.1530522565595,18.168689335995737,0.8798120008984832,0.9002524493145924,269.17804227627937,67.4969220459213,0.9990084991293334,518.67,transient,0.0,none,0.0
2373,99.96351100647372,29.97719437904608,1485.6601759375244,2879.0147971747906,1270.8252815260641,18.182922290307513,0.8807532120648278,0.8987697398524015,267.10772564378783,68.07336720225035,0.9990877751618431,518.67,transient,0.0,none,0.0
2374,99.9664285053107,29.97901781581919,1487.671833983794,2879.093569643389,1271.770397736895,18.157698626698,0.8789493361007669,0.8982514819705165,265.0847111792775,68.4977211470257,0.9991607126327676,518.67,transient,0.0,none,0.0
2375,99.96911273382035,29.980695458637722,1485.58783370657,2879.16604381315,1268.2099277722841,18.185840068002964,0.8808663974003577,0.9002503232931904,269.8681445684517,67.38787231477092,0.9992278183455089,518.67,transient,0.0,none,0.0
2376,99.97158234326824,29.982238964542656,1486.0072978820576,2879.232723268243,1271.2309276218198,18.181236317415447,0.8805052675159327,0.8985705017616366,266.6408393766051,68.18624018707114,0.9992895585817062,518.67,transient,0.0,none,0.0
2377,99.9738544936471,29.983659058529437,1484.6244917327804,2879.294071328472,1269.7761620294043,18.200082161371064,0.8817849481228801,0.8993911490918547,268.9110158592255,67.68068650225463,0.9993463623411775,518.67,transient,0.0,none,0.0
2378,99.97594497291236,29.984965608070226,1486.4181958024508,2879.3505142686336,1267.1702266432378,18.177411346896154,0.8801682058071113,0.9008543846606784,270.5635792190236,67.18351154048483,0.999398624322809,518.67,transient,0.0,none,0.0
2379,99.97786830668426,29.98616769167766,1487.7078534691336,2879.402444280475,1269.6886251565627,18.16125931680882,0.8790130202442039,0.8994536756414874,267.3440464789609,67.93216290394577,0.9994467076671064,518.67,transient,0.0,none,0.0
2380,100.0,30.0,1486.6291512250423,2880.0,1263.7295641203425,18.183134055533905,0.8801791717746009,0.9028574730754647,274.3106687619136,66.2866454943313,1.0,518.67,transient,0.0,none,0.0
2381,99.04053297555188,29.400333109719924,1477.538513887626,2854.0943903399007,1260.2156779369127,17.963702957092124,0.880301124742852,0.9016063611506308,266.9853252655955,67.28348436087988,0.976013324388797,518.67,transient,0.0,none,0.0
2382,98.15778069868736,28.848612936679604,1468.2064078226024,2830.2600788645586,1257.126412919428,17.774452876750235,0.8812056731451919,0.9003680100364946,260.66507478242204,68.18885457358117,0.9539445174671841,518.67,transient,0.0,none,0.0
2383,97.34560939685686,28.341005873035535,1462.776232236703,2808.3314537151355,1251.1109395023032,17.559152319554155,0.8790108042283693,0.9010597536108182,256.2987295115063,68.51049302125337,0.9336402349214215,518.67,transient,0.0,none,0.0
2384,96.59837572688546,27.873984829303417,1456.0528904936723,2788.156144625908,1245.7952952233031,17.383607577978996,0.878501889658352,0.9016008751236771,253.04280893868622,68.69828726170657,0.9149593931721367,518.67,transient,0.0,none,0.0
2385,95.91088756240532,27.44430472650333,1447.4912884362964,2769.593964184944,1248.9977341731792,17.25310258173803,0.8802000053082183,0.8973497764527019,243.25768090709994,70.92521197029329,0.8977721890601331,518.67,transient,0.0,none,0.0
2386,95.2783679165516,27.04897994784475,1441.777899761102,2752.5159337468936,1239.729008259736,17.104796906440733,0.8796594939049681,0.900653947820923,245.32586943068702,69.72276077583993,0.88195919791379,518.67,transient,0.0,none,0.0
2387,94.69642174924056,26.68526359327535,1435.8301365955722,2736.8033872294955,1236.2737513783095,16.977368975200193,0.8797629761269602,0.9007150058109936,242.53409455283054,69.9999272535353,0.8674105437310141,518.67,transient,0.0,none,0.0
2388,94.16100542839109,26.35062839274444,1431.043124305596,2722.34714656656,1236.550412060236,16.8511880120534,0.8791499758322877,0.8986940176272125,236.1211277596172,71.36670984058965,0.8540251357097776,518.67,transient,0.0,none,0.0
2389,93.66839863289218,26.04274914555761,1425.204007381636,2709.046763088089,1231.529121271104,16.753820387272086,0.8799285545969524,0.9000315656672899,236.3305009052038,70.89148596182399,0.8417099658223044,518.67,transient,0.0,none,0.0
2390,93.21517850208494,25.759486563803087,1420.820762858251,2696.8098195562934,1227.0091635120928,16.651331619097196,0.8796516156489377,0.9012272911466422,235.88114967699534,70.5920402791777,0.8303794625521235,518.67,transient,0.0,none,0.0
2391,92.79819585213816,25.498872407586354,1417.0053806299159,2685.5512880077304,1226.151867512,16.554200419600633,0.8791497926248609,0.9003131656073323,232.0327984331733,71.34422603780446,0.8199548963034542,518.67,transient,0.0,none,0.0
2392,92.4145532940573,25.259095808785816,1412.060218223187,2675.1929389395473,1227.017241072723,16.483559714852586,0.8800679699711637,0.8984432840478639,227.6400440026792,72.41063314264069,0.8103638323514326,518.67,transient,0.0,none,0.0
2393,92.06158510128091,25.038490688300563,1409.7530329425267,2665.6627977345843,1222.519666718221,16.38930198299012,0.8786809698163315,0.9000119110162487,227.66766063602802,71.98783497490965,0.8015396275320226,518.67,transient,0.0,none,0.0
2394,91.73683868697518,24.83552417935948,1402.9907227665647,2656.89464454833,1219.8114848235762,16.36312624350011,0.881981199998687,0.9005792698118988,228.8533404315093,71.50049115580738,0.7934209671743793,518.67,transient,0.0,none,0.0
2395,91.43805756232229,24.648785976451425,1403.5380374641966,2648.8275541827015,1224.0260986660394,16.250710455404892,0.8782743651748554,0.8968895119348806,219.43697322285607,74.05639175901764,0.785951439058057,518.67,transient,0.0,none,0.0
2396,91.16316565738872,24.47697853586795,1398.130391535385,2641.4054727494954,1217.7245714344722,16.22442258605925,0.8807330535930044,0.8999037865170718,224.29112197877362,72.33644578939105,0.779079141434718,518.67,transient,0.0,none,0.0
2397,90.91025289562779,24.318908059767363,1395.0086278405138,2634.57682818195,1217.574623499935,16.176048736487907,0.8811412659695104,0.8991192820792886,222.05775223535466,72.84613382622747,0.7727563223906946,518.67,transient,0.0,none,0.0
2398,90.67756192178116,24.173476201113225,1393.2853648487555,2628.294171888091,1213.5877918389901,16.116549817232574,0.8803502124978585,0.9008461734630279,223.23141750731668,72.19660206074862,0.766939048044529,518.67,transient,0.0,none,0.0
2399,90.4634758909589,24.03967243184932,1391.7569458075864,2622.5138490558907,1214.4194150820224,16.061063557640217,0.8795525363617935,0.899573914429769,219.75892579405638,73.08492021248587,0.7615868972739728,518.67,transient,0.0,none,0.0
2400,90.26650723405075,23.916567021281715,1389.1449401666694,2617.19569531937,1211.8381659828913,16.025749015470943,0.8800252628310984,0.9005426763465604,220.60279887690086,72.64526604856682,0.7566626808512685,518.67,transient,0.0,none,0.0
2401,90.08528732140533,23.80330457587834,1387.2053886028016,2612.302757677944,1210.1903791767304,15.987208080720373,0.8799856659954881,0.9009739963377595,220.3917007732938,72.539973259545,0.7521321830351335,518.67,transient,0.0,none,0.0
2402,89.91855695295632,23.6990980955977,1385.8200013272497,2607.8010377298206,1212.8701415406945,15.946540734480982,0.8795380648107329,0.8986716047945369,215.75942203175356,73.90889623413113,0.7479639238239081,518.67,transient,0.0,none,0.0
2403,89.76515760871573,23.603223505447325,1381.7403991605486,2603.6592554353247,1210.9206518096082,15.945729299678622,0.8819769753681131,0.8993953662634576,217.50000477413454,73.31369632031802,0.744128940217893,518.67,transient,0.0,none,0.0
2404,89.62402339883936,23.515014624274595,1382.6824235510894,2599.8486317686625,1209.330062655865,15.883708455178489,0.8794315579162822,0.8999341966789278,216.2775565834005,73.44131636263168,0.7406005849709838,518.67,transient,0.0,none,0.0
2405,89.49417365732947,23.43385853583092,1380.6241219763247,2596.342688747896,1209.1308288315015,15.86481710367638,0.880067181109654,0.8996133163575117,215.5167447292236,73.6129209988255,0.7373543414332369,518.67,transient,0.0,none,0.0
2406,89.37470612791225,23.35919132994516,1379.3841434441022,2593.117065453631,1207.9588580080592,15.838904946172413,0.879982566103051,0.8999602377685718,215.4458511706008,73.51687145569758,0.7343676531978063,518.67,transient,0.0,none,0.0
2407,89.26479069474237,23.290494184213983,1377.97664697621,2590.1493487580437,1210.935166628678,15.818544470293885,0.8801748193270208,0.8976425125410127,211.46017221478036,74.80625928095324,0.7316197673685593,518.67,transient,0.0,none,0.0
2408,89.16366361437287,23.227289758983037,1375.1921762416996,2587.418917588067,1207.0019460799704,15.81924967282276,0.8818808763070078,0.8998527116864654,215.3211265122327,73.46817253403161,0.7290915903593215,518.67,transient,0.0,none,0.0
2409,89.07062220891112,23.16913888056945,1375.4210821985534,2584.9067996406,1208.3938899905909,15.78348001024836,0.880580622619447,0.898621898658466,212.2859055611235,74.35010802308692,0.726765555222778,518.67,transient,0.0,none,0.0
2410,88.98501998348678,23.11563748967924,1375.4896839022572,2582.595539554143,1206.858481682398,15.752423421112605,0.8795289997387508,0.8993276841336796,212.40046223448508,74.16379067820625,0.7246254995871696,518.67,transient,0.0,none,0.0
2411,88.90626213410528,23.066413833815805,1372.7244082048949,2580.4690776208427,1206.3090153306832,15.760759777739178,0.8814697237645085,0.8994141863931642,213.2189274581986,73.91820212972914,0.7226565533526321,518.67,transient,0.0,none,0.0
2412,88.83380141467362,23.02112588417101,1372.6040808312257,2578.5126381961877,1206.0243819684226,15.736798983960975,0.8807580799869401,0.8993495795473269,212.39706589864608,74.09141419811529,0.7208450353668404,518.67,transient,0.0,none,0.0
2413,88.76713433448049,22.979458959050305,1373.0318896088743,2576.712627030973,1205.0549488070403,15.707726502138721,0.879547381060346,0.8997544498347994,212.05120892960815,74.07515656915216,0.7191783583620123,518.67,transient,0.0,none,0.0
2414,88.70579765970916,22.941123537318223,1370.6611173775475,2575.056536812147,1207.2361684420089,15.717052920049504,0.8812838451268293,0.8981101473409699,210.19141465072994,74.77495189880213,0.717644941492729,518.67,transient,0.0,none,0.0
2415,88.64936519467386,22.90585324667116,1372.546661702235,2573.5328602561945,1207.024471515198,15.672563457425747,0.8786843364447255,0.8980526948343102,208.43693262050522,75.19091391524316,0.7162341298668464,518.67,transient,0.0,none,0.0
2416,88.59744482041437,22.873403012758978,1371.7403106224372,2572.1310101511876,1205.0227854537761,15.664792347089378,0.8789124978802385,0.899188399948808,210.05479679588012,74.57478994070092,0.7149361205103592,518.67,transient,0.0,none,0.0
2417,88.54967577007145,22.84354735629466,1371.7133158413112,2570.8412457919294,1204.6536814452227,15.64831352629259,0.8783855187459096,0.8992658522533854,209.66673393980625,74.63422180642688,0.7137418942517864,518.67,transient,0.0,none,0.0
2418,88.50572612211131,22.816078826319572,1371.6058012288286,2569.6546052970057,1204.853558942733,15.634231208867568,0.8779852855190666,0.8989820112762323,208.81431519817517,74.87145310909314,0.7126431530527829,518.67,transient,0.0,none,0.0
2419,88.46529049398066,22.790806558737916,1368.0383929530478,2568.562843337478,1202.4840994139315,15.666537761629236,0.8812004203999102,0.9004035880702811,212.53171039475967,73.71388360132221,0.7116322623495166,518.67,transient,0.0,none,0.0
2420,88.42808792016703,22.76755495010439,1368.5960891227862,2567.5583738445102,1204.42232263835,15.646151898320182,0.8801874676721725,0.898997221443721,209.6706002934023,74.62253590358286,0.7107021980041757,518.67,transient,0.0,none,0.0
2421,88.39385989991996,22.74616243744997,1369.8763971107064,2566.634217297839,1204.4492620469928,15.617384198616703,0.8784639150409553,0.8988608439244657,208.37464608556456,74.9485817588564,0.7098464974979989,518.67,transient,0.0,none,0.0
2422,88.36236860106783,22.72648037566739,1368.076382788586,2565.7839522288314,1201.2434066759433,15.629778184039658,0.879956790173104,0.9008681767797266,212.09116359932557,73.6936792593907,0.7090592150266956,518.67,transient,0.0,none,0.0
2423,88.33339520744948,22.70837200465593,1366.837313361805,2565.001670601136,1201.4524412888825,15.635739148267536,0.8809023674171353,0.9006306123624833,212.1034990778794,73.71749743047125,0.7083348801862372,518.67,transient,0.0,none,0.0
2424,88.30673839847809,22.691711499048804,1368.1173839793885,2564.2819367589086,1202.2309588499184,15.609642210320564,0.879262443135932,0.900024549832404,210.17449662958091,74.26991600142408,0.7076684599619522,518.67,transient,0.0,none,0.0
2425,88.28221295027211,22.676383093920066,1367.4377424849667,2563.619749657347,1202.444575632589,15.60986998569387,0.8796786574699628,0.8997988102365053,209.9422999578381,74.35314364389043,0.7070553237568027,518.67,transient,0.0,none,0.0
2426,88.25964844863392,22.662280280396196,1364.9132710773551,2563.010508113116,1204.687132614043,15.63486324673678,0.8820371278969599,0.8982379997629965,208.73537375892488,74.90279661363952,0.7064912112158479,518.67,transient,0.0,none,0.0
2427,88.2388881049328,22.649305065583,1366.8632319705255,2562.4499788331855,1200.0826591262407,15.602101990533718,0.8797653231840777,0.9012117489071961,211.9367466060902,73.61678538706688,0.70597220262332,518.67,transient,0.0,none,0.0
2428,88.21978766666481,22.637367291665505,1367.8350687749705,2561.9342669999496,1202.7878618446098,15.582689860362585,0.8785341085049665,0.8993562525747337,208.36539311682577,74.7854028313892,0.7054946916666202,518.67,transient,0.0,none,0.0
2429,88.20221441511937,22.626384009449605,1366.7311214890622,2561.459789208223,1202.060875498009,15.59090427665143,0.8794709615024323,0.899776710277946,209.42768491652788,74.4452877988196,0.7050553603779842,518.67,transient,0.0,none,0.0
2430,88.18604624318812,22.61627890199257,1367.5774652019106,2561.023248566079,1200.7402557054158,15.574162963148936,0.8784040428403938,0.900595286060338,210.02098378101857,74.1552709770542,0.7046511560797027,518.67,transient,0.0,none,0.0
2431,88.171170806908,22.606981754317495,1365.22815428938,2560.6216117865156,1200.794329209702,15.599579613631743,0.8806662872825132,0.9005083753250179,211.03755065546278,73.9185020162569,0.7042792701726998,518.67,transient,0.0,none,0.0
2432,88.15748474484329,22.598427965527055,1366.5524036211248,2560.252088110769,1201.3602275586463,15.577476308053084,0.8791296263257089,0.9000865107907873,209.50778824092356,74.3527314132101,0.7039371186210822,518.67,transient,0.0,none,0.0
2433,88.14489295988238,22.590558099926497,1366.4373486990123,2559.9121099168246,1201.9274020879923,15.574541116745241,0.8791005597604309,0.8996674033392285,208.79836850198484,74.5912969937655,0.7036223239970598,518.67,transient,0.0,none,0.0
2434,88.13330795845891,22.583317474036818,1363.372217876345,2559.5993148783905,1201.2207365711713,15.610458396466255,0.8821534679271709,0.9000956953775963,211.03240867604308,73.971853396366,0.7033326989614727,518.67,transient,0.0,none,0.0
2435,88.12264924260575,22.5766557766286,1366.4623171416313,2559.3115295503553,1201.0376605838433,15.566377864396504,0.8788124734240128,0.9001803353406639,209.31866958758343,74.36688707732874,0.7030662310651439,518.67,transient,0.0,none,0.0
2436,88.11284275061794,22.57052671913621,1366.5092486155474,2559.0467542666843,1203.0677091103666,15.562310170742505,0.8786482040739367,0.898800989607485,207.0947996406963,75.14582789013862,0.7028210687654485,518.67,transient,0.0,none,0.0
2437,88.10382034243744,22.564887714023403,1366.1069438217494,2558.8031492458113,1201.882164040616,15.564381162286653,0.8789588768640512,0.8995556905478044,208.3638862741853,74.69807479884274,0.7025955085609361,518.67,transient,0.0,none,0.0
2438,88.09551932618447,22.5596995788653,1364.1098444550544,2558.579021806981,1200.2964817898464,15.587517993568438,0.8809369689955892,0.9005783981980169,210.9383722680999,73.89607602431343,0.7023879831546119,518.67,transient,0.0,none,0.0
2439,88.08788202254519,22.55492626409074,1364.4205741182907,2558.37281460872,1202.7864155216446,15.580772099423232,0.8805229953282473,0.8989010754344094,208.13968630814816,74.85728635314697,0.7021970505636296,518.67,transient,0.0,none,0.0
2440,88.08085536398903,22.55053460249314,1365.3641687928987,2558.183094827704,1200.6825585388995,15.565982634944477,0.8794586856445643,0.9002720011068832,209.61260182948212,74.26071953253678,0.7020213840997256,518.67,transient,0.0,none,0.0
2441,88.07439052603092,22.546494078769324,1365.3743925096053,2558.008544202835,1201.4788428387208,15.563571376932408,0.8793716800146116,0.8997216335596989,208.70205555879767,74.57315806143406,0.701859763150773,518.67,transient,0.0,none,0.0
2442,88.06844258797608,22.542776617485053,1364.2781078033347,2557.847949875354,1201.5540735207019,15.575781897632602,0.8804413586925299,0.8996512273187988,209.14236632078888,74.47454177572993,0.7017110646994021,518.67,transient,0.0,none,0.0
2443,88.06297022079018,22.53935638799386,1364.4227275752178,2557.700195961335,1198.598921204439,15.571966495631221,0.880226059589102,0.9015927284560196,211.94506359767269,73.47171116563912,0.7015742555197544,518.67,transient,0.0,none,0.0
2444,88.05793539992598,22.536209624953734,1364.7479651349395,2557.5642557980013,1199.1961020625367,15.565948244015647,0.879828141201013,0.9011793378097193,211.08090271719362,73.74399125472246,0.7014483849981494,518.67,transient,0.0,none,0.0
2445,88.0533031411112,22.533314463194504,1363.9927182510849,2557.439184810003,1203.1611521869063,15.574171878666103,0.8805593700673073,0.8985327580065132,207.44342210940425,75.07672077667706,0.7013325785277802,518.67,transient,0.0,none,0.0
2446,88.04904125726156,22.530650785788477,1365.54221551709,2557.3241139460624,1202.183916599201,15.552449689287744,0.8788978629707365,0.8991664041169302,207.49024689979024,74.95508787359522,0.7012260314315392,518.67,transient,0.0,none,0.0
2447,88.04512013482992,22.52820008426869,1365.2593436488887,2557.2182436404073,1201.043324238584,15.55475951451672,0.8791451650830672,0.8999097102538932,208.73047961067846,74.52078653548475,0.7011280033707477,518.67,transient,0.0,none,0.0
2448,88.04151252803757,22.525945330023486,1363.805629865844,2557.120838257015,1198.9971133718602,15.57245899306775,0.8806146440480819,0.9012551584167048,211.54154714988135,73.61418691919822,0.7010378132009394,518.67,transient,0.0,none,0.0
2449,88.03819336955812,22.523870855973822,1364.0621046531817,2557.0312209780695,1201.54289611655,15.567942579908742,0.880308175088725,0.8995543204439468,208.7849948104237,74.56447046898364,0.7009548342389529,518.67,transient,0.0,none,0.0
2450,88.03513959633781,22.521962247711134,1366.329131559984,2556.948769101121,1200.7491254500749,15.537282481254366,0.8779177587563701,0.9000705895754174,208.26742371633276,74.60255763482563,0.7008784899084454,518.67,transient,0.0,none,0.0
2451,88.03232998934294,22.520206243339338,1364.2666828923843,2556.8729097122596,1200.5652971791808,15.563206964460212,0.880025770193695,0.900182928753539,209.5582874603357,74.26672146004223,0.7008082497335735,518.67,transient,0.0,none,0.0
2452,88.02974502612,22.518590641324998,1362.2429771559882,2556.80311570524,1198.9583789370545,15.588705013984624,0.8821062402977033,0.901240596546193,212.2626014128944,73.44065751677746,0.7007436256529999,518.67,transient,0.0,none,0.0
2453,88.0273667451447,22.51710421571544,1363.481298395661,2556.738902118907,1202.2646257083716,15.57170726684926,0.88078506091825,0.8990379228699285,208.20944658747896,74.7886684397234,0.7006841686286176,518.67,transient,0.0,none,0.0
2454,88.02517862101698,22.515736638135607,1364.703259577155,2556.6798227674585,1200.9467174146753,15.554990014754065,0.8794870052508033,0.8999051553930715,208.8155227906705,74.49154070000505,0.7006294655254243,518.67,transient,0.0,none,0.0
2455,88.02316544963473,22.51447840602171,1364.932834273767,2556.625467140138,1200.0394526810978,15.551284796472059,0.8792245928759896,0.9005004645249851,209.56678856903898,74.20681923247058,0.7005791362408683,518.67,transient,0.0,none,0.0
2456,88.02131324254881,22.513320776593005,1363.8232985289046,2556.575457548818,1202.423253947143,15.565111342435861,0.8803569088492157,0.8989116922069453,207.76138892667961,74.9182098889842,0.7005328310637202,518.67,transient,0.0,none,0.0
2457,88.01960912976467,22.512255706102923,1362.9983763307325,2556.5294465036463,1200.620833607291,15.575275934241988,0.8811968167090961,0.9001023103338088,210.0048551291561,74.16626594019915,0.7004902282441169,518.67,transient,0.0,none,0.0
2458,88.01804127031573,22.51127579394733,1365.7933070417491,2556.487114298525,1200.844165089646,15.538250377118922,0.8782709288532577,0.8999486571416551,208.19454076980333,74.63332285114654,0.7004510317578932,518.67,transient,0.0,none,0.0
2459,88.0165987699868,22.51037423124175,1363.8423377629294,2556.448166789644,1199.2940083808505,15.56320177336096,0.8802812064559229,0.9009727923614358,210.81920398532952,73.82250515680711,0.7004149692496701,518.67,transient,0.0,none,0.0
2460,88.0,22.5,1364.247726063198,2556.0,1199.4264986290896,15.552063097223666,0.8796625235968734,0.9008279382674472,210.191051225798,73.99012948708669,0.7,518.67,transient,0.0,none,0.0
2461,88.63964468296541,22.899777926853382,1370.9795161822558,2573.2704064400664,1206.0110620251655,15.689589351266662,0.8801871419867702,0.8986849453909624,210.17111247443052,74.65150260921544,0.7159911170741353,518.67,transient,0.0,none,0.0
2462,89.22814620087509,23.267591375546928,1379.1238725347262,2589.1599474236277,1205.394439741383,15.790662034505159,0.8785848332265175,0.9011225598701493,215.78938123775248,73.17627004596356,0.7307036550218772,518.67,transient,0.0,none,0.0
2463,89.76959373542876,23.605996084642975,1382.5540700595882,2603.7790308565764,1209.5080840922851,15.93667414074212,0.8811959841783817,0.9003229092304047,218.53725278422377,72.9242906539026,0.744239843385719,518.67,transient,0.0,none,0.0
2464,90.26774951540969,23.917343447131053,1387.7063982943184,2617.2292369160614,1211.0428277039687,16.04495932913731,0.88149570672118,0.9010566098490417,222.22624789342086,72.20100902226649,0.7566937378852421,518.67,transient,0.0,none,0.0
2465,90.72607495839645,24.203796848997783,1393.4783866163416,2629.604023876704,1216.6132176957083,16.131124166655813,0.8806836287294797,0.8990886885112663,220.87424584020204,73.03306958805123,0.7681518739599112,518.67,transient,0.0,none,0.0
2466,91.14775472229894,24.46734670143683,1396.9696626735454,2640.9893775020714,1216.6395102049596,16.234139864732818,0.8817314287510324,0.9005363014322083,225.7783301452725,71.90300262335757,0.7786938680574733,518.67,transient,0.0,none,0.0
2467,91.53571883383962,24.709824271149763,1403.2316204534407,2651.46440851367,1220.6868001270452,16.28911939543363,0.8796141612253884,0.8993317299946947,224.55166207847066,72.54063160637537,0.7883929708459906,518.67,transient,0.0,none,0.0
2468,91.89266304773926,24.93291440483704,1406.3736963635092,2661.10190228896,1224.27264232939,16.373882941257687,0.8802567837815138,0.8983289409151616,225.0315661483034,72.76260491591097,0.7973165761934816,518.67,transient,0.0,none,0.0
2469,92.22106757807188,25.138167236294926,1409.3892014587946,2669.968824607941,1224.9599503497307,16.450242443027694,0.8806996732753528,0.899046429185306,228.02940078863816,72.14088352701293,0.8055266894517971,518.67,transient,0.0,none,0.0
2470,92.52321433194338,25.32700895746461,1412.8906474571738,2678.126786962471,1225.9583637151309,16.511008793357277,0.8803706081088243,0.8994783796626419,230.01851119278354,71.78121755391695,0.8130803582985844,518.67,transient,0.0,none,0.0
2471,92.80120276524121,25.500751728275763,1416.4385255526956,2685.632474661513,1227.903412011659,16.56265719884125,0.8797355812872752,0.8992430901272349,230.63871256633377,71.81212995228492,0.8200300691310305,518.67,transient,0.0,none,0.0
2472,93.05696447062846,25.660602794142786,1418.990804792873,2692.538040706969,1225.042803288797,16.61946648090148,0.8798387705688192,0.9018893795460173,236.28530677265655,70.33643652202211,0.8264241117657115,518.67,transient,0.0,none,0.0
2473,93.29227659914606,25.80767287446629,1419.8416829605567,2698.891468176944,1228.8681322288217,16.691273345311423,0.8813850596270486,0.9003544789549954,235.82347988185688,70.7786745987865,0.8323069149786516,518.67,transient,0.0,none,0.0
2474,93.50877420868322,25.942983880427015,1423.5169216521408,2704.736903634447,1229.2913298860792,16.719593859377216,0.879974705734435,0.9008442011906929,236.9006477609493,70.57639570596933,0.8377193552170805,518.67,transient,0.0,none,0.0
2475,93.70796162511849,26.06747601569905,1424.3730886999351,2710.114963878199,1233.1690406437644,16.778603411815602,0.8811299703941076,0.8991701816177925,235.79681031172316,71.15704147835716,0.842699040627962,518.67,transient,0.0,none,0.0
2476,93.89122289507418,26.182014309421366,1427.4915144201996,2715.063018167003,1235.850610542558,16.802479597802154,0.8799225611323678,0.8981780417704319,234.37414564920147,71.69084094689862,0.8472805723768546,518.67,transient,0.0,none,0.0
2477,94.05983140291481,26.287394626821758,1427.97139310443,2719.6154478787,1230.403528638457,16.855625349592163,0.8811231021102609,0.9020650242577009,242.3527310636813,69.54997072082976,0.8514957850728703,518.67,transient,0.0,none,0.0
2478,94.21495871881257,26.38434919925785,1430.6273548894972,2723.803885407939,1238.2160459145127,16.87562376703977,0.8800800826246231,0.897874989875097,235.5691030619451,71.63767891327484,0.8553739679703141,518.67,transient,0.0,none,0.0
2479,94.35768273936073,26.473551712100452,1431.5273135529221,2727.65743396274,1237.016954891622,16.914167361508664,0.880608890516577,0.899095910833851,238.61572385102738,70.88454645205411,0.8589420684840181,518.67,transient,0.0,none,0.0
2480,94.4889951772995,26.55562198581219,1434.1787485689433,2731.202869787087,1235.2310516262082,16.925833843951466,0.8793366505583355,0.900626576389791,241.09013585493562,70.20541833422737,0.8622248794324876,518.67,transient,0.0,none,0.0
2481,94.60980845239644,26.631130282747772,1434.4445170188696,2734.4648282147036,1237.778521120527,16.96493335867728,0.8802545541255127,0.8995118912246615,240.36954261871944,70.57854823806652,0.8652452113099109,518.67,transient,0.0,none,0.0
2482,94.72096203136245,26.70060126960153,1436.5079531532424,2737.465974846786,1237.3965383375444,16.97717024141393,0.8793503943673984,0.9001258360552209,241.43076057675034,70.31900243720983,0.8680240507840612,518.67,transient,0.0,none,0.0
2483,94.82322826085618,26.764517663035114,1437.2873781940964,2740.2271630431173,1240.046927530695,17.00303174494262,0.8795905344474876,0.898890762866397,240.01676779637216,70.84101623836474,0.8705807065214046,518.67,transient,0.0,none,0.0
2484,94.9173177341071,26.823323583816936,1438.1530896649635,2742.767578820892,1238.171120444959,17.024886208844062,0.8796674368185217,0.9003395926232552,242.96694227515263,70.07079255071622,0.8729329433526775,518.67,transient,0.0,none,0.0
2485,95.00388422844702,26.877427642779384,1438.8605863730345,2745.1048741680697,1241.6037276139407,17.046154665238465,0.8798218965331803,0.8985864914017518,240.5496721645494,70.86334606840764,0.8750971057111754,518.67,transient,0.0,none,0.0
2486,95.0835292480585,26.927205780036562,1438.4387664063631,2747.2552896975794,1244.2868380368714,17.079721682153302,0.8809890646213755,0.8972611885630567,239.4057918711211,71.34214067530914,0.8770882312014625,518.67,transient,0.0,none,0.0
2487,95.15680620350508,26.973003877190678,1440.6736299824615,2749.2337674946375,1241.1631381354728,17.0763759131541,0.8795536348449716,0.8993798015454461,242.49792029663058,70.4186489198166,0.8789201550876271,518.67,transient,0.0,none,0.0
2488,95.22422425708476,27.015140160677976,1440.7247023838625,2751.0540549412885,1239.5709561565363,17.09946371807634,0.8801481788778714,0.9005616618078027,245.18037444244567,69.74238356949046,0.880605606427119,518.67,transient,0.0,none,0.0
2489,95.28625186072591,27.0539074129537,1440.3193196325103,2752.7288002396,1242.0698455570923,17.12660885837618,0.881126764808261,0.8992875951266479,243.91770915242216,70.21470035073962,0.882156296518148,518.67,transient,0.0,none,0.0
2490,95.34332001100881,27.08957500688051,1441.45367406559,2754.269640297238,1240.874871207139,17.13191339206116,0.8805865823373334,0.9001958183878814,245.4254491570042,69.80495890261767,0.8835830002752203,518.67,transient,0.0,none,0.0
2491,95.3958252439298,27.122390777456133,1444.3926069356676,2755.687281586105,1238.311250469246,17.11206092508654,0.8782884606248168,0.9019005402554341,247.22980754209436,69.2152014160872,0.8848956310982453,518.67,transient,0.0,none,0.0
2492,95.44413239021759,27.152582743885993,1444.5871086814352,2756.991574535875,1241.0829854768442,17.12654341713362,0.8785612248727598,0.9004194972723097,245.12873538601264,69.86754690413535,0.8861033097554397,518.67,transient,0.0,none,0.0
2493,95.48857711034634,27.180360693966463,1443.105923760951,2758.191581979351,1241.5830750833134,17.161532293372446,0.8803899599441978,0.9002756367823291,246.1857857566937,69.70967978765943,0.8872144277586586,518.67,transient,0.0,none,0.0
2494,95.52946822686056,27.20591764178785,1444.4425406844575,2759.295642125235,1240.8906722454556,17.158497486761732,0.8795054231178384,0.9008272526511405,246.81015384883506,69.52103557810217,0.888236705671514,518.67,transient,0.0,none,0.0
2495,95.56708987021743,27.229431168885895,1445.9403312626523,2760.311426495871,1242.6148196831537,17.1522074287378,0.878439632526057,0.8999341712113261,244.86082792960565,70.04880108331922,0.8891772467554357,518.67,transient,0.0,none,0.0
2496,95.60170345305708,27.25106465816068,1445.2336659774542,2761.2459932325414,1243.8479150042356,17.173625087860003,0.8794361253234475,0.899322702057933,244.58733788972336,70.21469400678069,0.8900425863264272,518.67,transient,0.0,none,0.0
2497,95.63354948661902,27.270968429136893,1444.505022302874,2762.1058361387136,1241.0716286225227,17.194354432433727,0.8804287477874535,0.9010774785427197,248.31017745219697,69.24546794198103,0.8908387371654757,518.67,transient,0.0,none,0.0
2498,95.66284925192579,27.28928078245362,1445.6083896733583,2762.8969298019965,1241.7426288098013,17.190279340231925,0.8796567442381631,0.9007806810899258,247.5024765029708,69.45497913038291,0.8915712312981448,518.67,transient,0.0,none,0.0
2499,95.68980633734623,27.30612896084139,1445.4617948838372,2763.6247711083483,1244.7260504306898,17.201690508169182,0.8800497406654446,0.899107267790762,245.03077185284076,70.20216431632545,0.8922451584336556,518.67,transient,0.0,none,0.0
2500,95.71460805322198,27.32163003326374,1446.0318903503548,2764.2944174369936,1243.8684721314528,17.202989621519375,0.8797420479067589,0.8997005141092084,245.98274715419416,69.93575696077454,0.8928652013305496,518.67,transient,0.0,none,0.0
2501,95.7374267333867,41.45877914893111,1446.720882763742,2764.9105218014406,1242.7709569284991,17.20203845107822,0.8793033400874946,0.9004284829286558,247.07753951260395,69.62202426417115,0.8934356683346674,518.67,transient,0.0,PR,14.122887440564424
2502,95.75842093262145,27.34901308288841,1445.9469038282814,2765.477365180779,1246.3073358359711,17.21953584017322,0.8802346461877048,0.8984093503017306,244.30414083856385,70.4840113682391,0.8939605233155363,518.67,transient,0.0,none,0.0
2503,95.777736528367,27.36108533022938,1448.1297865475738,2765.9988862659093,1243.0118739795305,17.197855494746694,0.8783484740047607,0.9004246844532058,246.71371665766844,69.70773951174289,0.8944434132091752,518.67,transient,0.0,none,0.0
2504,95.79550773434795,27.372192333967465,1447.4218251439859,2766.4787088273943,1243.322778602535,17.213355772425764,0.8791847135712054,0.9003020411551004,247.08961704118065,69.66442369594567,0.8948876933586986,518.67,transient,0.0,none,0.0
2505,95.81185803315194,27.382411270719953,1445.9003495256234,2766.9201668951023,1246.0798276847386,17.23897155618306,0.8807809315781092,0.8987290471625945,245.43944700913357,70.2371675223891,0.8952964508287982,518.67,transient,0.0,none,0.0
2506,95.82690103424406,27.391813146402534,1448.3632862867103,2767.3263279245894,1241.1827376596955,17.212131157675564,0.8785884627454238,0.9016744316823954,249.23518053987448,69.05979773959656,0.8956725258561014,518.67,transient,0.0,none,0.0
2507,95.84074126337813,27.400463289611334,1446.6382177419734,2767.7000141112094,1244.8072701161157,17.239519371418876,0.8803515707829624,0.8995807593433267,246.78154292559623,69.85740978455804,0.8960185315844533,518.67,transient,0.0,none,0.0
2508,95.85347488889013,27.40842180555633,1448.1213135606095,2768.0438220000337,1245.0360888386017,17.224651954626115,0.8790660595473537,0.8994895591510927,245.93368451616357,70.03779083175593,0.8963368722222532,518.67,transient,0.0,none,0.0
2509,95.86519038992043,27.415743993700264,1448.5087366228956,2768.3601405278514,1242.7441299356608,17.223724058593746,0.8788094276638867,0.9008834121740906,248.21457653897482,69.39046166730368,0.8966297597480105,518.67,transient,0.0,none,0.0
2510,95.87596917120793,27.422480732004953,1448.1777502075354,2768.6511676226146,1242.4509044979472,17.231841176193033,0.8792232488463937,0.9010935345882163,248.8723036543563,69.23969008670927,0.8968992292801982,518.67,transient,0.0,none,0.0
2511,95.885886128728,27.428678830455002,1447.8783582623862,2768.918925475656,1246.1282978108115,17.239242336350177,0.87959937108023,0.8989566498163827,245.5072082048688,70.21888466087121,0.8971471532182002,518.67,transient,0.0,none,0.0
2512,95.89501017010447,27.434381356315296,1447.9956983688774,2769.1652745928204,1248.8599343546834,17.24092587102259,0.8795736984119862,0.8973758332224986,242.85242830296374,70.99342589036894,0.8973752542526118,518.67,transient,0.0,none,0.0
2513,95.90340469341174,27.439627933382337,1447.7559599360707,2769.3919267221168,1244.7513905839573,17.247012148857674,0.879879231423326,0.8998298808088698,247.2473931852046,69.7560929831059,0.8975851173352934,518.67,transient,0.0,none,0.0
2514,95.91112802769406,27.44445501730879,1446.8348823221643,2769.60045674774,1247.7046567671835,17.261753240332194,0.880824742746548,0.8981136950720167,244.9244061130671,70.47788137685005,0.8977782006923516,518.67,transient,0.0,none,0.0
2515,95.91823383826284,27.44889614891427,1446.5498839551537,2769.7923136330965,1243.159020457598,17.267976079705143,0.8811618663608636,0.9008205992949977,249.76641570968275,69.13650112101806,0.8979558459565707,518.67,transient,0.0,none,0.0
2516,95.92477149958805,27.452982187242522,1446.5194242287573,2769.9688304888773,1244.6772207964173,17.270677071292123,0.8812520435636987,0.8999472786239959,248.36487337060885,69.53751888062247,0.8981192874897009,518.67,transient,0.0,none,0.0
2517,95.93078643837504,27.456741523984398,1446.829573634813,2770.1312338361263,1247.1167515661157,17.268749022922357,0.8810138968341028,0.8985287559650931,245.8412767268112,70.24348902203307,0.8982696609593759,518.67,transient,0.0,none,0.0
2518,95.93632044921034,27.460200280756467,1447.2012418376792,2770.28065212868,1245.9625165024802,17.265848718300226,0.8807130475652045,0.8992288372379,246.88360042017905,69.93517871950559,0.8984080112302587,518.67,transient,0.0,none,0.0
2519,95.94141198496987,27.463382490606172,1449.751154945516,2770.418123594187,1246.5907247099901,17.234366970406477,0.878348598167577,0.8988758594818357,244.91320026007156,70.36928573921466,0.8985352996242469,518.67,transient,0.0,none,0.0
2520,95.94609642400732,27.466310265004573,1448.044310375027,2770.5446034481974,1246.109858538637,17.258291386370303,0.8800055311386292,0.8991757007917824,246.42620641045607,70.034318337167,0.898652410600183,518.67,transient,0.0,none,0.0
2521,95.9504063159794,27.469003947487113,1447.6956825211591,2770.6609705314436,1247.803346484108,17.264359451655377,0.8803760735316958,0.898191762444996,244.9924740158831,70.46893795821708,0.8987601578994846,518.67,transient,0.0,none,0.0
2522,95.95437160801595,27.471482255009963,1450.3839561877508,2770.76803341643,1242.4337175732992,17.230675309555824,0.8778729024563842,0.9013723874341436,248.95212047539292,69.21280797549564,0.8988592902003986,518.67,transient,0.0,none,0.0
2523,95.95801985280656,27.473762408004095,1447.214218591484,2770.8665360257774,1246.5612318897493,17.27332501034195,0.8809038001294014,0.8989507031640862,246.63320107240884,70.03649522949136,0.8989504963201638,518.67,transient,0.0,none,0.0
2524,95.96137640004935,27.475860250030845,1448.204180535315,2770.9571628013327,1243.0727868065478,17.261588915862877,0.8799970003565295,0.9010195070602014,249.64169111240665,69.1454573911313,0.8990344100012337,518.67,transient,0.0,none,0.0
2525,95.96446457259253,27.47779035787033,1447.7888981242456,2771.0405434599984,1244.5682720155849,17.268096341688175,0.8804192006082906,0.9001482230961835,248.42059258063807,69.51153349367726,0.8991116143148131,518.67,transient,0.0,none,0.0
2526,95.96730582849229,27.47956614280768,1447.1041135803227,2771.117257369292,1246.0754141806,17.278033702205004,0.8810951540813126,0.8992692875247988,247.33562448912517,69.85663200718861,0.8991826457123072,518.67,transient,0.0,none,0.0
2527,95.96991991011339,27.481199943820872,1448.2524111937003,2771.1878375730616,1244.8817596499068,17.26396976499108,0.8800311784486646,0.8999821513617077,247.93674751905053,69.63054060255664,0.8992479977528349,518.67,transient,0.0,none,0.0
2528,95.97232498130828,27.482703113317676,1448.5973224314675,2771.2527744953236,1245.5266411240534,17.260316171609666,0.879727237952329,0.8996101944885793,247.13589914039085,69.84139589450973,0.899308124532707,518.67,transient,0.0,none,0.0
2529,95.97453775362793,27.484086096017453,1448.2539508943305,2771.312519347954,1244.8201041579152,17.265576737640288,0.8800728682378285,0.9000344074959855,248.0740579367465,69.59847749192153,0.8993634438406981,518.67,transient,0.0,none,0.0
2530,95.97657360244145,27.48535850152591,1449.4599564104462,2771.367487265919,1243.5304369737569,17.250555990673654,0.8789515723574655,0.9008017959099005,248.73102464565034,69.35425934601167,0.8994143400610364,518.67,transient,0.0,none,0.0
2531,95.97844667377137,27.486529171107108,1449.4021776908644,2771.418060191827,1245.2714442487495,17.251969952001183,0.8790236147922338,0.8997817665554528,247.04391890397176,69.83361512617188,0.8994611668442843,518.67,transient,0.0,none,0.0
2532,95.98016998258667,27.48760623911667,1448.698578312994,2771.46458952984,1244.3039532118844,17.261758940346827,0.8797047195272799,0.9003581036126592,248.43760583039625,69.48126425003109,0.8995042495646668,518.67,transient,0.0,none,0.0
2533,95.98175550323687,27.48859718952304,1450.6464249251178,2771.507398587395,1243.409451201915,17.236898686333326,0.8778808960597827,0.9008909098149295,248.27582822623344,69.4264069502036,0.8995438875809216,518.67,transient,0.0,none,0.0
2534,95.98321425265536,27.4895089079096,1449.1323649888886,2771.5467848216945,1242.8597872533742,17.25717076249425,0.8793230096523879,0.901219963294777,249.69832179059995,69.11208148593936,0.8995803563163839,518.67,transient,0.0,none,0.0
2535,95.98455636691018,27.490347729318863,1448.9352754012448,2771.5830219065747,1245.0198318005675,17.260215616036987,0.8795218350754839,0.899951156414266,247.65826002137658,69.69368037450951,0.8996139091727545,518.67,transient,0.0,none,0.0
2536,95.98579117163413,27.49111948227133,1446.4243428302887,2771.6163616341214,1245.4146421718235,17.293417720356977,0.8819137860400684,0.8997226617912063,248.68386127101064,69.53976680260308,0.8996447792908532,518.67,transient,0.0,none,0.0
2537,95.98692724682356,27.49182952926472,1447.1460997961574,2771.647035664236,1244.884595722888,17.284399264376386,0.8812388498846735,0.9000390450855645,248.8322540359809,69.46205318654984,0.8996731811705888,518.67,transient,0.0,none,0.0
2538,95.98797248645619,27.492482804035113,1448.0247900343695,2771.675257134317,1244.8382603231598,17.273300863950855,0.8804154188302935,0.9000699585894114,248.405471705845,69.53671650359388,0.8996993121614045,518.67,transient,0.0,none,0.0
2539,95.98893415334213,27.493083845838832,1447.5780239411113,2771.7012221402374,1246.1254720779386,17.27946988417698,0.8808478516263001,0.899314468387147,247.37757906335582,69.85059013675422,0.8997233538335533,518.67,transient,0.0,none,0.0
2540,96.0,27.5,1449.6232047145588,2772.0,1246.110630339271,17.256679771751113,0.8790159514769809,0.899361423809623,246.4331641757111,70.02580123285192,0.9,518.67,transient,0.0,none,0.0
2541,95.20044414629324,27.00027759143327,1440.5378554680183,2750.411991949917,1240.746378417769,17.093523264439877,0.8800997103763241,0.8997791812144497,243.71129075248075,70.13841341392953,0.8800111036573308,518.67,transient,0.0,none,0.0
2542,94.46481724890614,26.54051078056634,1432.5064376984026,2730.5500657204657,1233.9664789804372,16.939138147613694,0.8807102748764711,0.9013047316998215,242.89813198152706,69.73762214401037,0.8616204312226535,518.67,transient,0.0,none,0.0
2543,93.78800783071405,26.11750489419628,1427.3636269698793,2712.276211429279,1233.4686760338616,16.76778137952939,0.879024161662765,0.8992660512083861,235.14084711765292,71.30952186771538,0.8447001957678513,518.67,transient,0.0,none,0.0
2544,93.1653131057379,25.728320691086182,1421.421283112687,2695.463453854923,1225.4199659457106,16.62592525412524,0.8785637605816872,0.9020303729907592,236.32719753427205,70.35129865539135,0.8291328276434473,518.67,transient,0.0,none,0.0
2545,92.59240630200443,25.370253938752775,1413.680899683245,2679.99497015412,1224.7285956090739,16.525075517422117,0.8803046694991218,0.9004798023200516,231.946784987804,71.24511563413574,0.814810157550111,518.67,transient,0.0,none,0.0
2546,92.06530659712634,25.04081662320396,1409.8138275149292,2665.7632781224115,1222.561352477253,16.3898198727555,0.878659791614969,0.8999988300109931,227.65272117805677,71.99483400831538,0.8016326649281584,518.67,transient,0.0,none,0.0
2547,91.58035145770047,24.737719661062794,1402.8072459021544,2652.669489357913,1220.272549473412,16.310383372586926,0.8805092479844131,0.8997472423094656,225.93402244705538,72.1909130636093,0.7895087864425118,518.67,transient,0.0,none,0.0
2548,91.13417119032592,24.4588569939537,1397.477804490402,2640.6226221388,1213.75741292292,16.222722679763674,0.8810757056248264,0.9023118311256428,228.17383499038084,71.09808484591399,0.778354279758148,518.67,transient,0.0,none,0.0
2549,90.72366552741015,24.202290954631344,1395.0751353204244,2629.538969240074,1216.7741163398757,16.109438057071504,0.879052937172906,0.8989779127540233,219.78192203822266,73.29737545142537,0.7680916381852537,518.67,transient,0.0,none,0.0
2550,90.34598208507077,23.96623880316924,1390.9055931256169,2619.341516296911,1210.6056708625192,16.030775359837303,0.8791222439344715,0.9016061991600165,222.1549027708013,72.16034919731824,0.7586495521267695,518.67,transient,0.0,none,0.0
2551,89.99849654344848,23.749060339655298,1385.2147976950187,2609.959406673109,1211.4490127061908,15.982604651461184,0.8810423553170297,0.8998644721822063,218.82480272912107,73.03835969291715,0.7499624135862119,518.67,transient,0.0,none,0.0
2552,89.67879441171442,23.549246507321516,1382.6923798853245,2601.3274491162897,1210.7842808177352,15.902876716620828,0.8800365596644009,0.8991834563738033,215.70149310247808,73.7263172724794,0.7419698602928606,518.67,transient,0.0,none,0.0
2553,89.38465425106742,23.36540890691714,1378.6076236832228,2593.3856647788207,1208.535450563479,15.852543483581675,0.8808900271577432,0.8996200981758915,215.4616496100154,73.57478007002503,0.7346163562766855,518.67,transient,0.0,none,0.0
2554,89.11403223914598,23.196270149466237,1376.723786343303,2586.0788704569413,1205.579675753333,15.78177527864395,0.879739923460545,0.9006087897715293,215.0900568292672,73.37287232747865,0.7278508059786495,518.67,transient,0.0,none,0.0
2555,88.8650479686019,23.04065498037619,1373.8723032331798,2579.3562951522513,1205.5552869644562,15.731258513220714,0.8798120050619168,0.8997650340065022,212.6668259195356,73.97137962256876,0.7216261992150476,518.67,transient,0.0,none,0.0
2556,88.63597138115728,22.897482113223294,1371.1092221933159,2573.1712272912464,1202.7810673434155,15.686602458330674,0.880010575205529,0.9007953554137931,213.28437685412075,73.54782703591917,0.7158992845289317,518.67,transient,0.0,none,0.0
2557,88.42521074635648,22.765756716472804,1367.1571327595511,2567.4806901516254,1201.9990579116338,15.663916159337182,0.8816464930754838,0.9005854862322461,212.8622422151472,73.58710495732316,0.7106302686589122,518.67,transient,0.0,none,0.0
2558,88.2313016014843,22.64456350092769,1365.7777688543626,2562.2451432400762,1202.1770401795834,15.613593955015931,0.8808033142236242,0.8998001459378989,210.31395406043043,74.23945797970974,0.7057825400371075,518.67,transient,0.0,none,0.0
2559,88.0528965757991,22.533060359874433,1365.206303935064,2557.4282075465753,1199.961911699323,15.558191644651798,0.8792922021368312,0.9006539862322351,209.97304568258266,74.09613740694697,0.7013224143949773,518.67,transient,0.0,none,0.0
2560,87.88875602837562,22.430472517734763,1362.4912121246668,2552.996412766142,1202.2359789999214,15.53578910891255,0.8801712408246005,0.8985773713512503,206.5506975072941,75.21537954798686,0.6972189007093905,518.67,transient,0.0,none,0.0
2561,87.73773943450445,22.336087146565283,1361.2436351152915,2548.9189647316202,1199.4422154225604,15.498860014080876,0.8796719303765744,0.8999171029765185,207.61266084187378,74.65276901337648,0.6934434858626113,518.67,transient,0.0,none,0.0
2562,87.59879746079693,22.249248412998085,1359.8249364870958,2545.167531441517,1196.3859902583254,15.46841842194426,0.8794895421329715,0.9014817355945421,209.2337350764402,73.92889304534529,0.6899699365199234,518.67,transient,0.0,none,0.0
2563,87.47096467392977,22.169352921206105,1357.4105665451696,2541.716046196104,1195.8968036680833,15.454884331855519,0.8804798390369022,0.9013731749178887,209.00917830149444,73.94356772965224,0.6867741168482442,518.67,transient,0.0,none,0.0
2564,87.35335283236613,22.09584552022883,1356.2621930088042,2538.540526473885,1197.2239816868137,15.428430591359984,0.8802634252616521,0.9000813878364251,206.41687415103178,74.74403754448514,0.6838338208091532,518.67,transient,0.0,none,0.0
2565,87.24514471444124,22.028215446525767,1356.1547791643518,2535.6189072899133,1196.775251761042,15.391705929728609,0.8790634021823898,0.9000119295331966,205.18218611356866,75.01482570816005,0.6811286178610307,518.67,transient,0.0,none,0.0
2566,87.14558843992688,21.9659927749543,1354.0990269114898,2532.9308878780257,1198.3164701210176,15.383455004627377,0.8800130539256754,0.8986328861159658,203.1771533696205,75.71449225219604,0.678639710998172,518.67,transient,0.0,none,0.0
2567,87.05399224561864,21.908745153511653,1353.5613288539032,2530.4577906317036,1196.3001342069415,15.358198539034825,0.8794604725302296,0.8996767174014837,204.0257490190305,75.27578559509314,0.6763498061404661,518.67,transient,0.0,none,0.0
2568,86.96971967864405,21.85607479915253,1351.6792526536483,2528.182431323389,1194.71024995404,15.353066294821517,0.8804134795440557,0.9004613501119857,205.31642369975856,74.77758485250477,0.6742429919661013,518.67,transient,0.0,none,0.0
2569,86.8921851740926,21.807615733807875,1351.718923181955,2526.0889997005,1194.307631830423,15.32522985601311,0.8794186815180348,0.9004688696025419,204.44979633347185,74.95840118625794,0.672304629352315,518.67,transient,0.0,none,0.0
2570,86.82084998623898,21.763031241399368,1350.5095584208086,2524.1629496284527,1198.8798580540572,15.315877295569345,0.8798179210706515,0.8971303799751451,199.38762551302966,76.8145829319206,0.6705212496559747,518.67,transient,0.0,none,0.0
2571,86.75521844508773,21.722011528179838,1350.0295616227825,2522.390898017369,1192.7175053449973,15.299016309928964,0.8795152979680485,0.9010789886401424,204.78616679971418,74.7072741729268,0.6688804611271935,518.67,transient,0.0,none,0.0
2572,86.69483451222801,21.68427157014251,1350.4558351828312,2520.7605318301567,1193.839499073322,15.27217768598239,0.8783181942433723,0.9001126912004156,202.4475498641499,75.43770075869334,0.6673708628057003,518.67,transient,0.0,none,0.0
2573,86.63927861206707,21.649549132541924,1346.7246431781819,2519.260522525811,1194.8464869137065,15.301294050931235,0.8815852612141853,0.8992393870469896,202.6250975078263,75.51529518864379,0.665981965301677,518.67,transient,0.0,none,0.0
2574,86.5881647164243,21.617602947765185,1347.6157594941758,2517.8804473434566,1195.3884812227004,15.27165558137622,0.8800021490804277,0.8986959837427722,200.76128960310166,76.06872625478633,0.6647041179106075,518.67,transient,0.0,none,0.0
2575,86.54113766222821,21.588211038892638,1345.5375556082877,2516.610716880162,1193.3561636014297,15.282205953257678,0.8816272311416635,0.8999166673730034,203.20612690265762,75.20543886247266,0.6635284415557055,518.67,transient,0.0,none,0.0
2576,86.49787068367864,21.56116917729915,1346.5150304739896,2515.442508459323,1191.0268705593405,15.25420533384312,0.880046626842794,0.9013543004655057,204.30684102926693,74.66321370833568,0.662446767091966,518.67,transient,0.0,none,0.0
2577,86.45806314172621,21.536289463578886,1345.4699477891143,2514.367704826608,1194.1033281755165,15.253817483057162,0.8806614783946455,0.8991243712675033,201.15741079058415,75.83025364617174,0.6614515785431554,518.67,transient,0.0,none,0.0
2578,86.42143843509277,21.51339902193298,1346.2697499160806,2513.378837747505,1191.9080976506523,15.230475806299989,0.8793527220759126,0.9004949313045233,202.32769065300772,75.27627956976129,0.6605359608773191,518.67,transient,0.0,none,0.0
2579,86.38774207831722,21.492338798948264,1345.8513787062852,2512.469036114565,1195.5713366544355,15.224062764667277,0.8793758789449371,0.8978827566878795,198.3414165281705,76.75685205416993,0.6596935519579306,518.67,transient,0.0,none,0.0
2580,86.35673993347253,21.47296245842033,1344.949853336797,2511.6319782037585,1194.4811204509365,15.224904048554086,0.8799467592013609,0.8985197873388752,199.44015918933763,76.33820645971502,0.6589184983368132,518.67,transient,0.0,none,0.0
2581,86.32821658326662,21.455135364541647,1343.0498465335297,2510.861847748199,1191.9099283105065,15.239648646601774,0.8816162817535638,0.9001767876377632,202.6247809062927,75.21117890140796,0.6582054145816658,518.67,transient,0.0,none,0.0
2582,86.30197383422319,21.43873364638949,1345.104838385898,2510.153293524026,1193.061326205513,15.20358507542647,0.8790948249432564,0.8993013675853375,199.89883772477776,76.05639556723628,0.6575493458555797,518.67,transient,0.0,none,0.0
2583,86.27782933954124,21.423643337213278,1345.7458912268846,2509.501392167614,1193.5274257831934,15.186712353049913,0.8781106024121261,0.8989005381132196,198.68504687530788,76.43611128209811,0.6569457334885311,518.67,transient,0.0,none,0.0
2584,86.25561533206508,21.409759582540673,1342.7563709911647,2508.901613965757,1188.541140566943,15.217897876845015,0.8810163232025408,0.9022317861454924,205.01152298097315,74.22947576589326,0.6563903833016269,518.67,transient,0.0,none,0.0
2585,86.23517745856009,21.396985911600055,1342.7866876606795,2508.3497913811225,989.4675228550027,15.210301108112207,0.880726396513199,0.899907957461379,201.34661597619203,75.54286936667826,0.6558794364640023,518.67,transient,0.0,EGT,-202.37263821206332
2586,86.21637370719493,21.38523356699683,1343.649935282097,2507.8420900942633,1193.0108283253448,15.192410574659174,0.8795680406243461,0.8990435041864236,199.38673475613933,76.19569372676827,0.6554093426798733,518.67,transient,0.0,none,0.0
2587,86.19907342077734,21.374420887985835,1341.1156304391147,2507.3749823609883,1191.8019189562679,15.21938696949194,0.8820597658993398,0.8998112512981357,201.7380127704413,75.44134474453338,0.6549768355194334,518.67,transient,0.0,none,0.0
2588,86.18315638888734,21.364472743054588,1340.8759650325985,2506.9452224999586,1189.4099941681766,15.216906285363468,0.8821156298300625,0.9013935195096101,204.02156126046697,74.5847948194877,0.6545789097221836,518.67,transient,0.0,none,0.0
2589,86.16851201259948,21.35532000787467,1344.3128667428903,2506.549824340186,1192.3472609190515,15.166895749877064,0.8782592035686537,0.8993340476042407,198.91420289470005,76.24843037430574,0.6542128003149869,518.67,transient,0.0,none,0.0
2590,86.15503853599009,21.34689908499381,1343.1471679908218,2506.1860404717327,1191.4238428089368,15.17736053449827,0.8793309548758261,0.8999201536358943,200.276305599539,75.78210756916022,0.6538759633997524,518.67,transient,0.0,none,0.0
2591,86.14264233908999,21.339151461931245,1342.4302269259445,2505.8513431554297,1186.869122556675,15.182348717887015,0.8799396857468863,0.9029962390953982,205.06229805387233,74.03773810190322,0.6535660584772498,518.67,transient,0.0,none,0.0
2592,86.1312372873694,21.33202330460588,1343.2482691549492,2505.543406758974,1190.8546585302663,15.16765498412015,0.8789227721255253,0.9002289699356644,200.409634217352,75.68326265028877,0.6532809321842352,518.67,transient,0.0,none,0.0
2593,86.12074413323533,21.325465083272082,1341.5382748999687,2505.260091597354,1191.1392771633614,15.186272782268867,0.8806165077424678,0.8999984279955309,200.90976902681422,75.58752795262059,0.6530186033308832,518.67,transient,0.0,none,0.0
2594,86.11108996538242,21.319431228364014,1341.8974588543635,2504.9994290653253,1192.614410825277,15.17818394377594,0.8801101805777813,0.8989551911056934,199.0725585288764,76.24448118786935,0.6527772491345606,518.67,transient,0.0,none,0.0
2595,86.10220770217147,21.313879813857167,1341.7958135699216,2504.7596079586297,1190.2985650670125,15.176380784551329,0.8801064861946026,0.9005113989961744,201.31341432546157,75.38683318944564,0.6525551925542866,518.67,transient,0.0,none,0.0
2596,86.09403562551495,21.308772265946843,1341.492376231592,2504.538961888904,1190.1723293205318,15.17746118948227,0.8803276005842712,0.9005702009039122,201.47851741806375,75.33041926246337,0.6523508906378738,518.67,transient,0.0,none,0.0
2597,86.08651695203122,21.304073095019504,1340.3906280821484,2504.3359577048427,1189.599943151745,15.189189568914436,0.8814126079006362,0.9009369665419144,202.54862050893843,74.99033827408438,0.6521629238007802,518.67,transient,0.0,none,0.0
2598,86.07959943848707,21.299749649054416,1341.5611129337276,2504.1491848391506,1192.642719560029,15.171477702010701,0.8800712946134974,0.8988282416481167,198.72643158281022,76.3435320665368,0.6519899859621766,518.67,transient,0.0,none,0.0
2599,86.07323501878766,21.295771886742283,1342.1138597832305,2503.977345507267,1191.221871146057,15.162022037223018,0.8793999947252888,0.8997803688480827,199.7424910392013,75.90784493744664,0.6518308754696913,518.67,transient,0.0,none,0.0
2600,86.06737946999085,21.292112168744286,1341.2471884308177,2503.819245689753,1191.570229787079,15.171268714960204,0.8802523458313415,0.8995216672385006,199.78240575387088,75.93896298181029,0.6516844867497714,518.67,transient,0.0,none,0.0
2601,86.06199210502578,21.28874506564111,1342.2950450039712,2503.673786835696,1192.5789585720242,15.155696253111596,0.8790642668008156,0.8988118013108797,198.09803976303522,76.50603848095031,0.6515498026256443,518.67,transient,0.0,none,0.0
2602,86.05703548998008,21.285647181237547,1342.907089767151,2503.539958229462,1191.163878415194,15.145962795951627,0.8783488222409445,0.8997650492962255,199.0977797633509,76.0729869210708,0.6514258872495019,518.67,transient,0.0,none,0.0
2603,86.05247518399182,21.282796989994885,1342.6826786846934,2503.416829967779,1192.2578311436016,21.585140393404075,0.8785303345579297,0.8989994743158426,198.05120270152338,76.48165880491135,0.6513118795997954,518.67,transient,0.0,Wf,6.437855882483831
2604,86.04827949993832,21.280174687461447,1341.6251731834877,2503.3035464983345,1192.726073720697,15.159606367514845,0.8796060981271557,0.8986640826906086,198.10433212840553,76.52334608053309,0.6512069874984578,518.67,transient,0.0,none,0.0
2605,86.04441928425935,21.27776205266209,1340.8562620580806,2503.199320675002,1189.6792659357538,15.168280341111322,0.8803797521884987,0.9007402230636057,201.53269748416716,75.2646122959922,0.6511104821064836,518.67,transient,0.0,none,0.0
2606,86.04086771438465,21.275542321490402,1341.6828265689376,2503.1034282883857,1191.3783898805932,15.15624251396576,0.8794505729802246,0.89956297269239,199.3062669877204,76.04498715988476,0.6510216928596161,518.67,transient,0.0,none,0.0
2607,86.03760011235826,21.27350007022391,1340.6282728182957,2503.015203033673,1191.7660252503772,15.16885285427725,0.880537429770139,0.8992860049027653,199.45328361721806,76.05215907795554,0.6509400028089564,518.67,transient,0.0,none,0.0
2608,86.03459377336465,21.271621108352903,1341.8267991781074,2502.934031880846,1188.9655403036127,15.152153128254344,0.8792172660884027,0.9011964984781863,201.55107753592716,75.17773317561858,0.6508648443341162,518.67,transient,0.0,none,0.0
2609,86.0318278079651,21.269892379978184,1340.2363664189759,2502.859350815058,1189.8193408443608,15.171933301105815,0.8808841877387128,0.900601550002344,201.53572182478098,75.2816084599463,0.6507956951991274,518.67,transient,0.0,none,0.0
2610,86.02928299694818,21.268301873092614,1340.1675710714785,2502.7906409176007,1193.566448344213,15.171934416207039,0.8809256446213941,0.8980227212746327,197.77032144853774,76.7149201411141,0.6507320749237046,518.67,transient,0.0,none,0.0
2611,86.02694165778578,21.266838536116115,1339.7407496221595,2502.7274247602163,1190.1006294801452,15.176679372492266,0.8813538355467931,0.9003920621165837,201.4511318646634,75.33677886053323,0.6506735414446446,518.67,transient,0.0,none,0.0
2612,86.02478752176665,21.265492201104166,1340.0349577250674,2502.6692630877,1190.0971333248172,15.172081036830736,0.8810107813840058,0.9003871617791164,201.25579305923168,75.3870524977407,0.6506196880441666,518.67,transient,0.0,none,0.0
2613,86.02280562095393,21.264253513096204,1340.909181674578,2502.615751765756,1191.0530535334879,15.15997432825152,0.8800489248246801,0.899724690787638,199.7751068045862,75.8852019690348,0.6505701405238481,518.67,transient,0.0,none,0.0
2614,86.02098218418081,21.263113865113006,1340.590365081428,2502.566518972882,1191.0971346852225,15.163492328060341,0.8803671443768862,0.8996882520910955,199.8795550577878,75.86314830286858,0.6505245546045203,518.67,transient,0.0,none,0.0
2615,86.01930454136227,21.262065338351423,1340.1032723806143,2502.5212226167814,1192.946902467944,15.169257657633747,0.8808678761000651,0.8984135433554479,198.267535019979,76.50903440195175,0.6504826135340569,518.67,transient,0.0,none,0.0
2616,86.01776103545734,21.261100647160838,1341.4014200688748,2502.4795479573486,1187.6462001869675,15.151773317854337,0.8794584241382057,0.9020448232484767,202.84651705303924,74.6957529169334,0.6504440258864336,518.67,transient,0.0,none,0.0
2617,86.01634094147056,21.2602130884191,1341.4636324018231,2502.441205419705,1190.9676378527222,15.15046110244986,0.8793739195364276,0.8997613162769366,199.44758264984915,75.9621194760132,0.650408523536764,518.67,transient,0.0,none,0.0
2618,86.01503439192977,21.25939649495611,1341.6881923385379,2502.405928582104,1190.123762173842,15.147070298842845,0.87911741906665,0.9003358456728858,200.14936895815111,75.67883115339684,0.6503758597982444,518.67,transient,0.0,none,0.0
2619,86.01383230832234,21.25864519270146,1341.5369709187569,2502.3734723247035,1190.8778572566978,15.14862015390877,0.8792637351098578,0.899814389065193,199.4565738827314,75.94946538495772,0.6503458077080585,518.67,transient,0.0,none,0.0
